{
"type": "FeatureCollection",
"name": "Option 1 with updated K Line",
"crs": { "type": "name", "properties": { "name": "urn:ogc:def:crs:OGC:1.3:CRS84" } },
"features": [
{ "type": "Feature", "properties": { "OBJECTID": 2, "buffer": "1/4 mile", "Shape__Area": 540450220.7421875, "Shape__Length": 772649.93120646197, "Station_Hub": null, "TOD_Type_reconciled": null }, "geometry": { "type": "Polygon", "coordinates": [ [ [ -118.374205464113004, 34.079072600920902 ], [ -118.373798866227006, 34.078820711607698 ], [ -118.373430162174003, 34.078531245921397 ], [ -118.373104340495004, 34.0782081195103 ], [ -118.372825806067993, 34.0778557030794 ], [ -118.372598324354996, 34.077478762136401 ], [ -118.372424972836001, 34.077082394038399 ], [ -118.372308094245, 34.076671960543699 ], [ -118.372249268690993, 34.076253010469202 ], [ -118.372249289375006, 34.075831211342503 ], [ -118.372308158096999, 34.0754122648653 ], [ -118.372425075359004, 34.075001839464498 ], [ -118.372598460153, 34.074605483057802 ], [ -118.372825967047007, 34.074228555604499 ], [ -118.373104518560993, 34.073876155361397 ], [ -118.373430348333997, 34.073553046936702 ], [ -118.373799048788996, 34.073263599236903 ], [ -118.374205634983994, 34.073011726111403 ], [ -118.374644607565003, 34.0728008341923 ], [ -118.375110031904995, 34.072633774330399 ], [ -118.375595614548004, 34.072512805622601 ], [ -118.376094787745998, 34.072439563935902 ], [ -118.376600803886006, 34.072415039423703 ], [ -118.377106820026, 34.072439563935902 ], [ -118.377605993223995, 34.072512805622701 ], [ -118.378091575867998, 34.072633774330399 ], [ -118.378557000208005, 34.0728008341923 ], [ -118.378995972788005, 34.073011726111403 ], [ -118.379402558983003, 34.073263599236803 ], [ -118.379771259438002, 34.073553046936702 ], [ -118.380097089211006, 34.073876155361397 ], [ -118.380375640725006, 34.074228555604499 ], [ -118.380603147618999, 34.074605483057702 ], [ -118.380776532412995, 34.075001839464498 ], [ -118.380893449675, 34.0754122648653 ], [ -118.380952318396993, 34.075831211342503 ], [ -118.380952339081006, 34.076253010469202 ], [ -118.380893513526999, 34.076671960543699 ], [ -118.380881469805999, 34.076714253860899 ], [ -118.380678000890995, 34.0767138033005 ], [ -118.380666470682996, 34.076713652214401 ], [ -118.380654958462003, 34.076713296982199 ], [ -118.380643448038995, 34.076712810449003 ], [ -118.380631955601999, 34.0767121395548 ], [ -118.380620465863998, 34.076711299587998 ], [ -118.380607722470998, 34.076710184428599 ], [ -118.380597554735004, 34.076709135819101 ], [ -118.380586147735002, 34.076707794030597 ], [ -118.380574765915, 34.076706300256703 ], [ -118.380563409275993, 34.076704623920399 ], [ -118.380552094904999, 34.076702795598699 ], [ -118.380540821004004, 34.076700801801699 ], [ -118.380529593868005, 34.076698638032902 ], [ -118.380518407200995, 34.076696324077197 ], [ -118.380507270896004, 34.0766938446464 ], [ -118.380496196644003, 34.076691198840898 ], [ -118.380485166458996, 34.076688400150701 ], [ -118.380474203724006, 34.076685432387997 ], [ -118.380463308437001, 34.0766823036465 ], [ -118.380452478801004, 34.076679038208198 ], [ -118.380443578211, 34.076676194551901 ], [ -118.380431020976999, 34.076672005509799 ], [ -118.380420409875995, 34.076668257135502 ], [ -118.380409891406003, 34.076664340588003 ], [ -118.380399437685995, 34.076660292739497 ], [ -118.380389075696996, 34.076656095603497 ], [ -118.380378802742001, 34.0766517311936 ], [ -118.380368637705004, 34.076647238180598 ], [ -118.380358541015994, 34.076642593182299 ], [ -118.380348558541002, 34.076637798896499 ], [ -118.380338680387993, 34.076632852625202 ], [ -118.380328915549001, 34.076627761563103 ], [ -118.380319241541997, 34.076622537401299 ], [ -118.380309681748997, 34.0766171828379 ], [ -118.380300251457996, 34.076611677188303 ], [ -118.380290912896996, 34.076606046533001 ], [ -118.380281706538, 34.076600260295002 ], [ -118.380258863758002, 34.076585407091997 ], [ -118.380244900883994, 34.076576658487099 ], [ -118.380230755447002, 34.076568112229701 ], [ -118.380216451730007, 34.076559774614999 ], [ -118.380201952860006, 34.076551640247096 ], [ -118.380187295709007, 34.076543710025298 ], [ -118.380172478478997, 34.076536008231301 ], [ -118.380157492177005, 34.0765285258719 ], [ -118.380142365579999, 34.076521253953899 ], [ -118.380127085199007, 34.076514200570998 ], [ -118.380111649235005, 34.0765073738174 ], [ -118.380096079273002, 34.076500772793601 ], [ -118.380080377110005, 34.076494395700998 ], [ -118.380064521163007, 34.0764882560294 ], [ -118.380048570786997, 34.076482343886198 ], [ -118.380032469325002, 34.076476658372201 ], [ -118.380016277931006, 34.076471212977303 ], [ -118.379999957934004, 34.076465990614103 ], [ -118.379983541708995, 34.076461012866602 ], [ -118.379967018464995, 34.076456275238101 ], [ -118.379950386402996, 34.076451800211501 ], [ -118.379933682396, 34.076447530230503 ], [ -118.379916875865007, 34.076443521052802 ], [ -118.379899994691002, 34.076439773577903 ], [ -118.379872407088001, 34.076434065580798 ], [ -118.379865727823002, 34.076432558317002 ], [ -118.379859090826002, 34.076430960221799 ], [ -118.379852479011006, 34.076429249711303 ], [ -118.379845909463, 34.076427461858998 ], [ -118.379839366894998, 34.0764255831753 ], [ -118.379832885480994, 34.076423588479003 ], [ -118.379826430148, 34.076421502951099 ], [ -118.379820016183004, 34.076419345477603 ], [ -118.379813665171, 34.076417072890699 ], [ -118.379807363620998, 34.076414728358202 ], [ -118.379801089051, 34.076412288497501 ], [ -118.379794891822996, 34.076409735322201 ], [ -118.379788726970006, 34.076407107503201 ], [ -118.379782643056998, 34.076404406839103 ], [ -118.379776607706006, 34.076401595558302 ], [ -118.379770617321995, 34.076398706935898 ], [ -118.379765903076006, 34.076396337222299 ], [ -118.378814086703002, 34.076394367707103 ], [ -118.378659743255, 34.076610591706597 ], [ -118.377178909681007, 34.076597280841 ], [ -118.377164600567994, 34.077503984522501 ], [ -118.377232098285006, 34.078177367193 ], [ -118.377505556038997, 34.0786245604762 ], [ -118.377512767702001, 34.078636930651001 ], [ -118.377519979365999, 34.078649292731903 ], [ -118.377579682657995, 34.078747339519197 ], [ -118.377226185241994, 34.078896374269398 ], [ -118.377078893377998, 34.078958471557399 ], [ -118.377049481949996, 34.0789101707689 ], [ -118.376905337712998, 34.078970928067001 ], [ -118.377098843038993, 34.079645195670402 ], [ -118.376600803886006, 34.079669333474101 ], [ -118.376094745477999, 34.079644807163298 ], [ -118.375595530910999, 34.079571560080602 ], [ -118.375109913193995, 34.079450581480302 ], [ -118.374644459177006, 34.079283508128597 ], [ -118.374205464113004, 34.079072600920902 ] ] ] } },
{ "type": "Feature", "properties": { "OBJECTID": 2, "buffer": "1/4 mile", "Shape__Area": 540450220.7421875, "Shape__Length": 772649.93120646197, "Station_Hub": null, "TOD_Type_reconciled": null }, "geometry": { "type": "Polygon", "coordinates": [ [ [ -118.360966105404003, 34.087210237863303 ], [ -118.361472208777002, 34.087185713351097 ], [ -118.361978312150995, 34.087210237863303 ], [ -118.361998323866004, 34.087213173250497 ], [ -118.361511088268003, 34.0872205225103 ], [ -118.360934287389995, 34.087214905344801 ], [ -118.360966105404003, 34.087210237863303 ] ] ] } },
{ "type": "Feature", "properties": { "OBJECTID": 2, "buffer": "1/4 mile", "Shape__Area": 540450220.7421875, "Shape__Length": 772649.93120646197, "Station_Hub": null, "TOD_Type_reconciled": null }, "geometry": { "type": "Polygon", "coordinates": [ [ [ -118.363281288603005, 34.088975375914004 ], [ -118.363279497153002, 34.088728067747297 ], [ -118.362822758465995, 34.0887352110623 ], [ -118.362822556118005, 34.088706592836097 ], [ -118.362813458575999, 34.087367140782099 ], [ -118.362963238863998, 34.087404447358502 ], [ -118.363428744142993, 34.087571507220403 ], [ -118.363867794065996, 34.087782398240201 ], [ -118.364274450408004, 34.088034270466302 ], [ -118.364643214715002, 34.088323718166201 ], [ -118.364969101144993, 34.088646825691598 ], [ -118.365206372878006, 34.0889469492435 ], [ -118.364958421696002, 34.088950497069 ], [ -118.363896262105001, 34.088965885368502 ], [ -118.363698109083003, 34.0889688675204 ], [ -118.363281288603005, 34.088975375914004 ] ] ] } },
{ "type": "Feature", "properties": { "OBJECTID": 2, "buffer": "1/4 mile", "Shape__Area": 540450220.7421875, "Shape__Length": 772649.93120646197, "Station_Hub": null, "TOD_Type_reconciled": null }, "geometry": { "type": "Polygon", "coordinates": [ [ [ -118.339727643117996, 34.090497838205799 ], [ -118.339786521733004, 34.090078893527199 ], [ -118.33990345878, 34.089668468126497 ], [ -118.340076873250993, 34.089272113518398 ], [ -118.340304419714997, 34.0888951869645 ], [ -118.340583019793002, 34.088542787620703 ], [ -118.340908905324, 34.0882196800953 ], [ -118.341277669630998, 34.0879302323955 ], [ -118.341684325973006, 34.087678360169299 ], [ -118.342123374097, 34.087467469149502 ], [ -118.342588879375, 34.0873004092876 ], [ -118.343074544757002, 34.087179440579902 ], [ -118.343573804290003, 34.087106199792402 ], [ -118.344079907663996, 34.087081675280203 ], [ -118.344586011038004, 34.087106199792402 ], [ -118.345085270571005, 34.087179440579902 ], [ -118.345570935951997, 34.0873004092876 ], [ -118.346036441231007, 34.087467469149502 ], [ -118.346475489354006, 34.087678360169299 ], [ -118.346882145696995, 34.087930232395401 ], [ -118.347250910004007, 34.0882196800953 ], [ -118.347576795535005, 34.088542787620703 ], [ -118.347855395612001, 34.0888951869645 ], [ -118.347875270629004, 34.0889281093459 ], [ -118.344153475804006, 34.088898530643803 ], [ -118.343399978828003, 34.088899445254398 ], [ -118.343402476245004, 34.090181209396498 ], [ -118.343412764489997, 34.090181183316197 ], [ -118.343412836434993, 34.090222396547503 ], [ -118.343391802192002, 34.090222436117699 ], [ -118.343392461394998, 34.0905851578799 ], [ -118.343392076485003, 34.090593405562402 ], [ -118.343391003593993, 34.090813232245999 ], [ -118.343392301316001, 34.092503210356099 ], [ -118.343392128646002, 34.092640615073499 ], [ -118.343393545976994, 34.094284987663201 ], [ -118.343074461119997, 34.0942381779507 ], [ -118.342588759766002, 34.094117200249798 ], [ -118.342123225707994, 34.093950127797299 ], [ -118.341684155102001, 34.093739220589697 ], [ -118.341277486169005, 34.093487331276499 ], [ -118.340908720062998, 34.093197866489497 ], [ -118.340582841726999, 34.092874741876997 ], [ -118.340304258737007, 34.092522325446197 ], [ -118.340076738353005, 34.092145385402397 ], [ -118.339903356256997, 34.091749018203799 ], [ -118.339786457881004, 34.091338585608398 ], [ -118.339727621535005, 34.090919637332597 ], [ -118.339727643117996, 34.090497838205799 ] ] ] } },
{ "type": "Feature", "properties": { "OBJECTID": 3, "buffer": "1/2 mile", "Shape__Area": 1184751565.4638672, "Shape__Length": 1840018.9089735451, "Station_Hub": null, "TOD_Type_reconciled": null }, "geometry": { "type": "Polygon", "coordinates": [ [ [ -118.374323362534994, 34.0819427494595 ], [ -118.374320110587007, 34.080165624345298 ], [ -118.370335792865006, 34.080174272226103 ], [ -118.370311341198004, 34.080174328883302 ], [ -118.370312137097997, 34.081054542134602 ], [ -118.370011963183998, 34.080792561528597 ], [ -118.369499143672996, 34.080249884525699 ], [ -118.369050646372003, 34.079669102348298 ], [ -118.368670534420005, 34.0790554742319 ], [ -118.368362246822002, 34.078414558885903 ], [ -118.368128575975007, 34.077752160534899 ], [ -118.367971635285002, 34.077074278556303 ], [ -118.367892843882004, 34.076387052621499 ], [ -118.367892845680004, 34.076374403656899 ], [ -118.367439054971001, 34.0767704758779 ], [ -118.366812094405006, 34.077222585754903 ], [ -118.366136319538001, 34.0776230529627 ], [ -118.365417851155001, 34.077968252334202 ], [ -118.364663196750996, 34.078255054228599 ], [ -118.363879192073, 34.078480862303103 ], [ -118.363072938168003, 34.078643631499503 ], [ -118.362251739328002, 34.0787418860304 ], [ -118.361423033847998, 34.0787747373654 ], [ -118.360594328367995, 34.078741886030301 ], [ -118.359773129527994, 34.078643631499602 ], [ -118.358966875622997, 34.078480862303103 ], [ -118.358182870945001, 34.078255054228499 ], [ -118.357428216540995, 34.077968252334202 ], [ -118.356709748157996, 34.0776230529627 ], [ -118.356033973291005, 34.077222585754903 ], [ -118.355407012726005, 34.0767704758779 ], [ -118.354834542982005, 34.076270818844399 ], [ -118.354321750451007, 34.075728141841402 ], [ -118.353873278330994, 34.075147358764802 ], [ -118.353493185264, 34.074533729749 ], [ -118.353184914753996, 34.073892814403003 ], [ -118.352951255598001, 34.0732304151527 ], [ -118.352794323900994, 34.072552533173997 ], [ -118.352715536995007, 34.071865306339902 ], [ -118.352715607142002, 34.071174959757798 ], [ -118.352794532543996, 34.070487743715603 ], [ -118.352951596441002, 34.069809883320701 ], [ -118.353185374307998, 34.069147515546597 ], [ -118.353493747341005, 34.068506639770803 ], [ -118.353873921347002, 34.067893058419003 ], [ -118.354322452820995, 34.067312328402402 ], [ -118.354835278626993, 34.066769707157398 ], [ -118.355407754666004, 34.066270108579801 ], [ -118.356034695446994, 34.065818056259502 ], [ -118.356710424449005, 34.065417643011003 ], [ -118.357428821785007, 34.065072494900903 ], [ -118.358183383558, 34.064785736173903 ], [ -118.358967277619996, 34.064559963172897 ], [ -118.359773405620004, 34.064397220956103 ], [ -118.360594468662001, 34.064298982613103 ], [ -118.361423033847998, 34.064266137573298 ], [ -118.362251599033996, 34.064298982613103 ], [ -118.363072662075993, 34.064397220956103 ], [ -118.363878790076001, 34.064559963172897 ], [ -118.364662684137997, 34.064785736173903 ], [ -118.365417245911004, 34.065072494900903 ], [ -118.366135643247006, 34.065417643011003 ], [ -118.366811372249003, 34.065818056259403 ], [ -118.367438313029993, 34.066270108579801 ], [ -118.368010789069004, 34.066769707157398 ], [ -118.368523614875002, 34.067312328402402 ], [ -118.368972146350004, 34.067893058419102 ], [ -118.369352320355006, 34.068506639770803 ], [ -118.369660693387999, 34.069147515546597 ], [ -118.369894471254995, 34.069809883320602 ], [ -118.370051535152001, 34.070487743715603 ], [ -118.370130460553995, 34.071174959757798 ], [ -118.370130461453996, 34.071188691506102 ], [ -118.370585205444996, 34.070791858458598 ], [ -118.371212179501001, 34.0703398061383 ], [ -118.371887943575999, 34.069939393789099 ], [ -118.372606379583004, 34.069594245679099 ], [ -118.373360981825996, 34.069307486952098 ], [ -118.374144917256004, 34.069081714850398 ], [ -118.374951087525005, 34.068918972633703 ], [ -118.375113676856998, 34.068899520297798 ], [ -118.375821103362995, 34.070056545774101 ], [ -118.375885841959999, 34.070029120948398 ], [ -118.376050641825998, 34.069813935665699 ], [ -118.376042532639005, 34.069578733273097 ], [ -118.376196913859005, 34.069581159643903 ], [ -118.376191233740997, 34.069408366604002 ], [ -118.377264708601999, 34.069397528873999 ], [ -118.377268178186, 34.069397612510997 ], [ -118.377270753844002, 34.069397788778097 ], [ -118.377272474246993, 34.069397970441102 ], [ -118.377275031020005, 34.069398336465198 ], [ -118.377276711853, 34.069398645832003 ], [ -118.377279221861002, 34.069399196217098 ], [ -118.377280881109996, 34.0693996197978 ], [ -118.377284111475007, 34.069400618045201 ], [ -118.377287268095003, 34.069401798855097 ], [ -118.377290301507998, 34.069403168522598 ], [ -118.377293238693994, 34.069404706363201 ], [ -118.377296024794006, 34.0694064114778 ], [ -118.377298651714, 34.069408266779298 ], [ -118.377301123050998, 34.069410289354501 ], [ -118.377303419019995, 34.069412425244401 ], [ -118.377305534225002, 34.069414711321102 ], [ -118.377307447982005, 34.069417106215603 ], [ -118.377309159391999, 34.069419598236998 ], [ -118.377310669354003, 34.069422202673699 ], [ -118.377311936498998, 34.069424863767701 ], [ -118.377312982410004, 34.069427596807301 ], [ -118.377313432970993, 34.0694289943538 ], [ -118.377313978858993, 34.069431117653103 ], [ -118.377314507660998, 34.069433947819597 ], [ -118.377314742384002, 34.069436107991201 ], [ -118.377314815228999, 34.069437541510503 ], [ -118.377324565677995, 34.069713727807397 ], [ -118.377522709706994, 34.069713592909103 ], [ -118.378381414773003, 34.069708894850798 ], [ -118.378579572291997, 34.069707544069097 ], [ -118.379438348402999, 34.069707237400202 ], [ -118.379637817133997, 34.0697047453789 ], [ -118.380815817498004, 34.069700219990303 ], [ -118.381313664196, 34.069939393789198 ], [ -118.381989428272007, 34.0703398061383 ], [ -118.382616402327002, 34.070791858458598 ], [ -118.383188908942998, 34.071291457036303 ], [ -118.383701761729, 34.071834077381901 ], [ -118.383854361391997, 34.072031643147 ], [ -118.383857965874, 34.072128370629002 ], [ -118.383928970048004, 34.072128235730702 ], [ -118.384150317484995, 34.072414807398602 ], [ -118.384530512175004, 34.073028388750302 ], [ -118.384838901395995, 34.073669263626797 ], [ -118.385072690954004, 34.074331630501497 ], [ -118.385229762945002, 34.075009490896399 ], [ -118.385308692844006, 34.075696706039302 ], [ -118.385308763889995, 34.076387052621499 ], [ -118.385299325505997, 34.076469379259599 ], [ -118.384303373104004, 34.076468232624002 ], [ -118.383852828048006, 34.076468137295798 ], [ -118.383621437881004, 34.076404202692999 ], [ -118.381705762313004, 34.076400824839297 ], [ -118.381704963714995, 34.076716076786703 ], [ -118.380881469805999, 34.076714253860899 ], [ -118.380893513526999, 34.076671960543699 ], [ -118.380952339081006, 34.076253010469202 ], [ -118.380952318396993, 34.075831211342503 ], [ -118.380893449675, 34.0754122648653 ], [ -118.380776532412995, 34.075001839464498 ], [ -118.380603147618999, 34.074605483057702 ], [ -118.380375640725006, 34.074228555604499 ], [ -118.380097089211006, 34.073876155361397 ], [ -118.379771259438002, 34.073553046936702 ], [ -118.379402558983003, 34.073263599236803 ], [ -118.378995972788005, 34.073011726111403 ], [ -118.378557000208005, 34.0728008341923 ], [ -118.378091575867998, 34.072633774330399 ], [ -118.377605993223995, 34.072512805622701 ], [ -118.377106820026, 34.072439563935902 ], [ -118.376600803886006, 34.072415039423703 ], [ -118.376094787745998, 34.072439563935902 ], [ -118.375595614548004, 34.072512805622601 ], [ -118.375110031904995, 34.072633774330399 ], [ -118.374644607565003, 34.0728008341923 ], [ -118.374205634983994, 34.073011726111403 ], [ -118.373799048788996, 34.073263599236903 ], [ -118.373430348333997, 34.073553046936702 ], [ -118.373104518560993, 34.073876155361397 ], [ -118.372825967047007, 34.074228555604499 ], [ -118.372598460153, 34.074605483057802 ], [ -118.372425075359004, 34.075001839464498 ], [ -118.372308158096999, 34.0754122648653 ], [ -118.372249289375006, 34.075831211342503 ], [ -118.372249268690993, 34.076253010469202 ], [ -118.372308094245, 34.076671960543699 ], [ -118.372424972836001, 34.077082394038399 ], [ -118.372598324354996, 34.077478762136401 ], [ -118.372825806067993, 34.0778557030794 ], [ -118.373104340495004, 34.0782081195103 ], [ -118.373430162174003, 34.078531245921397 ], [ -118.373798866227006, 34.078820711607698 ], [ -118.374205464113004, 34.079072600920902 ], [ -118.374644459177006, 34.079283508128597 ], [ -118.375109913193995, 34.079450581480302 ], [ -118.375595530910999, 34.079571560080602 ], [ -118.376094745477999, 34.079644807163298 ], [ -118.376600803886006, 34.079669333474101 ], [ -118.377098843038993, 34.079645195670402 ], [ -118.377239678669994, 34.080135935026597 ], [ -118.376562129440998, 34.080160689765201 ], [ -118.375178735611996, 34.080163743862897 ], [ -118.375182005547003, 34.0819408878628 ], [ -118.374323362534994, 34.0819427494595 ] ] ] } },
{ "type": "Feature", "properties": { "OBJECTID": 3, "buffer": "1/2 mile", "Shape__Area": 1184751565.4638672, "Shape__Length": 1840018.9089735451, "Station_Hub": null, "TOD_Type_reconciled": null }, "geometry": { "type": "Polygon", "coordinates": [ [ [ -118.358482442313004, 34.075984792165599 ], [ -118.358481743539997, 34.075709995321198 ], [ -118.357557124463995, 34.075714018888 ], [ -118.357557828633006, 34.075988814833103 ], [ -118.358482442313004, 34.075984792165599 ] ] ] } },
{ "type": "Feature", "properties": { "OBJECTID": 3, "buffer": "1/2 mile", "Shape__Area": 1184751565.4638672, "Shape__Length": 1840018.9089735451, "Station_Hub": null, "TOD_Type_reconciled": null }, "geometry": { "type": "Polygon", "coordinates": [ [ [ -118.362812703146005, 34.087255853276197 ], [ -118.362812518785006, 34.087200893008003 ], [ -118.361998323866004, 34.087213173250497 ], [ -118.361978312150995, 34.087210237863303 ], [ -118.361472208777002, 34.087185713351097 ], [ -118.360966105404003, 34.087210237863303 ], [ -118.360934287389995, 34.087214905344801 ], [ -118.360528468316005, 34.087210953723698 ], [ -118.353944013607006, 34.087156190407001 ], [ -118.354370017964001, 34.0866047522087 ], [ -118.354882959782998, 34.0860621327624 ], [ -118.355455565323993, 34.085562535983399 ], [ -118.356082649097004, 34.085110485461698 ], [ -118.356758530983996, 34.084710073112497 ], [ -118.357477091096996, 34.084364925901802 ], [ -118.358231824640995, 34.0840781680742 ], [ -118.359015895869007, 34.083852396871798 ], [ -118.359822206432, 34.083689654654997 ], [ -118.360643455632996, 34.083591416311997 ], [ -118.361472208777002, 34.083558571272199 ], [ -118.362300961922003, 34.083591416311997 ], [ -118.363122211122999, 34.083689654654997 ], [ -118.363928521686006, 34.083852396871798 ], [ -118.364712592914003, 34.0840781680741 ], [ -118.365467326458003, 34.084364925901802 ], [ -118.366185886571998, 34.084710073112497 ], [ -118.366861768457994, 34.085110485461698 ], [ -118.367488852231006, 34.085562535983399 ], [ -118.368061457772001, 34.086062132762301 ], [ -118.368574399590997, 34.0866047522087 ], [ -118.368962968768002, 34.0871077322372 ], [ -118.366441921759005, 34.087145747479397 ], [ -118.366454726306998, 34.088929328826602 ], [ -118.366022091248993, 34.0889353291033 ], [ -118.365823948119001, 34.088938113404403 ], [ -118.365206372878006, 34.0889469492435 ], [ -118.364969101144993, 34.088646825691598 ], [ -118.364643214715002, 34.088323718166201 ], [ -118.364274450408004, 34.088034270466302 ], [ -118.363867794065996, 34.087782398240201 ], [ -118.363428744142993, 34.087571507220403 ], [ -118.362963238863998, 34.087404447358502 ], [ -118.362813458575999, 34.087367140782099 ], [ -118.362812703146005, 34.087255853276197 ] ] ] } },
{ "type": "Feature", "properties": { "OBJECTID": 3, "buffer": "1/2 mile", "Shape__Area": 1184751565.4638672, "Shape__Length": 1840018.9089735451, "Station_Hub": null, "TOD_Type_reconciled": null }, "geometry": { "type": "Polygon", "coordinates": [ [ [ -118.376516529316007, 34.083064348841802 ], [ -118.376632494196002, 34.0830379789208 ], [ -118.377045242546004, 34.083044910895097 ], [ -118.376990722046003, 34.086751500882201 ], [ -118.376989427921998, 34.0868833792657 ], [ -118.376963534642002, 34.088634884493501 ], [ -118.376295820397999, 34.088994194227901 ], [ -118.375769974207003, 34.089002128946298 ], [ -118.375770257493997, 34.089139561542702 ], [ -118.375395492910002, 34.089145229969603 ], [ -118.375226019267998, 34.089383476567299 ], [ -118.374846038615999, 34.088770132636697 ], [ -118.374537715944996, 34.088129218189998 ], [ -118.374304018117996, 34.087466821637697 ], [ -118.374147059441, 34.0867889405583 ], [ -118.374068259045004, 34.086101715522901 ], [ -118.374068330091006, 34.085411369840003 ], [ -118.374147268982995, 34.084724156495803 ], [ -118.374304358960998, 34.084046297000199 ], [ -118.374538175498998, 34.083383931024798 ], [ -118.374670583582997, 34.083108803229898 ], [ -118.374617954357007, 34.083098178639197 ], [ -118.376351265400999, 34.083072317734498 ], [ -118.376516529316007, 34.083064348841802 ] ] ] } },
{ "type": "Feature", "properties": { "OBJECTID": 3, "buffer": "1/2 mile", "Shape__Area": 1184751565.4638672, "Shape__Length": 1840018.9089735451, "Station_Hub": null, "TOD_Type_reconciled": null }, "geometry": { "type": "Polygon", "coordinates": [ [ [ -118.386059619557997, 34.092468423680003 ], [ -118.386052517612001, 34.0910409109105 ], [ -118.388725367484, 34.091056531235097 ], [ -118.388167176275999, 34.091458982347298 ], [ -118.387491288095006, 34.091859449555201 ], [ -118.386772699202993, 34.0922046471279 ], [ -118.386024205154996, 34.092489060422899 ], [ -118.386025936349995, 34.092487830150397 ], [ -118.386028864542993, 34.092485825561603 ], [ -118.386031836802005, 34.092483840757801 ], [ -118.386034849531001, 34.092481912611298 ], [ -118.386037906325996, 34.092480025833702 ], [ -118.386041008986993, 34.092478186720101 ], [ -118.386043864334994, 34.092475978884501 ], [ -118.386056179651007, 34.092470048754898 ], [ -118.386059619557997, 34.092468423680003 ] ] ] } },
{ "type": "Feature", "properties": { "OBJECTID": 3, "buffer": "1/2 mile", "Shape__Area": 1184751565.4638672, "Shape__Length": 1840018.9089735451, "Station_Hub": null, "TOD_Type_reconciled": null }, "geometry": { "type": "Polygon", "coordinates": [ [ [ -118.380020882460002, 34.092630933871703 ], [ -118.381193138854002, 34.0921091499185 ], [ -118.381193407751994, 34.092631398821197 ], [ -118.381194067853997, 34.092888043749397 ], [ -118.381127032389003, 34.092880024494697 ], [ -118.380320644484001, 34.092717256197602 ], [ -118.380020882460002, 34.092630933871703 ] ] ] } },
{ "type": "Feature", "properties": { "OBJECTID": 3, "buffer": "1/2 mile", "Shape__Area": 1184751565.4638672, "Shape__Length": 1840018.9089735451, "Station_Hub": null, "TOD_Type_reconciled": null }, "geometry": { "type": "Polygon", "coordinates": [ [ [ -118.357476485852999, 34.097260642865599 ], [ -118.356757853793994, 34.096915445292801 ], [ -118.356081926041995, 34.096514978984203 ], [ -118.355454822484006, 34.096062870006598 ], [ -118.354882224137, 34.095563215671 ], [ -118.354369314693997, 34.0950205395674 ], [ -118.353958407256997, 34.094488527624598 ], [ -118.358723836538005, 34.094522108309803 ], [ -118.361455243966006, 34.094541226997201 ], [ -118.361653420370999, 34.094540762946998 ], [ -118.361664454153001, 34.097183088929597 ], [ -118.363117734298001, 34.097163097000497 ], [ -118.365193025140002, 34.097134206279797 ], [ -118.365747619058993, 34.097126294044401 ], [ -118.365467931702, 34.097260642865599 ], [ -118.364713106427004, 34.097547444760004 ], [ -118.363928923683005, 34.097773251935202 ], [ -118.363122488114001, 34.097936020232297 ], [ -118.362301102215994, 34.098034274763101 ], [ -118.361472208777002, 34.098067125198803 ], [ -118.360643315339004, 34.098034274763201 ], [ -118.359821929440997, 34.097936020232297 ], [ -118.359015493871993, 34.097773251935202 ], [ -118.358231311127994, 34.097547444759897 ], [ -118.357476485852999, 34.097260642865599 ] ] ] } },
{ "type": "Feature", "properties": { "OBJECTID": 3, "buffer": "1/2 mile", "Shape__Area": 1184751565.4638672, "Shape__Length": 1840018.9089735451, "Station_Hub": null, "TOD_Type_reconciled": null }, "geometry": { "type": "Polygon", "coordinates": [ [ [ -118.329043945424004, 34.114138459823202 ], [ -118.328595270058003, 34.113557680343902 ], [ -118.328215006120004, 34.112944055824698 ], [ -118.327906596215001, 34.112303144076002 ], [ -118.327672831838001, 34.111640749322298 ], [ -118.327515828195004, 34.110962870940902 ], [ -118.327437006215007, 34.110275648603398 ], [ -118.327437076362003, 34.1095853065179 ], [ -118.327516037736999, 34.108898094972197 ], [ -118.327673172681003, 34.108220238174603 ], [ -118.327907055767994, 34.107557875796502 ], [ -118.328215568196001, 34.106917003618001 ], [ -118.328595914871997, 34.106303425863601 ], [ -118.329044648693994, 34.105722699444101 ], [ -118.329557706524994, 34.105180081796497 ], [ -118.330130440668995, 34.104680485916901 ], [ -118.330757664737007, 34.104228436294399 ], [ -118.331433698607995, 34.103828025744001 ], [ -118.332152420599996, 34.103482879432498 ], [ -118.332907323217, 34.103196123403499 ], [ -118.333691571610998, 34.102970352201098 ], [ -118.334498062937001, 34.102807610883701 ], [ -118.335319497398999, 34.102709372540701 ], [ -118.336148436702999, 34.102676527500897 ], [ -118.336977376006999, 34.102709372540701 ], [ -118.337798810468996, 34.102807610883701 ], [ -118.338605301794999, 34.102970352201098 ], [ -118.339389550190006, 34.103196123403599 ], [ -118.340144452806001, 34.103482879432498 ], [ -118.340863174798002, 34.103828025744001 ], [ -118.34153920867, 34.104228436294498 ], [ -118.342166432737002, 34.104680485916901 ], [ -118.342739166881003, 34.105180081796497 ], [ -118.343252224712003, 34.1057226994442 ], [ -118.343700958534995, 34.106303425863501 ], [ -118.344081305209997, 34.106917003618001 ], [ -118.344389817638003, 34.107557875796502 ], [ -118.344623700724995, 34.108220238174603 ], [ -118.344780835668999, 34.108898094972297 ], [ -118.344859797043995, 34.1095853065179 ], [ -118.344859867191005, 34.110275648603498 ], [ -118.344781045210993, 34.110962870940902 ], [ -118.344624041567997, 34.111640749322298 ], [ -118.344390277192005, 34.112303144076002 ], [ -118.344081867285993, 34.112944055824698 ], [ -118.343701603347995, 34.113557680343803 ], [ -118.343252927981993, 34.114138459823302 ], [ -118.342739904325001, 34.114681134128197 ], [ -118.342167176475996, 34.115180787564498 ], [ -118.341539931724995, 34.115632894743499 ], [ -118.340863851986995, 34.116033360152599 ], [ -118.340145058949005, 34.116378556826099 ], [ -118.339390063702993, 34.1166653569218 ], [ -118.338605704692, 34.116891164097098 ], [ -118.337799086561006, 34.117053931494901 ], [ -118.336977517201007, 34.117152186025699 ], [ -118.336148436702999, 34.1171850364615 ], [ -118.335319356205005, 34.117152186025699 ], [ -118.334497786846001, 34.117053931494901 ], [ -118.333691168715006, 34.116891164097098 ], [ -118.332906809703999, 34.116665356921899 ], [ -118.332151814457006, 34.116378556826099 ], [ -118.331433021419002, 34.116033360152599 ], [ -118.330756941681997, 34.115632894743499 ], [ -118.330129696930001, 34.115180787564498 ], [ -118.329556969080997, 34.114681134128197 ], [ -118.329043945424004, 34.114138459823202 ] ] ] } },
{ "type": "Feature", "properties": { "OBJECTID": 1, "buffer": null, "Shape__Area": 19644850.725585938, "Shape__Length": 18459.821738331295, "Station_Hub": "RED-Hollywood/Vine", "TOD_Type_reconciled": "Tier 1" }, "geometry": { "type": "MultiPolygon", "coordinates": [ [ [ [ -118.457727506222, 34.031654779445702 ], [ -118.459318110145006, 34.031327041311101 ], [ -118.461046779786997, 34.032803545548397 ], [ -118.461052522857997, 34.032808450450801 ], [ -118.461126809557001, 34.0328719012184 ], [ -118.461311506022994, 34.033029654895799 ], [ -118.461444090374997, 34.033142899326499 ], [ -118.461615707101004, 34.033289481625403 ], [ -118.461710767240007, 34.033370675117702 ], [ -118.461758912446001, 34.033411797517601 ], [ -118.461861547574003, 34.033499460732699 ], [ -118.461817479895004, 34.0336336135016 ], [ -118.461737013055, 34.0338514373951 ], [ -118.461648367780001, 34.034067048956402 ], [ -118.461551631304999, 34.034280235945303 ], [ -118.461446898058, 34.034490787920703 ], [ -118.461334272361, 34.034698497139097 ], [ -118.46121386483, 34.034903158555103 ], [ -118.461085794176, 34.035104570720499 ], [ -118.460950187202997, 34.035302533985899 ], [ -118.460807177910993, 34.035496852299097 ], [ -118.460656906593002, 34.0356873359029 ], [ -118.460499521637999, 34.0358737950408 ], [ -118.460335179526993, 34.0360560462507 ], [ -118.460164040340004, 34.036233909668297 ], [ -118.459986274949003, 34.036407210825303 ], [ -118.459802057820994, 34.036575776152297 ], [ -118.459611570619998, 34.036739441972898 ], [ -118.459415002203002, 34.036898044610197 ], [ -118.459212545024997, 34.037051428481803 ], [ -118.459004400534994, 34.037199442501397 ], [ -118.458790772878004, 34.0373419400796 ], [ -118.458571874295004, 34.0374787809222 ], [ -118.458347919722996, 34.0376098292314 ], [ -118.458119129495998, 34.037734956404201 ], [ -118.457885731144003, 34.037854038334302 ], [ -118.457647954891002, 34.037966958109799 ], [ -118.457406033664, 34.038073604214603 ], [ -118.457160208478996, 34.038173870528901 ], [ -118.456910720356007, 34.038267658127097 ], [ -118.456657816607006, 34.038354876177699 ], [ -118.456401745446001, 34.038435436547303 ], [ -118.456142761381003, 34.038509260994701 ], [ -118.455881118920999, 34.038576275775704 ], [ -118.455617077068993, 34.038636415239502 ], [ -118.455549382399994, 34.038649946439001 ], [ -118.455489442586, 34.0386635981477 ], [ -118.455327342485006, 34.038705117148602 ], [ -118.455063299733993, 34.0387652566124 ], [ -118.454797118393998, 34.038818461403999 ], [ -118.454529060170003, 34.038864679362597 ], [ -118.454328649849003, 34.0388938003098 ], [ -118.454142840022001, 34.038925836859001 ], [ -118.453873170213001, 34.038965021219902 ], [ -118.453602154118002, 34.038997134211499 ], [ -118.453330059736999, 34.039022144357602 ], [ -118.453057156864006, 34.039040025577798 ], [ -118.452783713499997, 34.0390507616845 ], [ -118.452509999439002, 34.039054341885503 ], [ -118.452236285378007, 34.0390507616845 ], [ -118.451962842013998, 34.039040025577798 ], [ -118.451689939141005, 34.039022144357702 ], [ -118.451417844760002, 34.038997134211598 ], [ -118.451352851655002, 34.0389894333168 ], [ -118.451327846005, 34.038987134649702 ], [ -118.451056829910996, 34.038955021658097 ], [ -118.450787160101001, 34.038915837297203 ], [ -118.450519101877006, 34.038869619338598 ], [ -118.450252919638999, 34.038816414547 ], [ -118.449988876887005, 34.038756275083202 ], [ -118.449727234426007, 34.038689260302299 ], [ -118.449468249462001, 34.038615435854801 ], [ -118.449212178302005, 34.038534875485297 ], [ -118.448959273653998, 34.038447657434602 ], [ -118.448709784631006, 34.038353868937101 ], [ -118.448463958546995, 34.038253602622802 ], [ -118.448222037318999, 34.038146957417297 ], [ -118.447984260167999, 34.0380340376419 ], [ -118.447750861814995, 34.037914955711798 ], [ -118.447522071587997, 34.037789828538898 ], [ -118.447298116116997, 34.037658780229698 ], [ -118.447079216635004, 34.037521939387197 ], [ -118.446865588978, 34.037379441809001 ], [ -118.446657443587995, 34.037231427789301 ], [ -118.446454986410998, 34.037078043917802 ], [ -118.446258417094, 34.036919441280297 ], [ -118.446067929893005, 34.036755775459802 ], [ -118.445883712764996, 34.036587209233502 ], [ -118.445705946474007, 34.036413908975902 ], [ -118.445534807287999, 34.036236045558198 ], [ -118.445370464278, 34.036053794348298 ], [ -118.445213079322002, 34.035867335210497 ], [ -118.445062808003996, 34.035676851606503 ], [ -118.444919797813, 34.035482532394099 ], [ -118.444784190839997, 34.035284570027997 ], [ -118.444656120185996, 34.035083157862601 ], [ -118.444535712654996, 34.034878496446602 ], [ -118.444423086059004, 34.034670787228201 ], [ -118.444318352812004, 34.034460235252801 ], [ -118.444221616337003, 34.034247048263801 ], [ -118.444132970162997, 34.034031436702598 ], [ -118.444052503321998, 34.033813612809098 ], [ -118.443980294957001, 34.033593792420703 ], [ -118.443916416112003, 34.033372192274001 ], [ -118.443860929739998, 34.033149030904198 ], [ -118.443813890700994, 34.032924528645196 ], [ -118.443775344857997, 34.032698906730303 ], [ -118.443745330883999, 34.032472388191302 ], [ -118.443723877557005, 34.032245196060103 ], [ -118.443711006460006, 34.032017556066499 ], [ -118.443706730184005, 34.031789691242402 ], [ -118.443711053225002, 34.031561826418297 ], [ -118.443723971086996, 34.031334188223397 ], [ -118.443745469380005, 34.031106999689399 ], [ -118.443775529218996, 34.030880484747698 ], [ -118.443814120027994, 34.030654868228801 ], [ -118.443861203134006, 34.030430372265101 ], [ -118.443916731773996, 34.030207218989098 ], [ -118.443980652887006, 34.029985626936302 ], [ -118.444052900822996, 34.029765816440502 ], [ -118.444133406334004, 34.029548003338803 ], [ -118.444222088480998, 34.0293324034688 ], [ -118.444318860929002, 34.029119229070297 ], [ -118.444423626551, 34.0289086905848 ], [ -118.444424231794997, 34.028907574526102 ], [ -118.444433628810998, 34.0288886905618 ], [ -118.444546285084996, 34.0286809957325 ], [ -118.444666721394, 34.028476349605 ], [ -118.444794818128003, 34.028274953627403 ], [ -118.444930449382994, 34.028077006549701 ], [ -118.445073480258998, 34.027882705323798 ], [ -118.445223770463002, 34.027692239706298 ], [ -118.445381170706995, 34.027505798554898 ], [ -118.445545527205994, 34.0273235653314 ], [ -118.445716676285997, 34.027145719900197 ], [ -118.445894448871996, 34.026972438528396 ], [ -118.446078671395995, 34.026803891187797 ], [ -118.446269160396, 34.0266402451524 ], [ -118.446465727912994, 34.026481661400702 ], [ -118.446668180594003, 34.026328296414903 ], [ -118.446876317890002, 34.026180301281002 ], [ -118.447089935654006, 34.026037822588599 ], [ -118.447308822546006, 34.025901000631798 ], [ -118.447532761830004, 34.025769970309 ], [ -118.447761533169995, 34.025644860223302 ], [ -118.447994910839, 34.025525795380297 ], [ -118.448232664608, 34.025412892692003 ], [ -118.448474558856006, 34.025306262774997 ], [ -118.448720357061006, 34.025206010849899 ], [ -118.448969814606997, 34.025112236741499 ], [ -118.449222685980004, 34.025025033079999 ], [ -118.449478722066999, 34.0249444853009 ], [ -118.449737670158996, 34.024870672544701 ], [ -118.449999274849006, 34.024803668555599 ], [ -118.450263277131, 34.024743538084898 ], [ -118.450290771203996, 34.024738042327897 ], [ -118.450303563161, 34.024753487284698 ], [ -118.450311564429001, 34.024763147802197 ], [ -118.450323836577994, 34.024777965931499 ], [ -118.450343510146993, 34.024801719724799 ], [ -118.450344900499005, 34.024803397859699 ], [ -118.450345482360007, 34.024804101129497 ], [ -118.450355043052994, 34.024815643928001 ], [ -118.450364270096998, 34.024826785628797 ], [ -118.452994851832997, 34.028002950077202 ], [ -118.453050083696994, 34.028069629411 ], [ -118.455453895082996, 34.029049746549703 ], [ -118.455867341306998, 34.0292182390317 ], [ -118.456203905387994, 34.029355327187702 ], [ -118.457165553150006, 34.029747409116801 ], [ -118.457727506222, 34.031654779445702 ] ] ], [ [ [ -118.453456651005993, 34.047001502418603 ], [ -118.453728770568006, 34.046976496769098 ], [ -118.454001700419994, 34.046958618246798 ], [ -118.454275168966007, 34.046947883938799 ], [ -118.454548908207997, 34.046944304637101 ], [ -118.454822647449006, 34.046947883938799 ], [ -118.455096115995005, 34.046958618246798 ], [ -118.455369045846993, 34.046976496769098 ], [ -118.45564116541, 34.047001502418603 ], [ -118.455912207584007, 34.047033610014303 ], [ -118.456181905272999, 34.047072788079902 ], [ -118.456449991376005, 34.047118997944601 ], [ -118.456716201494004, 34.047172193742902 ], [ -118.456980273922994, 34.047232323314198 ], [ -118.457241946959996, 34.0472993273033 ], [ -118.457500963401003, 34.047373140059499 ], [ -118.457757066937006, 34.0474536869392 ], [ -118.45801000486, 34.0475408906008 ], [ -118.458259528056999, 34.0476346647092 ], [ -118.458505390113999, 34.0477349157349 ], [ -118.458747349112997, 34.0478415447526 ], [ -118.458985164935996, 34.047954447440901 ], [ -118.459218603758003, 34.048073512283899 ], [ -118.459447435352999, 34.048198621470398 ], [ -118.459671433992, 34.048329651793203 ], [ -118.459890378439994, 34.048466472850599 ], [ -118.460104051963, 34.048608951543102 ], [ -118.460312245015999, 34.048756945777498 ], [ -118.460514750757, 34.048910310763397 ], [ -118.460711370436002, 34.049068893615697 ], [ -118.460901908897995, 34.049232538751802 ], [ -118.461086179985003, 34.049401085193097 ], [ -118.461263999335998, 34.049574366564897 ], [ -118.461435194280995, 34.049752211096802 ], [ -118.461599593049002, 34.049934443421002 ], [ -118.461757035561007, 34.050120883673003 ], [ -118.461907365334994, 34.050311348391197 ], [ -118.462050433982, 34.0505056496172 ], [ -118.462186100310007, 34.050703595795397 ], [ -118.462314230320004, 34.050904990873804 ], [ -118.462434699004007, 34.051109636101998 ], [ -118.462547384955997, 34.0513173300319 ], [ -118.462652178457006, 34.051527868517503 ], [ -118.462748976086004, 34.051741042016602 ], [ -118.462837682515001, 34.051956640987399 ], [ -118.462918208709993, 34.0521744531896 ], [ -118.462990476431003, 34.052394262786201 ], [ -118.463054413731996, 34.052615853939599 ], [ -118.463109956761002, 34.052839007215503 ], [ -118.463157052458001, 34.053063502279997 ], [ -118.463195653159005, 34.053289117899602 ], [ -118.463225721092002, 34.0535156310427 ], [ -118.463247225681002, 34.0537428186773 ], [ -118.463260146240998, 34.0539704568722 ], [ -118.463264470181002, 34.054198319897701 ], [ -118.463260193005993, 34.054426184721798 ], [ -118.463247318311005, 34.054653823816103 ], [ -118.463225859587993, 34.054881015047997 ], [ -118.463195837520004, 34.0551075326876 ], [ -118.463157281785001, 34.055333153703202 ], [ -118.463156111767006, 34.055338734895798 ], [ -118.461969507589004, 34.053962793749101 ], [ -118.461011955339998, 34.0528522955981 ], [ -118.459233327457994, 34.050789574580399 ], [ -118.458453633231002, 34.049885382705398 ], [ -118.456587775607005, 34.0477215949767 ], [ -118.455297288940997, 34.048493048716402 ], [ -118.454086129673001, 34.049217080305198 ], [ -118.453222487329995, 34.048214751710503 ], [ -118.453017209877999, 34.047976510508697 ], [ -118.452333601915996, 34.047183125901697 ], [ -118.452290327439002, 34.047132902362698 ], [ -118.452127701235, 34.047230010257898 ], [ -118.450057908847995, 34.048465929660097 ], [ -118.449584449963993, 34.048748439090303 ], [ -118.448733130131998, 34.049256413953501 ], [ -118.448554665068002, 34.0493633892102 ], [ -118.448187664331002, 34.049582668206703 ], [ -118.448909970120994, 34.051482898817902 ], [ -118.449106730992995, 34.052000532399802 ], [ -118.448745688265006, 34.052211920744703 ], [ -118.448404445010993, 34.052411716828402 ], [ -118.448340310758994, 34.052449257228602 ], [ -118.448330853488002, 34.052454793455098 ], [ -118.448325095128993, 34.0524581641141 ], [ -118.448623082791002, 34.052803630584201 ], [ -118.449099623650994, 34.053356097607001 ], [ -118.447253253436998, 34.054459435355803 ], [ -118.445926692265004, 34.055252149967899 ], [ -118.445788373835995, 34.055334804858497 ], [ -118.445990466788999, 34.0555692365322 ], [ -118.450246766476994, 34.060506626980398 ], [ -118.451697610359005, 34.062189634445197 ], [ -118.451767461600994, 34.062270663361602 ], [ -118.451887166760997, 34.062409524081403 ], [ -118.452027780259996, 34.062572638617503 ], [ -118.452128419792999, 34.062689382310303 ], [ -118.452678657396007, 34.063327668938001 ], [ -118.452637758928006, 34.063365080735103 ], [ -118.452447211472006, 34.063528745656299 ], [ -118.452250581002005, 34.0636873473943 ], [ -118.452048060870993, 34.063840731265898 ], [ -118.451839850731005, 34.063988744386201 ], [ -118.451626155624993, 34.064131241065098 ], [ -118.451407187794004, 34.064268081008301 ], [ -118.451183163075001, 34.0643991293176 ], [ -118.450993976293006, 34.0645025639433 ], [ -118.451014404393007, 34.064516183276403 ], [ -118.451222636118004, 34.064664177510899 ], [ -118.451425179629993, 34.064817541597399 ], [ -118.451621836181005, 34.0649761244497 ], [ -118.451812410616, 34.065139769585798 ], [ -118.451996715877996, 34.065308315127801 ], [ -118.452174568504006, 34.065481595600303 ], [ -118.452345794924994, 34.065659439232903 ], [ -118.452510225168993, 34.065841671557102 ], [ -118.452667696459002, 34.066028111809104 ], [ -118.452818054112001, 34.0662185756279 ], [ -118.452961149738996, 34.066412876853903 ], [ -118.453096841247998, 34.066610822132901 ], [ -118.453224996439005, 34.066812216311902 ], [ -118.453345486706993, 34.067016861540097 ], [ -118.453458194242003, 34.067224555469998 ], [ -118.453563007528999, 34.067435092156899 ], [ -118.453659823143994, 34.067648265656103 ], [ -118.453748545761002, 34.067863863727503 ], [ -118.453829087244998, 34.068081675929797 ], [ -118.453901368455007, 34.068301484627 ], [ -118.453965317447995, 34.068523074881099 ], [ -118.454020871268, 34.068746227257698 ], [ -118.454067975957997, 34.068970722322099 ], [ -118.454106583853999, 34.069196337042499 ], [ -118.454136657183, 34.069422850185497 ], [ -118.454158165368995, 34.069650036920798 ], [ -118.454171088627007, 34.0698776742164 ], [ -118.454175413466999, 34.070105537241901 ], [ -118.454171135392002, 34.0703334011667 ], [ -118.454158258899, 34.070561040260998 ], [ -118.454136795679005, 34.0707882305935 ], [ -118.454106768214999, 34.071014747333798 ], [ -118.454068205286006, 34.071240367450102 ], [ -118.454021144661994, 34.071464868809798 ], [ -118.453965633110002, 34.071688028380997 ], [ -118.453901726385993, 34.071909627628401 ], [ -118.453829484745, 34.072129447117497 ], [ -118.453748981931994, 34.072347269212301 ], [ -118.453660297086998, 34.0725628789748 ], [ -118.453563516545003, 34.072776065064502 ], [ -118.453458735634001, 34.072986616140597 ], [ -118.453346058676004, 34.073194324459699 ], [ -118.453225597186005, 34.073398984077002 ], [ -118.453097468975002, 34.073600394443801 ], [ -118.452961800848996, 34.073798355910597 ], [ -118.452818726805006, 34.073992674223703 ], [ -118.452668387138004, 34.074183156029001 ], [ -118.452510932036006, 34.074369614267397 ], [ -118.452346514382, 34.074551864578098 ], [ -118.452175298753005, 34.074729727096397 ], [ -118.451997452423001, 34.074903026454699 ], [ -118.451813152556994, 34.075071590882402 ], [ -118.451622579021006, 34.075235255803598 ], [ -118.451425921571001, 34.075393857541599 ], [ -118.451223372662994, 34.075547240513899 ], [ -118.451015134643001, 34.075695253634201 ], [ -118.450801410758999, 34.075837750312999 ], [ -118.450715049761996, 34.075891712333799 ], [ -118.450714583912998, 34.075891492899203 ], [ -118.450677203591994, 34.075873385949201 ], [ -118.450640217173998, 34.0758547834726 ], [ -118.450603657035003, 34.075835629711698 ], [ -118.450567457524002, 34.075815924666301 ], [ -118.450531717567003, 34.075795724094498 ], [ -118.450496403887996, 34.075774971339001 ], [ -118.450461516488005, 34.075753750936002 ], [ -118.450427089540995, 34.0757320062283 ], [ -118.450393088872005, 34.0757097650947 ], [ -118.450359613407997, 34.075687027535402 ], [ -118.450326565121003, 34.075663820530103 ], [ -118.450294042937998, 34.075640144977903 ], [ -118.450262012683993, 34.075616000878902 ], [ -118.450230508532997, 34.075591359454798 ], [ -118.450199498109995, 34.075566304342601 ], [ -118.450169046167005, 34.075540780683703 ], [ -118.450139120326, 34.075514814558197 ], [ -118.450109753863998, 34.075488433845301 ], [ -118.450080945880998, 34.075461639444299 ], [ -118.450052697276007, 34.075434403476102 ], [ -118.450052033576995, 34.075433746071703 ], [ -118.450025008050005, 34.075406779900099 ], [ -118.449997910576997, 34.075378742636097 ], [ -118.449971405758006, 34.075350318663403 ], [ -118.449945526866998, 34.075321534062702 ], [ -118.449920239728996, 34.0752923636528 ], [ -118.449895545244999, 34.075262833514103 ], [ -118.449871509963998, 34.075232943646498 ], [ -118.449848066436999, 34.075202721029903 ], [ -118.449825282112997, 34.0751721395837 ], [ -118.449803156092997, 34.075141253267397 ], [ -118.449781656000994, 34.075110062080903 ], [ -118.449779557881996, 34.075106828118798 ], [ -118.449760847486999, 34.075078539044497 ], [ -118.449740664901995, 34.075046711137901 ], [ -118.449558621435003, 34.074753364877097 ], [ -118.449331378042999, 34.074387119571 ], [ -118.449149537823004, 34.074094128542399 ], [ -118.449070226611994, 34.073966262034503 ], [ -118.449063498784, 34.073955679712 ], [ -118.449056540729003, 34.073945154046797 ], [ -118.449049385723001, 34.073934765977803 ], [ -118.449041999591003, 34.073924461545801 ], [ -118.449034415607997, 34.073914267730402 ], [ -118.449026601398998, 34.0739041845316 ], [ -118.449018590237998, 34.073894238929199 ], [ -118.449010347051995, 34.073884377862903 ], [ -118.449001941088994, 34.073874681372601 ], [ -118.448993304, 34.073865068519197 ], [ -118.448984469059994, 34.073855593262103 ], [ -118.448975437168997, 34.073846256500701 ], [ -118.448966207427006, 34.073837030355797 ], [ -118.448956780732999, 34.073827969686199 ], [ -118.448947189462999, 34.073819019633198 ], [ -118.448937400342999, 34.073810235954802 ], [ -118.448927415170004, 34.073801589872701 ], [ -118.448917264521995, 34.073793081386803 ], [ -118.448906950197994, 34.073784711396499 ], [ -118.448896438022004, 34.073776505982103 ], [ -118.448885762169994, 34.073768466942298 ], [ -118.448874921742004, 34.0737605663982 ], [ -118.448863916738006, 34.073752830429903 ], [ -118.448852748058002, 34.073745259936899 ], [ -118.448841414802004, 34.073737827939603 ], [ -118.448840089200999, 34.073737008657098 ], [ -118.448829950244004, 34.073730589296403 ], [ -118.448818321111006, 34.073723515229197 ], [ -118.448806528301006, 34.073716606637198 ], [ -118.448794605089006, 34.073709863520499 ], [ -118.448782549677006, 34.073703285879098 ], [ -118.448770362963998, 34.073696901591902 ], [ -118.448758045849004, 34.073690709759603 ], [ -118.448745597433003, 34.073684682503298 ], [ -118.448733017717004, 34.073678821621499 ], [ -118.448720306699002, 34.073673153194598 ], [ -118.448707498554, 34.073667677222701 ], [ -118.448694558208999, 34.073662394605002 ], [ -118.448681520738006, 34.073657277462502 ], [ -118.448668384341005, 34.073652379754698 ], [ -118.448655150817004, 34.073647647522101 ], [ -118.448641818366994, 34.0736431356233 ], [ -118.448628355516007, 34.073638789199897 ], [ -118.448614860289993, 34.073634662211099 ], [ -118.448601234660998, 34.0736307006975 ], [ -118.448587543382999, 34.0736269873967 ], [ -118.448573787352004, 34.073623438671902 ], [ -118.448559933295996, 34.073620082402002 ], [ -118.448546047763998, 34.073616946466103 ], [ -118.448532063306004, 34.073614002985003 ], [ -118.448518048270998, 34.073611279837898 ], [ -118.448503966686999, 34.073608749145599 ], [ -118.448489821250007, 34.073606410908297 ], [ -118.448475643438002, 34.073604293004898 ], [ -118.448461434150005, 34.073602367556397 ], [ -118.448447159211, 34.0736006615425 ], [ -118.448432886071004, 34.073599175862398 ], [ -118.448418548180001, 34.073597882637401 ], [ -118.448404210288004, 34.073596781867202 ], [ -118.448389808545002, 34.0735959005316 ], [ -118.448375440975994, 34.073595239529901 ], [ -118.448361041031006, 34.0735947709831 ], [ -118.448346641986006, 34.073594521870803 ], [ -118.448332243839999, 34.0735944930925 ], [ -118.448317815116994, 34.073594656769103 ], [ -118.448303419669003, 34.073595039880402 ], [ -118.448292029754995, 34.073595521916999 ], [ -118.448289025120005, 34.073595642426099 ], [ -118.448274664745995, 34.073596438326099 ], [ -118.448260306169999, 34.073597425781699 ], [ -118.448245947594998, 34.073598632672002 ], [ -118.448231657367003, 34.073600059896002 ], [ -118.448217400415004, 34.073601706554697 ], [ -118.448203145261004, 34.073603545668199 ], [ -118.448188956657006, 34.0736055763374 ], [ -118.448174802227001, 34.073607827340503 ], [ -118.448161276424003, 34.073610158383303 ], [ -118.447823891262004, 34.073671231343397 ], [ -118.447822768907997, 34.073671428295 ], [ -118.447821647452997, 34.073671652226103 ], [ -118.447820525999006, 34.073671903136898 ], [ -118.447819437819007, 34.073672154947197 ], [ -118.447818316364007, 34.073672433737002 ], [ -118.447817228185002, 34.073672739506399 ], [ -118.447816140903996, 34.073673046175301 ], [ -118.447815052725005, 34.073673379823703 ], [ -118.447813964545006, 34.073673713472203 ], [ -118.447812909640007, 34.073674074999701 ], [ -118.447811854734994, 34.0736744356279 ], [ -118.447810800729997, 34.073674825034303 ], [ -118.447809745824998, 34.073675213541399 ], [ -118.447808691820001, 34.073675629028202 ], [ -118.447807670190002, 34.073676072393901 ], [ -118.447806648560004, 34.073676516659098 ], [ -118.447805627829993, 34.073676987004497 ], [ -118.447804639474995, 34.0736774582492 ], [ -118.447803652019005, 34.073677956473702 ], [ -118.447802663664007, 34.073678454697998 ], [ -118.447801708583995, 34.073678979902198 ], [ -118.447800754403005, 34.073679506005597 ], [ -118.447799799322993, 34.073680059088602 ], [ -118.447798877517997, 34.0736806121716 ], [ -118.447797923338001, 34.073681192234403 ], [ -118.447797034806996, 34.073681773196498 ], [ -118.447796146277, 34.073682381138099 ], [ -118.447795257747003, 34.073682988180501 ], [ -118.447794370116, 34.073683624001198 ], [ -118.447793514861004, 34.073684258922498 ], [ -118.447792659605994, 34.073684893843897 ], [ -118.447791837625005, 34.0736855566442 ], [ -118.447791015644995, 34.073686246424302 ], [ -118.44779022694, 34.073686937103602 ], [ -118.447789404958996, 34.073687626883697 ], [ -118.447788649529002, 34.073688343643298 ], [ -118.447787894097999, 34.073689061302296 ], [ -118.447787137768003, 34.073689805941001 ], [ -118.447786415612995, 34.073690550579599 ], [ -118.447785693457007, 34.073691295218303 ], [ -118.447785003676998, 34.073692039856901 ], [ -118.447784314795996, 34.073692839354202 ], [ -118.447783658291002, 34.073693610972498 ], [ -118.447783001785993, 34.073694410469798 ], [ -118.447782378555999, 34.0736952090678 ], [ -118.447781756224998, 34.073696008565101 ], [ -118.447781166270005, 34.073696835042099 ], [ -118.447780576314997, 34.073697661518999 ], [ -118.447780018735003, 34.073698515874902 ], [ -118.447779462054996, 34.073699342352 ], [ -118.447778938648995, 34.073700195808499 ], [ -118.447778447619001, 34.073701049265097 ], [ -118.447777956590002, 34.073701930600798 ], [ -118.447777466459002, 34.0737028119364 ], [ -118.447777008703994, 34.073703693272002 ], [ -118.447776584224002, 34.073704573708298 ], [ -118.447776159743995, 34.0737054550439 ], [ -118.447775768539003, 34.0737063633592 ], [ -118.447775376435004, 34.073707270775103 ], [ -118.447775018504004, 34.073708179090303 ], [ -118.447774692950006, 34.073709087405597 ], [ -118.447774368295001, 34.073710022700602 ], [ -118.447774042739994, 34.073710957995502 ], [ -118.447773783735002, 34.073711866310703 ], [ -118.447773620958003, 34.073712416695798 ], [ -118.447626520650005, 34.073732966204503 ], [ -118.447626355173995, 34.073732829507598 ], [ -118.447625525999001, 34.073732173002497 ], [ -118.447624663549007, 34.073731516497503 ], [ -118.447623834374994, 34.073730859992402 ], [ -118.447622939549007, 34.073730231366198 ], [ -118.447622077999, 34.073729602740102 ], [ -118.447621183172998, 34.073729001093703 ], [ -118.447620288348006, 34.073728400346504 ], [ -118.447619360247003, 34.073727826579002 ], [ -118.447618433046003, 34.073727252811601 ], [ -118.447617472570002, 34.073726706923203 ], [ -118.447616544469994, 34.073726161034699 ], [ -118.447615583993993, 34.073725642125801 ], [ -118.447614591142994, 34.073725124116301 ], [ -118.447613597392007, 34.073724633086499 ], [ -118.447612604539998, 34.073724169036403 ], [ -118.447611610788996, 34.0737236789058 ], [ -118.447610585562003, 34.073723242734602 ], [ -118.447609559436003, 34.073722779583797 ], [ -118.447608533308994, 34.073722371291502 ], [ -118.447607473907993, 34.0737219629994 ], [ -118.447606448681, 34.073721581686797 ], [ -118.447605390179007, 34.0737212012735 ], [ -118.447604298401998, 34.073720819960997 ], [ -118.447603239900005, 34.073720467426803 ], [ -118.447602148122996, 34.073720140972902 ], [ -118.447601056346002, 34.073719843297297 ], [ -118.447599965468001, 34.073719517742703 ], [ -118.447598873691007, 34.073719247046803 ], [ -118.447597749539, 34.073718976350797 ], [ -118.447596658660999, 34.073718732634497 ], [ -118.447595534507997, 34.073718489817601 ], [ -118.447594411254997, 34.073718273980397 ], [ -118.447593287103004, 34.073718058143001 ], [ -118.447592162950002, 34.073717870184701 ], [ -118.447591039697002, 34.0737177092061 ], [ -118.447589883169002, 34.073717549126698 ], [ -118.447588759915007, 34.073717416027101 ], [ -118.447587603387007, 34.073717282028099 ], [ -118.447586446859006, 34.073717204686403 ], [ -118.447585323606006, 34.073717098566398 ], [ -118.447584167976999, 34.073717020325397 ], [ -118.447583011448998, 34.0737169699633 ], [ -118.447581855820005, 34.073716946580902 ], [ -118.447580699292004, 34.073716923198603 ], [ -118.447579543662997, 34.073716899816198 ], [ -118.447578388034003, 34.0737169321919 ], [ -118.447577232404996, 34.073716963668097 ], [ -118.447576110051997, 34.073716995144402 ], [ -118.447574954423004, 34.0737170823786 ], [ -118.447573799693004, 34.073717140834503 ], [ -118.447572644063996, 34.0737172550484 ], [ -118.447571521710003, 34.073717342282599 ], [ -118.447570366980997, 34.073717483476301 ], [ -118.447569212250997, 34.073717625569103 ], [ -118.447568089897999, 34.073717794641702 ], [ -118.447566506190995, 34.0737180473511 ], [ -118.447551330132001, 34.073720577144101 ], [ -118.447525825358994, 34.073724545852301 ], [ -118.447500253135999, 34.073728130550002 ], [ -118.447474612565003, 34.0737313303378 ], [ -118.447448903646006, 34.073734173994097 ], [ -118.447423126377998, 34.073736632740498 ], [ -118.447397314935998, 34.073738733556901 ], [ -118.447371468420997, 34.073740451261898 ], [ -118.447345585931998, 34.073741783157899 ], [ -118.447319669269007, 34.0737427589223 ], [ -118.447293750808001, 34.073743348877599 ], [ -118.447267829648993, 34.0737435548224 ], [ -118.447076932357007, 34.073743740082598 ], [ -118.446440970476999, 34.073744333635197 ], [ -118.446241257129998, 34.073744521593497 ], [ -118.445937458949004, 34.073744791390197 ], [ -118.445934684540006, 34.073744747323403 ], [ -118.445909188759998, 34.073744236508503 ], [ -118.445894759138, 34.073744344427098 ], [ -118.445880363689994, 34.073744700558599 ], [ -118.445865969140996, 34.073745220366703 ], [ -118.445851608767001, 34.073745988387799 ], [ -118.445837249291998, 34.073746947964501 ], [ -118.445822890716002, 34.073748099996003 ], [ -118.445808567214002, 34.073749471462101 ], [ -118.445794310260993, 34.073751063262101 ], [ -118.445780054208001, 34.073752846617701 ], [ -118.445765832329002, 34.073754850307303 ], [ -118.445751677900006, 34.073757046451703 ], [ -118.445737557643994, 34.073759461131402 ], [ -118.445723503939007, 34.073762069165298 ], [ -118.445709485307006, 34.073764895734499 ], [ -118.445695565600005, 34.073767914758598 ], [ -118.445681680966999, 34.073771126237602 ], [ -118.445667862883994, 34.073774557151303 ], [ -118.445654145524998, 34.073778179620497 ], [ -118.445640494714993, 34.073781994544603 ], [ -118.445626911355006, 34.073786001923601 ], [ -118.445613427820007, 34.073790228737302 ], [ -118.445600011733006, 34.073794647106403 ], [ -118.445586728747003, 34.073799257930602 ], [ -118.445573512310006, 34.073804032431298 ], [ -118.445560395697996, 34.073809027266002 ], [ -118.445547413084995, 34.073814213656199 ], [ -118.445534530296001, 34.073819592501401 ], [ -118.445521747333004, 34.0738251350231 ], [ -118.445514104894002, 34.073828598312303 ], [ -118.445509097468999, 34.073830869999803 ], [ -118.445496580704997, 34.073836796532099 ], [ -118.445484163765002, 34.073842887640303 ], [ -118.445471913199995, 34.073849170304101 ], [ -118.445459762460004, 34.073855618443197 ], [ -118.445447744820001, 34.073862257238503 ], [ -118.445435893554006, 34.073869060609802 ], [ -118.445424175387998, 34.073876028557002 ], [ -118.445412622695997, 34.073883188059803 ], [ -118.445401203105007, 34.073890485158898 ], [ -118.445389948989003, 34.073897972914303 ], [ -118.445378828871995, 34.0739056261448 ], [ -118.445367874230001, 34.073913415173102 ], [ -118.445357118337995, 34.073921368777299 ], [ -118.445346495546005, 34.073929486957503 ], [ -118.445336071504997, 34.073937768814098 ], [ -118.445325813837002, 34.073946188267101 ], [ -118.445315721645002, 34.073954743517803 ], [ -118.445305828203004, 34.073963463344299 ], [ -118.445296101135995, 34.0739722928882 ], [ -118.445286572819001, 34.073981286108598 ], [ -118.445277243251994, 34.073990416026 ], [ -118.445268079160996, 34.073999682640398 ], [ -118.445259147094006, 34.074009085951701 ], [ -118.445250381402005, 34.074018598080997 ], [ -118.445241813560997, 34.074028246907197 ], [ -118.445233478643999, 34.0740380333297 ], [ -118.445225341577995, 34.074047900691198 ], [ -118.445217403263001, 34.0740579317293 ], [ -118.445209664596007, 34.074068045505101 ], [ -118.445202157056002, 34.074078267199397 ], [ -118.445194880640997, 34.074088598611098 ], [ -118.445187803875996, 34.074099066719697 ], [ -118.445180924962003, 34.074109589686998 ], [ -118.445174311347003, 34.074120248451898 ], [ -118.445167896482999, 34.074130988155702 ], [ -118.445161712745005, 34.074141810597197 ], [ -118.445155761031998, 34.0741527418567 ], [ -118.445150040444005, 34.074163727075501 ], [ -118.445144518606995, 34.074174821112301 ], [ -118.445139262069006, 34.074185969108399 ], [ -118.445134236658006, 34.074197226821703 ], [ -118.445129475646993, 34.074208510615399 ], [ -118.445124912487003, 34.074219904126402 ], [ -118.445120614627001, 34.074231350697403 ], [ -118.445116515517, 34.074242824248103 ], [ -118.445112679907993, 34.074254407516001 ], [ -118.445109109599997, 34.074266016864399 ], [ -118.445105770417001, 34.074277680171903 ], [ -118.44510266236, 34.074289397438903 ], [ -118.445099819603001, 34.074301141685503 ], [ -118.445097336575003, 34.074312389506296 ], [ -118.444681467577993, 34.076283087395701 ], [ -118.444680081723007, 34.076289604782602 ], [ -118.444675756883001, 34.076308443780803 ], [ -118.444671035441999, 34.0763272288197 ], [ -118.444665950675002, 34.076345933818899 ], [ -118.444660436031995, 34.076364556979897 ], [ -118.444654557164, 34.076383099201799 ], [ -118.444648281694995, 34.076401560484797 ], [ -118.444641609624995, 34.076419913849101 ], [ -118.444634540953004, 34.076438186274402 ], [ -118.444627141332006, 34.076456348982397 ], [ -118.444619311834003, 34.076474403771797 ], [ -118.444611118110998, 34.076492322763599 ], [ -118.444602561061004, 34.076510133836798 ], [ -118.444593639787001, 34.0765278351926 ], [ -118.444584321910995, 34.076545373771097 ], [ -118.44457463981, 34.076562775652697 ], [ -118.444564626757995, 34.076580069615702 ], [ -118.444563644699002, 34.076581804407901 ], [ -118.444562730087995, 34.076583566179799 ], [ -118.444561489023997, 34.076586236266898 ], [ -118.444560772263998, 34.076588052897499 ], [ -118.444560122054, 34.076589895608301 ], [ -118.444559537494996, 34.076591767097497 ], [ -118.444559051861006, 34.076593636788097 ], [ -118.444558472696997, 34.0765964696525 ], [ -118.444558185814003, 34.076598394201703 ], [ -118.444557964580994, 34.076600290871902 ], [ -118.444557842272999, 34.076602214521699 ], [ -118.444557786515006, 34.076604111191898 ], [ -118.444557796406997, 34.076606034841703 ], [ -118.444557906124999, 34.076607957592302 ], [ -118.444558113867998, 34.076609853363202 ], [ -118.444558389061001, 34.076611775214403 ], [ -118.444558932250999, 34.0766146035823 ], [ -118.444559404394994, 34.076616498453802 ], [ -118.444559943089004, 34.076618364547102 ], [ -118.444560579809007, 34.076620203660603 ], [ -118.444561249803996, 34.076622041874899 ], [ -118.444562453097006, 34.076624730847797 ], [ -118.444563354218005, 34.076626513304099 ], [ -118.444564320989002, 34.076628240901798 ], [ -118.444565354310001, 34.0766299406204 ], [ -118.444566452382006, 34.076631640339102 ], [ -118.444568249227004, 34.076634107179402 ], [ -118.444569512775004, 34.0766356962815 ], [ -118.444570874348997, 34.076637257504601 ], [ -118.444572269196996, 34.076638763868999 ], [ -118.444573763869997, 34.076640242354401 ], [ -118.444575290019998, 34.076641692960898 ], [ -118.444576882719005, 34.076643060829703 ], [ -118.444579370244, 34.076645057324697 ], [ -118.444581989070002, 34.076646944102301 ], [ -118.444583811095995, 34.076648118616902 ], [ -118.444585666397998, 34.076649266151897 ], [ -118.444586594498006, 34.0766498129396 ], [ -118.444511198035002, 34.076779378266799 ], [ -118.444492157588996, 34.076781976408199 ], [ -118.444472656689996, 34.076784933379102 ], [ -118.444453190863996, 34.076788192522301 ], [ -118.444433824862998, 34.0767917259585 ], [ -118.444414527210995, 34.076795534587397 ], [ -118.444395296107999, 34.076799616610202 ], [ -118.444391371467006, 34.076800483556603 ], [ -118.444385228198001, 34.076806523403498 ], [ -118.444370114191997, 34.076821006085702 ], [ -118.444354702509997, 34.076835269333401 ], [ -118.444338958977994, 34.076849286166798 ], [ -118.444322950146002, 34.076863112344 ], [ -118.444306676013994, 34.076876664227797 ], [ -118.444297830283006, 34.076883785959097 ], [ -118.444290103308006, 34.076889997576501 ], [ -118.444273232026006, 34.076903084510903 ], [ -118.444256127819997, 34.076915925031102 ], [ -118.444238725939002, 34.076928519136999 ], [ -118.444221057858002, 34.076940867727998 ], [ -118.444203157752, 34.0769529411265 ], [ -118.444184991445994, 34.076964742030398 ], [ -118.444166593115995, 34.076976295620703 ], [ -118.444147929484998, 34.0769875758171 ], [ -118.444129065306001, 34.076998581720296 ], [ -118.444109969102001, 34.077009313330301 ], [ -118.444090639972998, 34.077019771546396 ], [ -118.444071078818993, 34.0770299554692 ], [ -118.444051317117001, 34.077039838119198 ], [ -118.444031883666995, 34.077049225242703 ], [ -118.444040605292003, 34.077062328364903 ], [ -118.444049063416003, 34.077075569083398 ], [ -118.444050162387001, 34.077077378519398 ], [ -118.443982216807996, 34.077117693328098 ], [ -118.443975854103996, 34.077107274682099 ], [ -118.443968062378005, 34.0770951023582 ], [ -118.443960039526004, 34.077083040650997 ], [ -118.443692876127002, 34.077208930448897 ], [ -118.443556468758004, 34.0771854221707 ], [ -118.443290166910003, 34.077132217379102 ], [ -118.443026005448004, 34.077072078814503 ], [ -118.442764244277001, 34.0770050640336 ], [ -118.442505143299996, 34.076931239586202 ], [ -118.442248956127003, 34.076850680115903 ], [ -118.441995938163998, 34.0767634629646 ], [ -118.441746337625005, 34.076669675366396 ], [ -118.441500400026001, 34.076569409052098 ], [ -118.441258370878998, 34.076462764745997 ], [ -118.441020485809005, 34.076349844970501 ], [ -118.440786982236006, 34.076230763939797 ], [ -118.440558089486004, 34.076105637666203 ], [ -118.440334033290995, 34.075974590256301 ], [ -118.440115034882993, 34.075837750312999 ], [ -118.439901310999005, 34.075695253634201 ], [ -118.439693072978997, 34.075547240513899 ], [ -118.439490524071005, 34.075393857541599 ], [ -118.439293866621, 34.075235255803499 ], [ -118.439103293084997, 34.075071590882402 ], [ -118.438918993219005, 34.074903026454699 ], [ -118.438741146889001, 34.074729727096397 ], [ -118.438569931258996, 34.074551864578098 ], [ -118.438405513606, 34.074369614267503 ], [ -118.438248058503007, 34.074183156029001 ], [ -118.438097718837, 34.073992674223703 ], [ -118.437954644792995, 34.073798355910498 ], [ -118.437818976667003, 34.073600394443801 ], [ -118.437690848456, 34.073398984077002 ], [ -118.437570386966001, 34.0731943244596 ], [ -118.437457710006996, 34.072986616140597 ], [ -118.437352929095994, 34.072776065064502 ], [ -118.437256148553999, 34.0725628789748 ], [ -118.437167463709997, 34.072347269212202 ], [ -118.437086960897005, 34.072129447117497 ], [ -118.437014719255998, 34.071909627628401 ], [ -118.436950812532004, 34.071688028380997 ], [ -118.436895300979003, 34.071464868809798 ], [ -118.436848240355999, 34.071240367450102 ], [ -118.436809677426993, 34.071014747333798 ], [ -118.436779649963, 34.0707882305935 ], [ -118.436758186743006, 34.070561040260998 ], [ -118.436745310250004, 34.0703334011666 ], [ -118.436741032174993, 34.070105537241901 ], [ -118.436745357014999, 34.0698776742164 ], [ -118.436758280272002, 34.069650036920798 ], [ -118.436779788459006, 34.069422850185497 ], [ -118.436809861788007, 34.069196337042499 ], [ -118.436848469683, 34.068970722322099 ], [ -118.436895574372997, 34.068746227257698 ], [ -118.436951128193996, 34.068523074881099 ], [ -118.437015077186004, 34.068301484627 ], [ -118.437087358396994, 34.068081675929797 ], [ -118.437167899881004, 34.067863863727503 ], [ -118.437256622497003, 34.067648265656103 ], [ -118.437353438113007, 34.067435092156899 ], [ -118.437458251398994, 34.067224555469998 ], [ -118.437570958934998, 34.067016861540097 ], [ -118.437691449203001, 34.066812216311902 ], [ -118.437819604392999, 34.066610822132901 ], [ -118.437955295902, 34.066412876853903 ], [ -118.438098391530005, 34.0662185756279 ], [ -118.438248749183003, 34.066028111808997 ], [ -118.438406220472999, 34.065841671557102 ], [ -118.438570650716997, 34.065659439232903 ], [ -118.438741877138, 34.065481595600303 ], [ -118.438919729763995, 34.065308315127801 ], [ -118.439104035024997, 34.065139769585798 ], [ -118.439234721806997, 34.065027549482998 ], [ -118.439022731815996, 34.064911647555697 ], [ -118.438798705297998, 34.064780600145703 ], [ -118.438579736568002, 34.0646437602025 ], [ -118.438366040562002, 34.064501263523702 ], [ -118.438157829521998, 34.064353249504101 ], [ -118.437955307593, 34.064199866531702 ], [ -118.437758675325, 34.064041263894403 ], [ -118.437568127869, 34.063877599872498 ], [ -118.437383851386002, 34.063709034545496 ], [ -118.437206028437998, 34.063535734287797 ], [ -118.437034835291996, 34.063357871769497 ], [ -118.436870440120998, 34.063175621458903 ], [ -118.436713004802996, 34.062989162321202 ], [ -118.436562685821002, 34.062798680515797 ], [ -118.436419629764004, 34.062604362202698 ], [ -118.436283979623994, 34.062406399836597 ], [ -118.436155868501004, 34.062204989469897 ], [ -118.436035422299, 34.062000328953197 ], [ -118.435922760628998, 34.061792620634101 ], [ -118.435817994106998, 34.061582069558 ], [ -118.435721226156005, 34.061368883468397 ], [ -118.435632552103002, 34.061153271907102 ], [ -118.435552060082003, 34.060935449812298 ], [ -118.435479828333996, 34.060715630323202 ], [ -118.435415928804005, 34.060494031075798 ], [ -118.435360425344996, 34.060270870605301 ], [ -118.435313371017003, 34.060046369245697 ], [ -118.435274812585007, 34.059820748230102 ], [ -118.435244789617002, 34.059594230590399 ], [ -118.435223329094995, 34.059367040257797 ], [ -118.435210454401002, 34.0591394002643 ], [ -118.435206176326005, 34.058911536339501 ], [ -118.435210501165997, 34.058683673314 ], [ -118.435223422625, 34.058456036018399 ], [ -118.435244928112994, 34.058228848383798 ], [ -118.435274997844999, 34.058002334341403 ], [ -118.435313600344003, 34.057776719621103 ], [ -118.435360698739004, 34.057552224556702 ], [ -118.435416245366, 34.057329071280797 ], [ -118.435480186264002, 34.057107481026499 ], [ -118.435552457582006, 34.056887671430097 ], [ -118.435632988273994, 34.056669859227803 ], [ -118.435721699198993, 34.056454260257098 ], [ -118.435818502223995, 34.0562410867579 ], [ -118.435923302020996, 34.056030549171602 ], [ -118.436035994267996, 34.0558228552418 ], [ -118.436156469248004, 34.055618210013499 ], [ -118.436284606452006, 34.055416814935199 ], [ -118.436420280872994, 34.055218868757002 ], [ -118.436563357615, 34.055024568430298 ], [ -118.436713695482993, 34.054834103711997 ], [ -118.436871146089004, 34.054647662560697 ], [ -118.437035554749002, 34.054465430236597 ], [ -118.437206757788005, 34.054287586603998 ], [ -118.437316854591003, 34.0541803064772 ], [ -118.437456331346993, 34.0540257067222 ], [ -118.437627534385001, 34.053847862190203 ], [ -118.437805363628996, 34.053674581717701 ], [ -118.437989642809995, 34.053506035276499 ], [ -118.438180191165003, 34.053342390140301 ], [ -118.438376820735996, 34.053183807288001 ], [ -118.438537123092004, 34.053062411402301 ], [ -118.438347172785996, 34.052918529767503 ], [ -118.438150566597002, 34.052759927130097 ], [ -118.437960044323006, 34.052596262208901 ], [ -118.437775792121002, 34.0524276968819 ], [ -118.437597993455, 34.0522543966242 ], [ -118.437426822792006, 34.052076533206602 ], [ -118.437262449204994, 34.051894281996603 ], [ -118.437105034571999, 34.0517078237582 ], [ -118.436954735374997, 34.051517341053597 ], [ -118.436811698203002, 34.051323022740497 ], [ -118.436676066049998, 34.051125060374403 ], [ -118.436547972013003, 34.050923649108299 ], [ -118.436427542, 34.050718987692299 ], [ -118.436314894719004, 34.050511279373197 ], [ -118.436210141686999, 34.050300727397797 ], [ -118.436113387225006, 34.050087541308201 ], [ -118.436024724863003, 34.049871929746899 ], [ -118.435944242735005, 34.049654106752797 ], [ -118.435872021777996, 34.049434287263701 ], [ -118.435808130343005, 34.049212687116899 ], [ -118.435752634078995, 34.048989526646501 ], [ -118.435705586045998, 34.0487650243875 ], [ -118.435667033008997, 34.048539403371898 ], [ -118.435637013638996, 34.048312885732301 ], [ -118.435615555815005, 34.048085694500401 ], [ -118.435602682920006, 34.047858054506797 ], [ -118.435598405744003, 34.047630190581998 ], [ -118.435602729684007, 34.047402326657199 ], [ -118.435615649344996, 34.047174688462299 ], [ -118.435637152135001, 34.046947499928301 ], [ -118.435667217369996, 34.046720986785303 ], [ -118.435705815372998, 34.0464953702663 ], [ -118.435752907473002, 34.046270875201898 ], [ -118.435808446904005, 34.046047721926001 ], [ -118.435872378808995, 34.045826130772497 ], [ -118.435944641134, 34.045606321175903 ], [ -118.436025161033996, 34.045388508973701 ], [ -118.436113860269003, 34.045172909103599 ], [ -118.436210649803996, 34.0449597356045 ], [ -118.436315436111002, 34.044749197118897 ], [ -118.436428113068999, 34.044541503189002 ], [ -118.436548571860996, 34.044336857061403 ], [ -118.436676692877001, 34.044135461983103 ], [ -118.436812349313001, 34.043937515804899 ], [ -118.436955406269007, 34.043743214578797 ], [ -118.437105724351994, 34.043552748961297 ], [ -118.437263154272998, 34.043366308709402 ], [ -118.437427541350004, 34.043184075485797 ], [ -118.437598721905999, 34.043006230953999 ], [ -118.437776528666006, 34.042832950481397 ], [ -118.437960784465005, 34.042664404040103 ], [ -118.438151309437004, 34.042500758004699 ], [ -118.438347913827002, 34.0423421742531 ], [ -118.438550403380006, 34.0421888101666 ], [ -118.438758580246002, 34.042040815032699 ], [ -118.438972237580998, 34.041898336340303 ], [ -118.439191164942002, 34.041761515282801 ], [ -118.439415145595007, 34.041630484960102 ], [ -118.439643960102998, 34.041505375773603 ], [ -118.439877380938, 34.041386310930697 ], [ -118.440115178775002, 34.041273408242297 ], [ -118.440357118888002, 34.041166778325298 ], [ -118.440602962059003, 34.041066527299499 ], [ -118.440852466370004, 34.040972754090497 ], [ -118.441105384508006, 34.040885549529598 ], [ -118.441361468259004, 34.040805001750599 ], [ -118.441620464915005, 34.040731189893599 ], [ -118.441882118167001, 34.040664185904603 ], [ -118.442146169911993, 34.040604056333301 ], [ -118.442412359344999, 34.040550859635601 ], [ -118.442680424764006, 34.040504649770902 ], [ -118.442950101768005, 34.040465472604602 ], [ -118.443221123257999, 34.040433365009001 ], [ -118.443493222136993, 34.040408359359503 ], [ -118.443766129504994, 34.040390479937898 ], [ -118.444039578266, 34.040379745629899 ], [ -118.444313295924005, 34.0403761672275 ], [ -118.444587013581994, 34.040379745629899 ], [ -118.444860462343001, 34.040390479937898 ], [ -118.445133369711002, 34.040408359359503 ], [ -118.445405468589996, 34.040433365009001 ], [ -118.445676490080004, 34.040465472604701 ], [ -118.445946167084003, 34.040504649770902 ], [ -118.446214232502996, 34.040550859635601 ], [ -118.446480421936002, 34.040604056333301 ], [ -118.446744473680994, 34.040664185904603 ], [ -118.447006126933005, 34.040731189893599 ], [ -118.447265123589005, 34.040805001750599 ], [ -118.447521207340003, 34.040885549529598 ], [ -118.447774125478006, 34.040972754090497 ], [ -118.448023629789006, 34.041066527299499 ], [ -118.448269472960007, 34.041166778325298 ], [ -118.448511413073007, 34.041273408242297 ], [ -118.448749210909995, 34.041386310930697 ], [ -118.448982631744997, 34.041505375773603 ], [ -118.449211446253003, 34.041630484960002 ], [ -118.449435426906007, 34.041761515282801 ], [ -118.449654354266997, 34.041898336340303 ], [ -118.449868011602007, 34.042040815032699 ], [ -118.450076188466994, 34.0421888101666 ], [ -118.450278678020993, 34.0423421742531 ], [ -118.450475282409997, 34.042500758004799 ], [ -118.450665807383004, 34.042664404040103 ], [ -118.450850063182003, 34.042832950481397 ], [ -118.451027869941996, 34.0430062309539 ], [ -118.451199050498005, 34.043184075485897 ], [ -118.451363437574997, 34.043366308709302 ], [ -118.451520867496001, 34.043552748961297 ], [ -118.451671185579002, 34.043743214578797 ], [ -118.451814242534994, 34.043937515804899 ], [ -118.451949898970994, 34.044135461983103 ], [ -118.452078019986999, 34.044336857061403 ], [ -118.452198478778996, 34.044541503189002 ], [ -118.452311155736993, 34.044749197118897 ], [ -118.452415942043999, 34.0449597356045 ], [ -118.452512731579006, 34.045172909103599 ], [ -118.452601430813004, 34.045388508973602 ], [ -118.452681950713995, 34.045606321175903 ], [ -118.452754213039, 34.045826130772497 ], [ -118.452818144944004, 34.046047721926001 ], [ -118.452873684375007, 34.046270875201898 ], [ -118.452920776474997, 34.0464953702663 ], [ -118.452959374477999, 34.046720986785303 ], [ -118.452989439712994, 34.046947499928301 ], [ -118.453000139847006, 34.047060552803401 ], [ -118.453185608831006, 34.047033610014303 ], [ -118.453456651005993, 34.047001502418603 ] ] ], [ [ [ -118.459534198347001, 34.060148083468398 ], [ -118.459419328840994, 34.060260036472698 ], [ -118.459235059552, 34.0604286017997 ], [ -118.459044519290998, 34.060592265821597 ], [ -118.458847895115994, 34.060750868459003 ], [ -118.458645382181004, 34.060904252330502 ], [ -118.458437179235005, 34.061052265450897 ], [ -118.458223492222999, 34.061194762129702 ], [ -118.458004531585999, 34.061331602072897 ], [ -118.457780514061994, 34.061462650382197 ], [ -118.457551659982997, 34.061587776655699 ], [ -118.457318196879001, 34.061706858585801 ], [ -118.457080353178, 34.061819777461899 ], [ -118.456838364500996, 34.061926423566703 ], [ -118.456592470068998, 34.062026688981703 ], [ -118.456573560923005, 34.062033795424497 ], [ -118.455987142694994, 34.061352773013198 ], [ -118.455082353669994, 34.060302018624398 ], [ -118.458792758580998, 34.058078210142398 ], [ -118.460258747945005, 34.059324841369502 ], [ -118.460480340897007, 34.0595132772171 ], [ -118.460312981561003, 34.0596400375589 ], [ -118.460104781313007, 34.059788050679103 ], [ -118.459891096999002, 34.059930548257398 ], [ -118.459672139958997, 34.060067388200601 ], [ -118.459534198347001, 34.060148083468398 ] ] ], [ [ [ -118.441113386675994, 34.147153636032598 ], [ -118.441263888220007, 34.146963174012399 ], [ -118.441336678447001, 34.146877075617702 ], [ -118.441337347542998, 34.146876782438703 ], [ -118.441338106570001, 34.146876422709802 ], [ -118.441338831424005, 34.1468760629811 ], [ -118.441339589552996, 34.146875675373302 ], [ -118.441965663386995, 34.146543832732903 ], [ -118.442031678122007, 34.146508831118801 ], [ -118.442117204547003, 34.146463507985601 ], [ -118.442268370690996, 34.146481145489602 ], [ -118.442172002038006, 34.146532224283902 ], [ -118.442201475519994, 34.1465371174951 ], [ -118.442656748312004, 34.146612558024302 ], [ -118.442818838521006, 34.146639415377898 ], [ -118.442980894555006, 34.1466662736308 ], [ -118.443016686673005, 34.146672215451602 ], [ -118.443142951487999, 34.146693130984303 ], [ -118.443305008422001, 34.1467199883379 ], [ -118.443467065354994, 34.146746845691503 ], [ -118.443629155563002, 34.146773702145801 ], [ -118.443726376773, 34.146789805406399 ], [ -118.443981134924002, 34.146255695345197 ], [ -118.443979347070993, 34.146255098195397 ], [ -118.443977228269006, 34.146254336469603 ], [ -118.443975108567003, 34.146253546864898 ], [ -118.443973022139005, 34.146252758159399 ], [ -118.443970935712002, 34.146251913695998 ], [ -118.443968881660993, 34.146251042252999 ], [ -118.443966860884004, 34.146250142031597 ], [ -118.443964840107, 34.146249215729902 ], [ -118.443962818431004, 34.146248261549196 ], [ -118.443960863304994, 34.146247251610497 ], [ -118.443958908178999, 34.146246242571202 ], [ -118.443956952153997, 34.146245204753598 ], [ -118.443955030303002, 34.1462441408556 ], [ -118.443953139927999, 34.146243021199702 ], [ -118.443951283727003, 34.146241900644299 ], [ -118.443949459902001, 34.146240754008701 ], [ -118.443947635176997, 34.146239578594802 ], [ -118.443945844626995, 34.146238376201197 ], [ -118.443944053178001, 34.146237145928701 ], [ -118.443942328277998, 34.1462358886765 ], [ -118.443940602479003, 34.146234603545203 ], [ -118.443938909954994, 34.1462332905351 ], [ -118.443937249805998, 34.1462319505452 ], [ -118.443935623832004, 34.146230609656001 ], [ -118.443934030232995, 34.1462292139082 ], [ -118.443932435734993, 34.146227818160398 ], [ -118.443930907787006, 34.146226395432997 ], [ -118.443929379839005, 34.1462249448265 ], [ -118.443927885166005, 34.146223466341098 ], [ -118.443926456143004, 34.146221987855597 ], [ -118.443925027120002, 34.146220481491198 ], [ -118.443923630472995, 34.146218948147101 ], [ -118.443922267101001, 34.146217386024702 ], [ -118.443920970278995, 34.1462158248017 ], [ -118.443919672557001, 34.146214235699603 ], [ -118.443918408109994, 34.146212619617799 ], [ -118.443917176938001, 34.146211002636797 ], [ -118.443916011417002, 34.146209357776797 ], [ -118.443914844996002, 34.1462076859371 ], [ -118.443913712750003, 34.146206014097402 ], [ -118.443912646154004, 34.1462043143787 ], [ -118.443911579558005, 34.146202614660098 ], [ -118.443910578612005, 34.146200887062399 ], [ -118.443909610942001, 34.1461991594648 ], [ -118.443908676546002, 34.146197403988197 ], [ -118.443907742150998, 34.146195648511501 ], [ -118.443906873405993, 34.146193866055299 ], [ -118.443906070311002, 34.14619205572 ], [ -118.443905267215996, 34.1461902723644 ], [ -118.443904530672, 34.146188461129803 ], [ -118.443903794126996, 34.146186622915401 ], [ -118.443903357956003, 34.1461853881463 ], [ -118.443903123233, 34.1461847838019 ], [ -118.443902485612995, 34.146182945587597 ], [ -118.443901880370007, 34.146181106474003 ], [ -118.443901341675996, 34.146179240380803 ], [ -118.443900802982, 34.146177373388198 ], [ -118.443900330838005, 34.146175479416002 ], [ -118.443899891068995, 34.146173612423397 ], [ -118.443899484575994, 34.146171717551901 ], [ -118.443899110458005, 34.146169822680299 ], [ -118.443898802890004, 34.146167927808797 ], [ -118.443898528595994, 34.146166032937202 ], [ -118.443898286679001, 34.146164110186703 ], [ -118.443898078935007, 34.146162215315101 ], [ -118.443897903567006, 34.146160292564502 ], [ -118.443897793849999, 34.146158368914698 ], [ -118.443897717408007, 34.146156446164198 ], [ -118.443897674240006, 34.146154549494 ], [ -118.443897664348, 34.1461526267435 ], [ -118.443897720105994, 34.146150703093703 ], [ -118.443897775864002, 34.1461487785445 ], [ -118.443897898171997, 34.146146854894603 ], [ -118.443898052855005, 34.146144958224397 ], [ -118.443898274087999, 34.146143033675202 ], [ -118.443898495320994, 34.146141137005003 ], [ -118.443898783104004, 34.146139240334897 ], [ -118.443899103263007, 34.1461373427653 ], [ -118.443899456696997, 34.146135445195803 ], [ -118.443899876680007, 34.146133547626299 ], [ -118.443900295763996, 34.146131677935699 ], [ -118.443900782297007, 34.146129780366202 ], [ -118.443901300307004, 34.146127909776403 ], [ -118.443901852490995, 34.146126066166197 ], [ -118.443902471224007, 34.146124195576299 ], [ -118.443903089057997, 34.146122351966099 ], [ -118.443903773442003, 34.146120508355899 ], [ -118.443904457827003, 34.146118692624697 ], [ -118.443905207860993, 34.146116875994203 ], [ -118.443906025345001, 34.146115087242599 ], [ -118.443906380577005, 34.146113601562597 ], [ -118.443907691788993, 34.1461115088402 ], [ -118.443908607297999, 34.146109746169003 ], [ -118.443909523708001, 34.146107984397098 ], [ -118.443910505766993, 34.146106249604898 ], [ -118.443911521101995, 34.146104514812599 ], [ -118.443912569711003, 34.146102807000098 ], [ -118.443913651596006, 34.146101127066501 ], [ -118.443914765855993, 34.146099447132897 ], [ -118.443915914290002, 34.146097794178999 ], [ -118.443917095100005, 34.146096140325803 ], [ -118.443918342459995, 34.146094515250802 ], [ -118.443919589819004, 34.146092916256201 ], [ -118.443920870453994, 34.146091318160998 ], [ -118.443922216738997, 34.146089747045401 ], [ -118.443923563922993, 34.146088175929698 ], [ -118.443924943482997, 34.146086658773498 ], [ -118.443926357218004, 34.146085142516498 ], [ -118.443927803327995, 34.146083653239202 ], [ -118.443929282712006, 34.146082191840897 ], [ -118.443930795371998, 34.146080729543201 ], [ -118.443932341307004, 34.146079295124501 ], [ -118.443933919616995, 34.1460778876855 ], [ -118.443935532100994, 34.146076508125503 ], [ -118.443937144586002, 34.146075155545098 ], [ -118.443938822720995, 34.146073830843797 ], [ -118.443940501754994, 34.146072533122101 ], [ -118.443942213165002, 34.146071235400299 ], [ -118.443943957849001, 34.146069964658302 ], [ -118.443945736708002, 34.146068748774901 ], [ -118.443946987665001, 34.146067892620302 ], [ -118.443947514667997, 34.146067533790799 ], [ -118.443949325903006, 34.146066344887103 ], [ -118.443951171311994, 34.146065211741302 ], [ -118.443953049095995, 34.146064078595501 ], [ -118.443954926879996, 34.146062972429398 ], [ -118.443956837939993, 34.146061893242901 ], [ -118.443958782273995, 34.146060841935501 ], [ -118.443960727507999, 34.146059845486597 ], [ -118.443962705117002, 34.1460588490378 ], [ -118.443964716001005, 34.146057880468 ], [ -118.443966726884995, 34.146056965857397 ], [ -118.443968771043998, 34.146056051246902 ], [ -118.443970816101995, 34.1460551923943 ], [ -118.443972893535999, 34.1460543326425 ], [ -118.443974970970004, 34.146053527749302 ], [ -118.443977082578002, 34.146052750735002 ], [ -118.443979193287007, 34.146052001599799 ], [ -118.443981338170005, 34.146051278544803 ], [ -118.443983515428997, 34.146050584268202 ], [ -118.443985660311995, 34.146049943950899 ], [ -118.443987838469994, 34.146049304533001 ], [ -118.443990049902993, 34.146048719074301 ], [ -118.443992261336007, 34.146048161494598 ], [ -118.443994472769006, 34.1460476308946 ], [ -118.443996684202006, 34.146047128173599 ], [ -118.443998928910005, 34.146046652432197 ], [ -118.444001174516998, 34.146046232448803 ], [ -118.444003452499004, 34.146045839445101 ], [ -118.444005698107006, 34.146045446441398 ], [ -118.444007976988999, 34.146045136175204 ], [ -118.444010255871007, 34.146044825009803 ], [ -118.444012534753, 34.146044569602402 ], [ -118.444014813634993, 34.146044314194903 ], [ -118.444017126690994, 34.1460441127468 ], [ -118.444019405573002, 34.1460439400769 ], [ -118.444021718629998, 34.146043821366398 ], [ -118.444024031685998, 34.146043702655902 ], [ -118.444026344741999, 34.1460436397034 ], [ -118.444028625423002, 34.146043603730497 ], [ -118.444030938479003, 34.1460435947373 ], [ -118.444033252435005, 34.146043641501997 ], [ -118.444035566389999, 34.1460437152464 ], [ -118.444037880346002, 34.146043816869799 ], [ -118.444040161925997, 34.146043945472897 ], [ -118.444042475882, 34.146044101954899 ], [ -118.444044757461995, 34.146044313295597 ], [ -118.444047039042005, 34.1460445525152 ], [ -118.444049320622, 34.146044791734901 ], [ -118.444051603101002, 34.146045112792898 ], [ -118.444053885580004, 34.146045434750199 ], [ -118.444056134785001, 34.146045810666699 ], [ -118.444058417264003, 34.146046187482703 ], [ -118.444060667368007, 34.146046646137002 ], [ -118.444062884196995, 34.146047104791201 ], [ -118.444065133400997, 34.146047591324397 ], [ -118.444067351128993, 34.146048104837298 ], [ -118.444069567957996, 34.146048674108201 ], [ -118.444071752412, 34.146049270358702 ], [ -118.444073937764003, 34.1460498944882 ], [ -118.444076088941998, 34.146050546496703 ], [ -118.444078241019994, 34.146051225484797 ], [ -118.444080393098005, 34.146051959331601 ], [ -118.444082511901001, 34.146052693178397 ], [ -118.444084631603005, 34.146053482783202 ], [ -118.444086718029993, 34.146054299367599 ], [ -118.444088772081003, 34.146055143830999 ], [ -118.444090858508005, 34.146055987395002 ], [ -118.444092879284995, 34.146056887616403 ], [ -118.444094900061998, 34.146057841797102 ], [ -118.444096888462994, 34.146058795977801 ], [ -118.444098876864004, 34.146059778037497 ], [ -118.444100831989999, 34.146060787076799 ], [ -118.444102754740001, 34.146061824894502 ], [ -118.444104677490998, 34.146062916671397 ], [ -118.444106566966994, 34.146064009347697 ], [ -118.444108424066997, 34.146065129003702 ], [ -118.444110280266997, 34.1460662756392 ], [ -118.444112104992001, 34.146067451053199 ], [ -118.444113895542003, 34.146068681325701 ], [ -118.444115653717006, 34.146069910698898 ], [ -118.444117412790007, 34.146071168850497 ], [ -118.444119137689995, 34.146072453981702 ], [ -118.444120796939004, 34.1460737391129 ], [ -118.444121859039001, 34.146074559294597 ], [ -118.444122954413004, 34.146075380375599 ], [ -118.444124015612999, 34.1460761456987 ], [ -118.444125143362996, 34.1460769380014 ], [ -118.444126271113007, 34.146077676344802 ], [ -118.444127398861994, 34.146078413788899 ], [ -118.444128559887005, 34.146079124253298 ], [ -118.444129720012995, 34.146079833818398 ], [ -118.444130880138005, 34.146080517303197 ], [ -118.444132073538, 34.146081199888599 ], [ -118.444133300214006, 34.146081854595003 ], [ -118.444134526889002, 34.146082482321802 ], [ -118.444135752665005, 34.146083109149302 ], [ -118.444137011715995, 34.146083708997097 ], [ -118.444138270766999, 34.1460842818652 ], [ -118.444139529818003, 34.146084854733402 ], [ -118.444140821244005, 34.146085398823303 ], [ -118.444142113569995, 34.146085916832703 ], [ -118.444143438270999, 34.146086406064001 ], [ -118.444144762072995, 34.146086896194397 ], [ -118.444146086775007, 34.146087385425602 ], [ -118.444147411475996, 34.146087820697502 ], [ -118.444148768553006, 34.146088255069998 ], [ -118.444150125630003, 34.146088662463001 ], [ -118.444151482706999, 34.1460890419769 ], [ -118.444152839783996, 34.1460894214907 ], [ -118.444154230135993, 34.146089774025 ], [ -118.444155619588003, 34.146090098680297 ], [ -118.44415700994, 34.146090423335501 ], [ -118.444158399393004, 34.146090693132201 ], [ -118.44415982212, 34.146090962928803 ], [ -118.444161509248005, 34.146091258805598 ], [ -118.444227435849996, 34.146102172977997 ], [ -118.444454956233002, 34.1461398617664 ], [ -118.444779101576003, 34.146193518017597 ], [ -118.444941158510005, 34.146220373572604 ], [ -118.445103214544005, 34.146247200349201 ], [ -118.445428485837994, 34.146301070638998 ], [ -118.445610564378001, 34.146332852680203 ], [ -118.445752747194007, 34.146357691055798 ], [ -118.445866161596001, 34.146373540707501 ], [ -118.445921104777, 34.146382240748999 ], [ -118.445976242211998, 34.146390143991098 ], [ -118.446031539725993, 34.146397221655597 ], [ -118.446078962775999, 34.146402597802798 ], [ -118.446086999117995, 34.146403529500503 ], [ -118.446142552938994, 34.146409012667 ], [ -118.446198234462997, 34.146413671155202 ], [ -118.446244059418007, 34.146416854755202 ], [ -118.446253978041, 34.146417559823703 ], [ -118.446309816946993, 34.146420595934899 ], [ -118.446365683731003, 34.1464228631258 ], [ -118.446410836892994, 34.1464240151574 ], [ -118.446419960515001, 34.146424256175699 ], [ -118.446421612568997, 34.146424277759401 ], [ -118.446477570186005, 34.146424923472601 ], [ -118.446481371619996, 34.146424936062999 ], [ -118.446713752839997, 34.146425671708499 ], [ -118.446718794438993, 34.146404302018098 ], [ -118.446721539169999, 34.1463922007406 ], [ -118.446724051876004, 34.146380101261798 ], [ -118.446726301080005, 34.1463679469243 ], [ -118.446728284984005, 34.146355739526904 ], [ -118.446730036863997, 34.146343532129499 ], [ -118.446731491967, 34.146331298651702 ], [ -118.446732748320002, 34.1463190381942 ], [ -118.446733707896001, 34.146306778636102 ], [ -118.446734402173007, 34.146294492997598 ], [ -118.446734865324004, 34.146282181278799 ], [ -118.446735030799005, 34.146269897438998 ], [ -118.446734965149005, 34.146257586619498 ], [ -118.446734668372002, 34.146245305477599 ], [ -118.446734073919998, 34.1462330243358 ], [ -118.446733247444001, 34.146220744093199 ], [ -118.446732124190007, 34.146208464750003 ], [ -118.446730769810998, 34.1461962420641 ], [ -118.446729151032002, 34.146183992398498 ], [ -118.446727301126003, 34.146171798490897 ], [ -118.446725187718997, 34.146159633361599 ], [ -118.446722775737996, 34.146147496111197 ], [ -118.446720165905006, 34.146135387639198 ], [ -118.446717259295994, 34.1461233349251 ], [ -118.446714121561996, 34.146111310989298 ], [ -118.446712268957995, 34.146104722556103 ], [ -118.446990249403001, 34.146134691563901 ], [ -118.446991484172003, 34.146143012990798 ], [ -118.446993003127005, 34.146155263555798 ], [ -118.446994291855006, 34.146167514120599 ], [ -118.446995316183006, 34.146179793463801 ], [ -118.446996076109997, 34.146192073706402 ], [ -118.446996604012, 34.146204354848301 ], [ -118.446996835137995, 34.146216636889399 ], [ -118.446996835137995, 34.146228947708899 ], [ -118.446997019498994, 34.146232546795801 ], [ -118.446997302784993, 34.1462361180036 ], [ -118.446997685897003, 34.146239716191097 ], [ -118.446998101383002, 34.146243287399002 ], [ -118.446998616694998, 34.146246857707503 ], [ -118.446999164382007, 34.146250428016003 ], [ -118.446999844269001, 34.146253970445599 ], [ -118.447000557432006, 34.146257539854702 ], [ -118.447001369519995, 34.146261053506002 ], [ -118.447002247257998, 34.146264595935499 ], [ -118.447003191546003, 34.146268081707703 ], [ -118.447004234760001, 34.146271595359003 ], [ -118.447005311248006, 34.146275081131201 ], [ -118.447006486662005, 34.1462785390245 ], [ -118.447007727726998, 34.146281969038803 ], [ -118.447009035340997, 34.146285399052999 ], [ -118.447010440981003, 34.146288802087703 ], [ -118.447011880795998, 34.146292203323704 ], [ -118.447013418636004, 34.1462955506003 ], [ -118.447015023027006, 34.146298896977697 ], [ -118.447016693067994, 34.146302215475998 ], [ -118.447018429658996, 34.1463055069947 ], [ -118.447020231899998, 34.1463087697351 ], [ -118.447022133066994, 34.146312033374798 ], [ -118.447024067509005, 34.146315241256502 ], [ -118.447026067601001, 34.146318421259302 ], [ -118.447028166619006, 34.146321573382998 ], [ -118.447030298011995, 34.146324698527202 ], [ -118.447032495955, 34.146327794892997 ], [ -118.447034759548998, 34.146330837299502 ], [ -118.447037122967004, 34.146333878806601 ], [ -118.447039517861995, 34.146336864555799 ], [ -118.447041980205, 34.146339823325398 ], [ -118.447044507300006, 34.146342754215901 ], [ -118.447047067669999, 34.146345630247801 ], [ -118.447049726965005, 34.146348478400697 ], [ -118.447052418636005, 34.146351298674603 ], [ -118.447055210132007, 34.1463540631906 ], [ -118.447058034003007, 34.1463567737472 ], [ -118.44706089025, 34.146359455525598 ], [ -118.447063846321996, 34.146362110324297 ], [ -118.447066834769004, 34.146364710264301 ], [ -118.447069855590996, 34.146367254446403 ], [ -118.447072976238999, 34.146369770749502 ], [ -118.447076095987001, 34.146372232193897 ], [ -118.447079314660996, 34.146374665759403 ], [ -118.447082566608998, 34.146377044466199 ], [ -118.447085850932993, 34.146379368314399 ], [ -118.447089200907996, 34.146381636404598 ], [ -118.447092617432006, 34.146383877515099 ], [ -118.447096033058003, 34.146386062867698 ], [ -118.447099515233006, 34.146388193361602 ], [ -118.447103062159002, 34.146390268996903 ], [ -118.447106642359998, 34.146392288874203 ], [ -118.447110255835995, 34.146394253892801 ], [ -118.447113901687004, 34.146396191931899 ], [ -118.447117613188993, 34.1463980463339 ], [ -118.447121324692006, 34.146399873756302 ], [ -118.447125101843994, 34.146401618441097 ], [ -118.447128911372005, 34.146403335246902 ], [ -118.447132754175001, 34.146404997193997 ], [ -118.447136629354006, 34.146406577302898 ], [ -118.447140537807996, 34.146408101653698 ], [ -118.447144478637, 34.146409598125601 ], [ -118.447148452741004, 34.146411012759202 ], [ -118.447152458321, 34.146412371634803 ], [ -118.447156498075998, 34.146413675651701 ], [ -118.447160570205995, 34.146414951789701 ], [ -118.447164641436999, 34.146416118210396 ], [ -118.447168745943003, 34.1464172576515 ], [ -118.447172882824006, 34.146418313455499 ], [ -118.447177019706004, 34.146419342279998 ], [ -118.447181188963, 34.146420289266104 ], [ -118.447185391494997, 34.146421180494301 ], [ -118.447189593127007, 34.146421988984699 ], [ -118.447193827136005, 34.146422770495597 ], [ -118.447198458643996, 34.146423522328803 ], [ -118.447202328426997, 34.1464241131834 ], [ -118.447206594810993, 34.146424701340102 ], [ -118.447210894468995, 34.146425207658403 ], [ -118.447215159953998, 34.146425659118002 ], [ -118.447219458712993, 34.146426055719097 ], [ -118.447223790747003, 34.146426396562099 ], [ -118.447228088607005, 34.146426655566799 ], [ -118.447232418843001, 34.146426859713003 ], [ -118.447236749078996, 34.146427008101099 ], [ -118.447241046938998, 34.146427102529898 ], [ -118.447245376275006, 34.146427113321799 ], [ -118.447246102926997, 34.146427110623797 ], [ -118.447445498812996, 34.146427637626502 ], [ -118.447693380746998, 34.146428258158799 ], [ -118.447856156238998, 34.146428671846799 ], [ -118.447890461777007, 34.146428518062798 ], [ -118.447924796994002, 34.146427840873301 ], [ -118.447941650288996, 34.146427284193003 ], [ -118.447959064760994, 34.146426696935698 ], [ -118.447993328931005, 34.146425031391303 ], [ -118.448027557128, 34.146422898199297 ], [ -118.448061750251995, 34.146420243400698 ], [ -118.448095841751993, 34.146417094874202 ], [ -118.448129897279003, 34.1464134508212 ], [ -118.448163851182997, 34.146409340919497 ], [ -118.448194994705005, 34.146405103314002 ], [ -118.448197702564002, 34.146404708511703 ], [ -118.448231485597006, 34.146399582375999 ], [ -118.448265133730999, 34.146393989492097 ], [ -118.448298647865997, 34.1463879019812 ], [ -118.448332059479, 34.146381320742499 ], [ -118.448334997564004, 34.146380732585897 ], [ -118.448340841358998, 34.146379529293 ], [ -118.448341798238005, 34.146379306261103 ], [ -118.448350514466995, 34.146377597549197 ], [ -118.448359231595006, 34.1463760264336 ], [ -118.448368015273999, 34.146374565035302 ], [ -118.448376798951998, 34.146373213354302 ], [ -118.448385616804998, 34.146371999269498 ], [ -118.448393279927998, 34.146371090954297 ], [ -118.448394468832007, 34.146370921881697 ], [ -118.448403354134001, 34.1463699820901 ], [ -118.448412240335003, 34.146369179894897 ], [ -118.448421127434997, 34.1463684874169 ], [ -118.448430047811001, 34.146367904656202 ], [ -118.448467030630994, 34.146293903941597 ], [ -118.448568917524, 34.146304874771303 ], [ -118.44853582607, 34.146371112537899 ], [ -118.448540423403998, 34.146371671916299 ], [ -118.448549253847006, 34.146372848229497 ], [ -118.448558085190001, 34.146374135159398 ], [ -118.448566850882003, 34.146375558786097 ], [ -118.448575585097004, 34.146377120009198 ], [ -118.448584286037999, 34.146378790949598 ], [ -118.448592987878001, 34.146380600385598 ], [ -118.448601624966997, 34.146382546518502 ], [ -118.448610195506006, 34.146384575389 ], [ -118.448618734568996, 34.146386769734796 ], [ -118.448627241256006, 34.146389073797899 ], [ -118.448635681393995, 34.146391488477498 ], [ -118.448644090054998, 34.146394039854201 ], [ -118.448652433065007, 34.146396701847401 ], [ -118.448660743700003, 34.146399501437003 ], [ -118.448668956309007, 34.146402411643102 ], [ -118.448677135642995, 34.146405431566599 ], [ -118.448685216951006, 34.146408589086299 ], [ -118.448693265884003, 34.146411856323198 ], [ -118.448694193085004, 34.146412237635801 ], [ -118.448701215891006, 34.146415234176899 ], [ -118.448709100247001, 34.146418722647098 ], [ -118.448716919852004, 34.146422320834603 ], [ -118.448724673807007, 34.146426056618303 ], [ -118.448732328836002, 34.146429875139802 ], [ -118.448739918214997, 34.146433831257397 ], [ -118.448839187180994, 34.146486497355099 ], [ -118.449048132966993, 34.1465973684749 ], [ -118.449119494171001, 34.146635216443201 ], [ -118.449138849380006, 34.146645284353497 ], [ -118.449158369166, 34.146655049192297 ], [ -118.449178118277999, 34.146664565818199 ], [ -118.449198064341005, 34.1466737523929 ], [ -118.449218206457004, 34.146682662875698 ], [ -118.449238513148998, 34.146691298165997 ], [ -118.449259015893006, 34.1466996312841 ], [ -118.449279682314, 34.146707660431403 ], [ -118.449300513310007, 34.146715387406402 ], [ -118.449321507083994, 34.146722810410502 ], [ -118.449342664534001, 34.146729931242497 ], [ -118.449343856135997, 34.146730311655702 ], [ -118.449363952387003, 34.146736749902203 ], [ -118.449385371540004, 34.146743237611503 ], [ -118.449406953470003, 34.146749422249201 ], [ -118.449428633427004, 34.146755304714702 ], [ -118.449450442886004, 34.146760857129003 ], [ -118.449472383645997, 34.146766106471802 ], [ -118.449494389156996, 34.1467710257634 ], [ -118.449516525069996, 34.146775615003797 ], [ -118.449538758109, 34.1467799011726 ], [ -118.449561055000999, 34.1467838581896 ], [ -118.449583449917995, 34.146787484256201 ], [ -118.449591752459, 34.146788745105702 ], [ -118.449651092425995, 34.146797619615697 ], [ -118.449895102778996, 34.146834000789603 ], [ -118.449946173479006, 34.146841615349402 ], [ -118.449955315088005, 34.147066331646997 ], [ -118.449897364573999, 34.147057671175801 ], [ -118.449895082094002, 34.147057350117699 ], [ -118.449892799615, 34.1470570560395 ], [ -118.449890518035005, 34.147056817719204 ], [ -118.449888236454996, 34.147056578499402 ], [ -118.4498859216, 34.147056395037801 ], [ -118.449883640020005, 34.147056238555699 ], [ -118.449881326064002, 34.1470561099527 ], [ -118.449879012108994, 34.147056036208298 ], [ -118.449876731428006, 34.147055961564497 ], [ -118.449874417472003, 34.147055943578103 ], [ -118.449872104416002, 34.147055951672002 ], [ -118.449869791360001, 34.147056015523901 ], [ -118.449867477403998, 34.147056078476403 ], [ -118.449865197622998, 34.147056197186899 ], [ -118.449862885466004, 34.1470563428771 ], [ -118.449860572410003, 34.147056516446199 ], [ -118.449858293527996, 34.147056744874099 ], [ -118.449856013746, 34.147056973301801 ], [ -118.449853734864007, 34.147057256588297 ], [ -118.449851455981999, 34.147057567753698 ], [ -118.449849177998999, 34.147057905898698 ], [ -118.449846899117006, 34.147058271023603 ], [ -118.449844653509999, 34.147058691906203 ], [ -118.449842408801999, 34.147059139768601 ], [ -118.449840164093999, 34.147059615510003 ], [ -118.449837952661994, 34.147060118231003 ], [ -118.449835740328993, 34.147060648831101 ], [ -118.449833529795995, 34.147061234289701 ], [ -118.449831351637997, 34.147061818848996 ], [ -118.449829173479998, 34.1470624591663 ], [ -118.449826995321999, 34.147063126463301 ], [ -118.449824851337993, 34.1470638216392 ], [ -118.449822706454995, 34.147064571673802 ], [ -118.449820595746004, 34.147065321708297 ], [ -118.449818517412993, 34.147066098722597 ], [ -118.449816406704002, 34.1470669305955 ], [ -118.449814329269998, 34.1470677903474 ], [ -118.449812285110994, 34.1470686500993 ], [ -118.449810273327998, 34.147069563810497 ], [ -118.449808262443, 34.147070505400599 ], [ -118.449806251558996, 34.147071474869797 ], [ -118.449804273949994, 34.147072471318602 ], [ -118.449802329616006, 34.147073495646502 ], [ -118.449800418557004, 34.147074546953903 ], [ -118.449798507496993, 34.147075653120098 ], [ -118.449796628813004, 34.147076732306502 ], [ -118.449794751927996, 34.1470778933313 ], [ -118.449792939793994, 34.1470790534568 ], [ -118.449791128559994, 34.147080242360403 ], [ -118.4497893506, 34.147081458243903 ], [ -118.449787572640005, 34.147082701106903 ], [ -118.449785860331005, 34.1470839718489 ], [ -118.449784148920997, 34.147085241691698 ], [ -118.449782469886998, 34.147086567292398 ], [ -118.449780825027005, 34.147087919872703 ], [ -118.449779180166999, 34.147089272453201 ], [ -118.449777600958001, 34.147090652013098 ], [ -118.449776021747994, 34.147092059452099 ], [ -118.449774509088002, 34.147093493870798 ], [ -118.449772997327997, 34.147094956168402 ], [ -118.449771517943006, 34.147096445445797 ], [ -118.449770071833001, 34.147097934723099 ], [ -118.449768658099003, 34.1470994509801 ], [ -118.449767278538999, 34.147100995115999 ], [ -118.449765931355003, 34.147102539251897 ], [ -118.449764618345, 34.147104137347199 ], [ -118.449763370984996, 34.1471057363418 ], [ -118.449762123625007, 34.147107334437102 ], [ -118.449760909540004, 34.147108960411401 ], [ -118.449759728730996, 34.1471106133653 ], [ -118.449758581195994, 34.147112294198202 ], [ -118.449757466036004, 34.147113974131699 ], [ -118.449756385051003, 34.147115654065303 ], [ -118.449755369716996, 34.1471173897569 ], [ -118.449754354381994, 34.147119096670103 ], [ -118.449753404698001, 34.1471208593413 ], [ -118.449752489188, 34.147122621113198 ], [ -118.449751572778993, 34.147124382885103 ], [ -118.449750723818994, 34.147126172535998 ], [ -118.449749907235002, 34.147127961287602 ], [ -118.449749156300996, 34.147129777918103 ], [ -118.449748406265996, 34.147131594548597 ], [ -118.449747688607005, 34.1471334102798 ], [ -118.449747037498, 34.147135253889999 ], [ -118.449746419663995, 34.147137097500199 ], [ -118.449745834205004, 34.147138941110398 ], [ -118.449745282921, 34.147140811700297 ], [ -118.449744764011996, 34.147142682290202 ], [ -118.449744343128998, 34.147144387404701 ], [ -118.449728181412993, 34.147211880624901 ], [ -118.449684251329003, 34.147395136377597 ], [ -118.449640321245994, 34.147578392130299 ], [ -118.449596391162999, 34.147761620903204 ], [ -118.449508530097006, 34.148128132408601 ], [ -118.449670624801996, 34.148154980768901 ], [ -118.449832752781006, 34.1481818291293 ], [ -118.449994847485996, 34.148208677489599 ], [ -118.450156975466001, 34.148235525849998 ], [ -118.450319071069998, 34.148262373310999 ], [ -118.450481199050003, 34.148289220772 ], [ -118.450643327929001, 34.1483160682331 ], [ -118.450805423534007, 34.1483429426738 ], [ -118.450967552413005, 34.148369789235502 ], [ -118.451129648017002, 34.148396636696603 ], [ -118.451291776895999, 34.148423482359 ], [ -118.451372857972999, 34.148436919129701 ], [ -118.451453872499997, 34.148450328920703 ], [ -118.451616001378994, 34.148477175482398 ], [ -118.451778097882993, 34.148504021144802 ], [ -118.451940226762005, 34.148530866807199 ], [ -118.452102289991004, 34.148557712469596 ], [ -118.452189812011994, 34.148191666813098 ], [ -118.45218997389, 34.148191061569399 ], [ -118.452193209651, 34.148178162593197 ], [ -118.452196709812, 34.148165288798197 ], [ -118.452200507648996, 34.148152496841398 ], [ -118.452204536612001, 34.148139731864298 ], [ -118.452208863251002, 34.148127047826101 ], [ -118.452213455188996, 34.148114417747301 ], [ -118.452218279152007, 34.148101869506803 ], [ -118.452223041962, 34.148090255661899 ], [ -118.452223400790999, 34.148089374326297 ], [ -118.452228753556, 34.148076961883397 ], [ -118.452234404896004, 34.148064629480203 ], [ -118.452240288260995, 34.148052379814601 ], [ -118.452246436026002, 34.148040238067701 ], [ -118.452252814917998, 34.148028151179403 ], [ -118.452259493282995, 34.148016200088698 ], [ -118.452260605744002, 34.148014244962603 ], [ -118.452266369499, 34.148004303856702 ], [ -118.452273511016003, 34.147992543422298 ], [ -118.452280916933006, 34.147980864826202 ], [ -118.452288555774004, 34.147969322927104 ], [ -118.452296459015997, 34.147957861966901 ], [ -118.452304561009001, 34.147946537703703 ], [ -118.452312928300998, 34.147935322258498 ], [ -118.452321527619006, 34.147924243510097 ], [ -118.452330326584999, 34.147913274479201 ], [ -118.452339389952996, 34.147902468225503 ], [ -118.452348652070995, 34.147891744709398 ], [ -118.452358146213996, 34.147881183970597 ], [ -118.452367873281005, 34.147870760828098 ], [ -118.452377832373003, 34.147860501362203 ], [ -118.452387956940996, 34.147850351613599 ], [ -118.452389962428995, 34.147848420769201 ], [ -118.452401997156997, 34.147836916641502 ], [ -118.452412652324, 34.147827149104799 ], [ -118.452423473866006, 34.147817518265001 ], [ -118.452434528333001, 34.147808052001203 ], [ -118.452445781549997, 34.147798749413901 ], [ -118.452457233516995, 34.147789610503203 ], [ -118.452468851858001, 34.147780637067903 ], [ -118.452480669848995, 34.147771826409802 ], [ -118.452492653315005, 34.147763208206598 ], [ -118.452504836431004, 34.147754754579402 ], [ -118.452517185920996, 34.147746491608402 ], [ -118.452411017356994, 34.147634939701902 ], [ -118.452449912136004, 34.1476094034524 ], [ -118.452556878398994, 34.147721777339299 ], [ -118.452569860113002, 34.147714309369 ], [ -118.452583073851997, 34.147706978095698 ], [ -118.45259642069, 34.147699838378003 ], [ -118.452609900629, 34.1476928902159 ], [ -118.452623514566, 34.1476861623876 ], [ -118.452637293978, 34.147679625215702 ], [ -118.452651207388996, 34.147673280498601 ], [ -118.452665253899994, 34.147667128236499 ], [ -118.452679433510994, 34.147661194509702 ], [ -118.452693713846003, 34.147655480217402 ], [ -118.452708127280005, 34.147649957480702 ], [ -118.452713998055003, 34.147647792812499 ], [ -118.452722640540003, 34.147644655077897 ], [ -118.452737254523001, 34.147639544230799 ], [ -118.452752001606001, 34.147634679797797 ], [ -118.452766816137995, 34.1476300078197 ], [ -118.452776583673995, 34.147627085922501 ], [ -118.452781764668998, 34.147625555276299 ], [ -118.452796779750003, 34.147621295187797 ], [ -118.452811894654999, 34.147617281513497 ], [ -118.452827077909006, 34.147613487273802 ], [ -118.452842360988001, 34.147609912468603 ], [ -118.452857711516003, 34.147606557997399 ], [ -118.452873096217999, 34.147603422960799 ], [ -118.452888218319003, 34.147600590995701 ], [ -118.452889043895993, 34.1476004228224 ], [ -118.45288990185, 34.147600254649198 ], [ -118.452890727427004, 34.147600086475997 ], [ -118.452891585380002, 34.147599891323097 ], [ -118.452892410958, 34.147599695270898 ], [ -118.452893235635997, 34.147599472239001 ], [ -118.452894061213996, 34.147599250106502 ], [ -118.452894885891993, 34.147598999195601 ], [ -118.452895678195006, 34.147598776163697 ], [ -118.452896502873003, 34.147598498273297 ], [ -118.452897294276994, 34.147598221282003 ], [ -118.452898085680005, 34.147597943391602 ], [ -118.452898877983003, 34.147597637621999 ], [ -118.452899636110999, 34.147597332751801 ], [ -118.452900427515004, 34.147597027881702 ], [ -118.452901185643, 34.147596695132499 ], [ -118.452901944670998, 34.147596362383403 ], [ -118.452902702800003, 34.147596002654602 ], [ -118.452903460927999, 34.147595642026403 ], [ -118.452904185782003, 34.147595254418597 ], [ -118.452904943909999, 34.147594867710097 ], [ -118.452905668764004, 34.147594480102299 ], [ -118.452906360341998, 34.147594065514902 ], [ -118.452907085196003, 34.147593650028099 ], [ -118.452907777674, 34.147593235440603 ], [ -118.452908469253003, 34.147592792974201 ], [ -118.452909127555998, 34.147592351406999 ], [ -118.452909819135002, 34.1475918810617 ], [ -118.452910477439005, 34.147591439494498 ], [ -118.452911136642001, 34.147590942169401 ], [ -118.452911761671004, 34.147590472723302 ], [ -118.452912386698998, 34.147589975398198 ], [ -118.452913011728, 34.147589478972399 ], [ -118.452914229409998, 34.147588429463603 ], [ -118.452914788789002, 34.147587906058199 ], [ -118.452915380541995, 34.147587381753397 ], [ -118.452915939022006, 34.147586829569697 ], [ -118.4529164984, 34.147586278285303 ], [ -118.452917023604002, 34.147585726101497 ], [ -118.452917549706996, 34.147585147837503 ], [ -118.452918075810999, 34.147584568674098 ], [ -118.452918601015, 34.1475839895107 ], [ -118.452919093842993, 34.147583383367603 ], [ -118.452919553396995, 34.147582804204198 ], [ -118.452920012950003, 34.147582198061102 ], [ -118.452920471604997, 34.147581591918097 ], [ -118.452920931158005, 34.147580957896103 ], [ -118.452921357437006, 34.147580324773301 ], [ -118.452921750441007, 34.1475796907513 ], [ -118.452922176718999, 34.147579057628597 ], [ -118.452922569723, 34.147578423606497 ], [ -118.452922930350994, 34.147577762604797 ], [ -118.452923290079994, 34.147577129482102 ], [ -118.452923617433001, 34.147576468480402 ], [ -118.452923977162001, 34.147575808378001 ], [ -118.452924303616001, 34.147575119497297 ], [ -118.452924597693993, 34.147574459395003 ], [ -118.452924891772, 34.147573771413498 ], [ -118.452925152576, 34.147573110411798 ], [ -118.452925413379006, 34.1475724224305 ], [ -118.452925673283005, 34.147571734449102 ], [ -118.452925900812005, 34.147571019488097 ], [ -118.452926128339996, 34.147570331506699 ], [ -118.452959533658003, 34.147446633356601 ], [ -118.452964621122007, 34.147427818640097 ], [ -118.453081003288005, 34.147435900847299 ], [ -118.453040988853004, 34.147584108221203 ], [ -118.453053743937005, 34.147583675647297 ], [ -118.453069607079001, 34.147583395958101 ], [ -118.453085471120005, 34.147583336602899 ], [ -118.453101336958994, 34.147583524561099 ], [ -118.453117203698, 34.147583931954003 ], [ -118.453133038060997, 34.147584559680801 ], [ -118.453148874223004, 34.147585434721201 ], [ -118.453164678909005, 34.147586529196097 ], [ -118.453180451218998, 34.147587844904301 ], [ -118.453196224427998, 34.147589407026601 ], [ -118.453211933785994, 34.147591188583696 ], [ -118.453227610767996, 34.147593191373801 ], [ -118.453243255374005, 34.1475954405783 ], [ -118.453258836128001, 34.147597883137003 ], [ -118.453308522772005, 34.147606132618101 ], [ -118.453535422624, 34.147643697299998 ], [ -118.453696558651004, 34.147670379285799 ], [ -118.453858620980995, 34.147697222250201 ], [ -118.454143876041002, 34.147744459140597 ], [ -118.454182778914003, 34.147750908178999 ], [ -118.454409679665005, 34.147788471062199 ], [ -118.454506903573005, 34.147804593208498 ], [ -118.454668999177002, 34.147831407394698 ], [ -118.454831062406001, 34.147858249459802 ], [ -118.455156147539995, 34.147912093669298 ], [ -118.455480273998006, 34.147965776000902 ], [ -118.455548353576006, 34.147977033714298 ], [ -118.455804400454994, 34.148019430453502 ], [ -118.456063721765005, 34.1480623631886 ], [ -118.456128560186997, 34.148073110986402 ], [ -118.456290624315002, 34.148099950353597 ], [ -118.456452687544001, 34.148126790619997 ], [ -118.456471711801996, 34.148129940945097 ], [ -118.456487823157005, 34.148159601485503 ], [ -118.456592736267993, 34.1483701354746 ], [ -118.456689644514, 34.148583306275697 ], [ -118.456778451665997, 34.148798901649101 ], [ -118.456859069591999, 34.149016710254102 ], [ -118.456931419151999, 34.149236517152701 ], [ -118.456995429298004, 34.149458104708899 ], [ -118.457051037078003, 34.149681253488197 ], [ -118.457098185834994, 34.149905744955298 ], [ -118.457136830601996, 34.150131356977703 ], [ -118.457166932709995, 34.150357867422798 ], [ -118.457188462480005, 34.150585051460098 ], [ -118.457201397429003, 34.150812686057797 ], [ -118.457205726764997, 34.151040545485898 ], [ -118.457201444193004, 34.151268405813397 ], [ -118.457188556009001, 34.1514960422097 ], [ -118.457167072104994, 34.151723229844301 ], [ -118.457137015862997, 34.151949743886703 ], [ -118.457098416959994, 34.152175361304998 ], [ -118.457051311371004, 34.152399859067401 ], [ -118.456995747657999, 34.152623015940499 ], [ -118.456931778881, 34.15284461249 ], [ -118.456859468890997, 34.153064428381803 ], [ -118.456778889635999, 34.153282247778598 ], [ -118.456690119355997, 34.153497854843302 ], [ -118.456593247083006, 34.153711038235002 ], [ -118.456488367245996, 34.153921586613102 ], [ -118.456375583268994, 34.154129291334897 ], [ -118.456255006665003, 34.154333949153603 ], [ -118.456126756147, 34.1545353568224 ], [ -118.455990958518001, 34.154733315591201 ], [ -118.455847747777, 34.154927631206398 ], [ -118.455697266018007, 34.155118110313701 ], [ -118.455539659829995, 34.1553045667535 ], [ -118.455375086592994, 34.1554868143661 ], [ -118.455203707286998, 34.155664674186497 ], [ -118.455025691884003, 34.155837971746102 ], [ -118.454841215751998, 34.156006534375202 ], [ -118.454650460552003, 34.156170196598502 ], [ -118.454453616044006, 34.156328796537899 ], [ -118.45425087468, 34.156482177711403 ], [ -118.454042437010997, 34.156630189033102 ], [ -118.453828509879997, 34.156772683913402 ], [ -118.453609302828994, 34.156909521158603 ], [ -118.453385033494996, 34.157040567669199 ], [ -118.453155922210001, 34.157165692144197 ], [ -118.452922196504005, 34.157284772275602 ], [ -118.452684084805, 34.157397689352997 ], [ -118.452441824532997, 34.157504332759899 ], [ -118.452195653109001, 34.157604597275501 ], [ -118.451945814249996, 34.157698383974399 ], [ -118.451692555269005, 34.157785600226397 ], [ -118.451436124379995, 34.157866158797297 ], [ -118.451176776089, 34.157939981446198 ], [ -118.450914765806004, 34.158006995327703 ], [ -118.450650352533998, 34.158067133892203 ], [ -118.450383797076995, 34.158120337784503 ], [ -118.450115362036001, 34.158166554843802 ], [ -118.449845313612002, 34.158205738305298 ], [ -118.449573917104999, 34.158237850397597 ], [ -118.44930144141, 34.158262859644402 ], [ -118.449028155427001, 34.158280741764003 ], [ -118.448754328052004, 34.1582914769712 ], [ -118.448480229981001, 34.158295057172303 ], [ -118.448206131909998, 34.1582914769712 ], [ -118.447932304534007, 34.158280741764003 ], [ -118.447659018550993, 34.158262859644402 ], [ -118.447386542857004, 34.158237850397597 ], [ -118.447115146349006, 34.158205738305298 ], [ -118.446845097925006, 34.158166554843802 ], [ -118.446576662884993, 34.158120337784503 ], [ -118.446310107428005, 34.158067133892303 ], [ -118.446045694155998, 34.158006995327703 ], [ -118.445783683871994, 34.157939981446098 ], [ -118.445524335581993, 34.157866158797297 ], [ -118.445267904692003, 34.157785600226397 ], [ -118.445014645710998, 34.157698383974399 ], [ -118.444764806852007, 34.157604597275501 ], [ -118.444518635429006, 34.157504332759899 ], [ -118.444276375157003, 34.157397689352997 ], [ -118.444038263457003, 34.157284772275602 ], [ -118.443804537751006, 34.157165692144098 ], [ -118.443575426467007, 34.157040567669199 ], [ -118.443351157132, 34.156909521158703 ], [ -118.443131950082005, 34.156772683913402 ], [ -118.442918022951005, 34.156630189033201 ], [ -118.442709585280994, 34.156482177711503 ], [ -118.442506843917997, 34.156328796537899 ], [ -118.442309999409005, 34.156170196598502 ], [ -118.442119244210005, 34.156006534375202 ], [ -118.441934768077004, 34.155837971746102 ], [ -118.441756752673996, 34.155664674186497 ], [ -118.441585373368, 34.1554868143661 ], [ -118.441420800131993, 34.1553045667535 ], [ -118.441263193943001, 34.155118110313602 ], [ -118.441112712183994, 34.154927631206398 ], [ -118.440969501443007, 34.154733315591201 ], [ -118.440833703815002, 34.1545353568224 ], [ -118.440705453296005, 34.154333949153603 ], [ -118.440584876692995, 34.154129291334897 ], [ -118.440472092714998, 34.153921586613102 ], [ -118.440367212878996, 34.153711038235002 ], [ -118.440270340606006, 34.153497854843302 ], [ -118.440181570324995, 34.153282247778698 ], [ -118.440100991069997, 34.153064428381803 ], [ -118.440028681081003, 34.15284461249 ], [ -118.439964712304004, 34.152623015940499 ], [ -118.439909148590004, 34.152399859067401 ], [ -118.439862043001, 34.152175361304998 ], [ -118.439823444099005, 34.151949743886703 ], [ -118.439793387856994, 34.151723229844301 ], [ -118.439771903952007, 34.1514960422098 ], [ -118.439759015768004, 34.151268405813397 ], [ -118.439754733195997, 34.151040545485898 ], [ -118.439759062533, 34.150812686057797 ], [ -118.439771997481998, 34.150585051460098 ], [ -118.439793527251993, 34.150357867422798 ], [ -118.439823629358997, 34.150131356977703 ], [ -118.439862274126995, 34.149905744955298 ], [ -118.439909422884, 34.149681253488197 ], [ -118.439965030663998, 34.149458104708899 ], [ -118.440029040810003, 34.149236517152701 ], [ -118.440101390368994, 34.149016710254102 ], [ -118.440182008294997, 34.148798901649101 ], [ -118.440270815448002, 34.148583306275697 ], [ -118.440367723693996, 34.148370135474501 ], [ -118.440472636804998, 34.148159601485602 ], [ -118.440585452259, 34.147951910253603 ], [ -118.440706057640995, 34.147747268622702 ], [ -118.440834334239, 34.147545876242297 ], [ -118.440970155250994, 34.147347933661401 ], [ -118.441113386675994, 34.147153636032598 ] ] ], [ [ [ -118.461044596232995, 34.148340244707597 ], [ -118.461049210655005, 34.148343882465298 ], [ -118.461053890727001, 34.1483474365861 ], [ -118.461058668825004, 34.148350907969103 ], [ -118.461063480198007, 34.148354324493603 ], [ -118.461068390495996, 34.148357658280403 ], [ -118.461073365546, 34.148360937208601 ], [ -118.461078407144996, 34.148364160378897 ], [ -118.461083514395, 34.148367272932397 ], [ -118.461088720570004, 34.1483703306275 ], [ -118.461093959121001, 34.148373306483997 ], [ -118.461099230048006, 34.148376198703701 ], [ -118.461104599899002, 34.148379036064803 ], [ -118.461110035402001, 34.148381763708599 ], [ -118.461115503279999, 34.148384435594402 ], [ -118.461121037707997, 34.148387024742497 ], [ -118.461126603612001, 34.148389532052398 ], [ -118.461132236066007, 34.148391955725302 ], [ -118.461137933271004, 34.148394297559904 ], [ -118.461143663751002, 34.148396556656898 ], [ -118.461149459881995, 34.148398732116902 ], [ -118.461150619107997, 34.148399167388803 ], [ -118.461155288387999, 34.148400825738598 ], [ -118.461161149269998, 34.148402837522099 ], [ -118.461167043426002, 34.148404738688903 ], [ -118.461173002333993, 34.1484065840977 ], [ -118.461178994516999, 34.148408347668202 ], [ -118.461185019075998, 34.148410000622199 ], [ -118.461191076009001, 34.148411571737803 ], [ -118.461197165319007, 34.148413059216502 ], [ -118.461203254628998, 34.148414464856799 ], [ -118.461209409589003, 34.148415760779798 ], [ -118.461213115695003, 34.148416488331399 ], [ -118.461326173966, 34.148438644928603 ], [ -118.461503122772996, 34.1484733074983 ], [ -118.461680039205007, 34.148507970067897 ], [ -118.461839354104995, 34.148539181938801 ], [ -118.461856955635994, 34.148542495041198 ], [ -118.461874290967998, 34.148545505971498 ], [ -118.461891856525995, 34.148548269588098 ], [ -118.461909486834998, 34.148550784991897 ], [ -118.461927148621001, 34.148553053082097 ], [ -118.461944875157997, 34.148555073858702 ], [ -118.461962633170998, 34.148556819442803 ], [ -118.461980422661, 34.148558290733703 ], [ -118.461998244525006, 34.148559541690702 ], [ -118.462016097866993, 34.148560517455103 ], [ -118.462033949409005, 34.148561218926297 ], [ -118.462037089841999, 34.148561316952303 ], [ -118.462051832428003, 34.148561672184599 ], [ -118.462069714547994, 34.148561879028698 ], [ -118.462087594869004, 34.148561810680199 ], [ -118.462105473391006, 34.1485614950181 ], [ -118.462123317739, 34.148560905062801 ], [ -118.462141194463001, 34.148560066894802 ], [ -118.462159002838007, 34.148558982312302 ], [ -118.462176810314006, 34.148557622537403 ], [ -118.462194615990995, 34.148556015448897 ], [ -118.462212320944005, 34.148554134067197 ], [ -118.462218365287001, 34.1485533966231 ], [ -118.462230024098005, 34.148552005371897 ], [ -118.462247693978, 34.148549602383397 ], [ -118.462265295508999, 34.148546952081297 ], [ -118.462282829591004, 34.148544054465702 ], [ -118.462300296224001, 34.148540910435798 ], [ -118.462317695406995, 34.1485375190924 ], [ -118.462335027142004, 34.148533852556398 ], [ -118.462352291426996, 34.1485299396061 ], [ -118.462369454988007, 34.1485257793424 ], [ -118.462386517826005, 34.148521372664298 ], [ -118.462395131532006, 34.148519031729002 ], [ -118.462403513213999, 34.148516718672802 ], [ -118.462420408777007, 34.148511818266897 ], [ -118.462437170341005, 34.148506670547597 ], [ -118.462453831180994, 34.148501303393601 ], [ -118.462470392197005, 34.148495661047001 ], [ -118.462486819212998, 34.148489800165301 ], [ -118.462503112231005, 34.148483692869299 ], [ -118.462519305423996, 34.148477365239302 ], [ -118.462535332241998, 34.1484707920945 ], [ -118.462551258336006, 34.148463998615803 ], [ -118.462561841557999, 34.148459259188598 ], [ -118.462566984781006, 34.148456958722797 ], [ -118.462582610501002, 34.1484496993953 ], [ -118.462598037472006, 34.148442193653501 ], [ -118.462613330443006, 34.148434495456698 ], [ -118.462628457039997, 34.148426551745104 ], [ -118.462643417262001, 34.148418415578497 ], [ -118.462715346837996, 34.148378432619801 ], [ -118.462866454524999, 34.148294428745999 ], [ -118.463017561312995, 34.148210396094001 ], [ -118.463024612897996, 34.148206494835001 ], [ -118.463032487362, 34.148202150210203 ], [ -118.463044153366994, 34.148195978163002 ], [ -118.463055952472004, 34.1481899419135 ], [ -118.463067884677002, 34.148184071139099 ], [ -118.463079916707002, 34.148178391920503 ], [ -118.463092081835995, 34.148172876378297 ], [ -118.463104347690006, 34.148167553291103 ], [ -118.463116713367995, 34.1481624226588 ], [ -118.463129212146001, 34.148157428723501 ], [ -118.463130498176, 34.148156928700402 ], [ -118.463131784206993, 34.148156374717999 ], [ -118.463133070237006, 34.148155819836397 ], [ -118.463134322993, 34.148155265854001 ], [ -118.463135608124006, 34.148154656113597 ], [ -118.463136827604998, 34.148154047272598 ], [ -118.463138047084996, 34.148153437532301 ], [ -118.463139266566003, 34.148152773832599 ], [ -118.463140486046996, 34.1481521092336 ], [ -118.463141672251993, 34.148151445533998 ], [ -118.463142858457999, 34.148150753955299 ], [ -118.463144010489998, 34.148150035396903 ], [ -118.463145130146003, 34.148149288959701 ], [ -118.463146283076995, 34.1481485425223 ], [ -118.463147369458, 34.1481477691054 ], [ -118.463148489114005, 34.148146994789101 ], [ -118.463149542219995, 34.148146194392503 ], [ -118.463150628600999, 34.148145393096598 ], [ -118.463151648432003, 34.148144564821003 ], [ -118.463152701537993, 34.1481437365454 ], [ -118.463153688093996, 34.148142881290099 ], [ -118.463154674650994, 34.1481419981559 ], [ -118.463155661206997, 34.148141115021602 ], [ -118.463156615388002, 34.1481402040083 ], [ -118.463157535394004, 34.148139293894502 ], [ -118.463158455400006, 34.148138383780498 ], [ -118.463159376305995, 34.148137445787597 ], [ -118.463160229763005, 34.148136480815097 ], [ -118.463161084118994, 34.148135515842498 ], [ -118.463161937574995, 34.148134550869997 ], [ -118.463162758655997, 34.148133558018401 ], [ -118.463163546462994, 34.148132566066202 ], [ -118.463164300993995, 34.148131546235 ], [ -118.463165055524996, 34.148130526403797 ], [ -118.463165810055997, 34.148129479593003 ], [ -118.463166498038007, 34.148128432782102 ], [ -118.463167186019007, 34.1481273859712 ], [ -118.463167841624994, 34.1481263121807 ], [ -118.463168496330994, 34.148125237490802 ], [ -118.463169118661995, 34.148124163700402 ], [ -118.463169707717995, 34.148123062030898 ], [ -118.463170295875003, 34.148121960361301 ], [ -118.463170819279995, 34.148120859591202 ], [ -118.463171375060995, 34.148119757921599 ], [ -118.463171864291994, 34.148118630171801 ], [ -118.463172353523007, 34.148117501522599 ], [ -118.463172777104006, 34.148116345893797 ], [ -118.463173233060004, 34.148115217244602 ], [ -118.463173623366004, 34.1481140616158 ], [ -118.463174013672003, 34.148112905986999 ], [ -118.463174370703001, 34.148111750358098 ], [ -118.463174727734, 34.148110567749697 ], [ -118.463175019114004, 34.148109412120803 ], [ -118.463175309595002, 34.148108229512303 ], [ -118.463175567700006, 34.148107046903803 ], [ -118.463175792531004, 34.148105864295403 ], [ -118.463176017360993, 34.148104681686902 ], [ -118.463176208917005, 34.148103499977701 ], [ -118.463176368096995, 34.148102317369201 ], [ -118.463176493103006, 34.148101107781102 ], [ -118.463176619007996, 34.148099926071801 ], [ -118.463176678362998, 34.148098716483702 ], [ -118.463176770993002, 34.1480975347745 ], [ -118.463176797073999, 34.148096325186401 ], [ -118.463176790777993, 34.148095116497601 ], [ -118.463176784482997, 34.148093934788399 ], [ -118.463176744014007, 34.148092726099598 ], [ -118.463176671168995, 34.148091517410698 ], [ -118.463176599223004, 34.148090335701603 ], [ -118.463176459828006, 34.148089127012703 ], [ -118.463176321332, 34.148087946202899 ], [ -118.463176182837003, 34.148086765393003 ], [ -118.463175977790996, 34.148085556704203 ], [ -118.463175772745998, 34.148084375894399 ], [ -118.463175534425005, 34.148083195084503 ], [ -118.463175263729994, 34.148082015173998 ], [ -118.463174959759002, 34.148080834364201 ], [ -118.463174655787995, 34.148079681433302 ], [ -118.463174318542002, 34.148078500623498 ], [ -118.463173948920996, 34.148077348591897 ], [ -118.463173646748999, 34.148076442974599 ], [ -118.463148281369996, 34.148002181456597 ], [ -118.463247524256005, 34.147940798230401 ], [ -118.463284916267995, 34.148050186368202 ], [ -118.463285352439001, 34.148051338399704 ], [ -118.463285755334994, 34.148052463451599 ], [ -118.463286223881994, 34.148053616382398 ], [ -118.463286693328001, 34.148054740535002 ], [ -118.463287195150002, 34.148055865586798 ], [ -118.463287730247004, 34.148056989739402 ], [ -118.463288265342996, 34.1480580869123 ], [ -118.463288832816005, 34.148059184085199 ], [ -118.463289433563006, 34.148060281258097 ], [ -118.463290068484, 34.148061377531697 ], [ -118.463290701606994, 34.148062446825598 ], [ -118.463291368903995, 34.1480635161195 ], [ -118.463292068575996, 34.148064557534497 ], [ -118.463292768249005, 34.148065598949401 ], [ -118.463293501196006, 34.148066640364299 ], [ -118.463294234144001, 34.148067654799597 ], [ -118.463295000366003, 34.148068668335497 ], [ -118.463295798963998, 34.148069681871398 ], [ -118.463296630836993, 34.148070668427799 ], [ -118.463297429435002, 34.148071654084703 ], [ -118.463298293682996, 34.148072612762 ], [ -118.463299191207, 34.148073571439298 ], [ -118.463300056354996, 34.148074502237698 ], [ -118.463300987153005, 34.148075433035999 ], [ -118.463301917051993, 34.148076335955302 ], [ -118.463302880225996, 34.148077238874698 ], [ -118.463303844299006, 34.148078141793903 ], [ -118.463304840747995, 34.1480790177336 ], [ -118.463305837196998, 34.148079865794301 ], [ -118.463306866021, 34.148080713855002 ], [ -118.463307928120003, 34.148081534036699 ], [ -118.463308956944999, 34.148082354218403 ], [ -118.463310052319002, 34.1480831474205 ], [ -118.463311147693005, 34.148083911844203 ], [ -118.463312275443002, 34.148084677167297 ], [ -118.463313403192998, 34.148085442490299 ], [ -118.463314530942995, 34.148086152954697 ], [ -118.463315691968006, 34.148086890398901 ], [ -118.463316852093001, 34.148087572984302 ], [ -118.463318046392999, 34.148088254670398 ], [ -118.463319239792995, 34.1480889372558 ], [ -118.463320466468005, 34.148089564982598 ], [ -118.463321692243994, 34.148090191809999 ], [ -118.463322918919999, 34.148090819536797 ], [ -118.463324177971003, 34.148091419384599 ], [ -118.463325437020998, 34.148091991353503 ], [ -118.463326729347003, 34.148092536342602 ], [ -118.463328020774, 34.148093080432403 ], [ -118.463329313098995, 34.148093597542598 ], [ -118.463330604526007, 34.148094087673201 ], [ -118.463331929226996, 34.148094576904299 ], [ -118.463333287203994, 34.148095039155898 ], [ -118.463334611904997, 34.1480954735285 ], [ -118.463335968981994, 34.148095907901002 ], [ -118.463337326059005, 34.148096315293898 ], [ -118.463338684034994, 34.148096694807798 ], [ -118.463340073487998, 34.1480970464427 ], [ -118.463341430564995, 34.148097398077603 ], [ -118.463342820917006, 34.148097722732899 ], [ -118.463344210369002, 34.148098019509099 ], [ -118.463345633097006, 34.148098316285399 ], [ -118.463347022549002, 34.148098558203003 ], [ -118.463348445277006, 34.1480988001206 ], [ -118.463349868004002, 34.148099042038297 ], [ -118.463351289832005, 34.148099229097298 ], [ -118.463352712559995, 34.148099416156199 ], [ -118.463354134387998, 34.148099575336303 ], [ -118.463355589491002, 34.148099707536602 ], [ -118.463357011319005, 34.148099838837702 ], [ -118.463358433146993, 34.148099916179397 ], [ -118.463359887351004, 34.148099992621702 ], [ -118.463361309179007, 34.148100042084501 ], [ -118.463362763383003, 34.1481000915471 ], [ -118.463364218486007, 34.1481001140302 ], [ -118.463365639415002, 34.148100108634303 ], [ -118.463367093618999, 34.148100075359402 ], [ -118.463368546922993, 34.148100015104802 ], [ -118.463369967852003, 34.148099953950798 ], [ -118.463371422055999, 34.148099838837702 ], [ -118.463372842084993, 34.148099750704098 ], [ -118.463373965337993, 34.148099636490201 ], [ -118.463386320224998, 34.148098517733601 ], [ -118.463400130213998, 34.148097475419299 ], [ -118.463413907827999, 34.148096625560001 ], [ -118.463427751991006, 34.148095968155502 ], [ -118.463441565577995, 34.148095530185699 ], [ -118.463455412439004, 34.148095285570101 ], [ -118.4634692602, 34.148095232510201 ], [ -118.463483109760006, 34.148095398884699 ], [ -118.463496926944003, 34.148095757714202 ], [ -118.463505951640002, 34.148096108449799 ], [ -118.463510778301995, 34.148096309898001 ], [ -118.463524598183994, 34.148097053637201 ], [ -118.463538385690001, 34.148098017710502 ], [ -118.463552141720001, 34.148099173339297 ], [ -118.463565898648994, 34.148100550201399 ], [ -118.463579623203003, 34.148102090739997 ], [ -118.463593283006006, 34.148103852511902 ], [ -118.463606943708001, 34.1481058058394 ], [ -118.463620539657995, 34.148107951621803 ], [ -118.463702085685, 34.148121461237601 ], [ -118.463896572170995, 34.148153690241799 ], [ -118.464058638097995, 34.148180546695997 ], [ -118.464220704924003, 34.1482074040496 ], [ -118.464382771749996, 34.148234260503898 ], [ -118.464544838576003, 34.148261089079199 ], [ -118.464706905401002, 34.148287945533397 ], [ -118.464868972226995, 34.148314801088297 ], [ -118.465031039953004, 34.148341656643296 ], [ -118.465176896499003, 34.148365826822598 ], [ -118.465322753943994, 34.1483899970019 ], [ -118.465354571058995, 34.148257425241098 ], [ -118.465419669384005, 34.148267067772103 ], [ -118.465403712712998, 34.148333490799097 ], [ -118.465387594164, 34.1484007115248 ], [ -118.465443833267997, 34.148410057279499 ], [ -118.465712060564996, 34.148454474795301 ], [ -118.465712001209994, 34.148384540815002 ], [ -118.465712201759004, 34.1483613203198 ], [ -118.465712932008003, 34.148338070146998 ], [ -118.465714124509006, 34.148314846054497 ], [ -118.465714432076993, 34.1483106956832 ], [ -118.465911315257003, 34.1483398337175 ], [ -118.465911104816001, 34.148343681916501 ], [ -118.465910491477999, 34.148364074043897 ], [ -118.465910307116999, 34.1483843537561 ], [ -118.465910365572995, 34.148442279089103 ], [ -118.465910370968999, 34.148443241363601 ], [ -118.465910376365002, 34.148444202739 ], [ -118.465910447411005, 34.148445164114101 ], [ -118.465910519356996, 34.148446126388798 ], [ -118.465910623677999, 34.148447087763998 ], [ -118.465910728, 34.1484480212603 ], [ -118.465910865596001, 34.1484489826355 ], [ -118.465911003192005, 34.1484499440108 ], [ -118.465911174064004, 34.148450877507102 ], [ -118.465911377309993, 34.148451837983103 ], [ -118.465911580557005, 34.148452771479398 ], [ -118.465911817079004, 34.148453704975601 ], [ -118.465912054499995, 34.148454638472003 ], [ -118.465912323397006, 34.148455571968299 ], [ -118.465912626469006, 34.148456504565203 ], [ -118.465912928641004, 34.148457438061499 ], [ -118.465913264986995, 34.148458343678797 ], [ -118.465913600434007, 34.148459276275801 ], [ -118.465913969156006, 34.148460181893 ], [ -118.465914337878999, 34.148461087510299 ], [ -118.465914772250997, 34.148461992228299 ], [ -118.465915173349003, 34.1484628699667 ], [ -118.465915608621003, 34.148463747704902 ], [ -118.465916076268002, 34.148464652422902 ], [ -118.465916576290994, 34.148465503181598 ], [ -118.465917077213007, 34.148466380020601 ], [ -118.465917578136001, 34.148467229879898 ], [ -118.465918111433993, 34.148468079739303 ], [ -118.465918678007, 34.1484689295986 ], [ -118.465919244579993, 34.148469751578901 ], [ -118.465919811152006, 34.148470573559301 ], [ -118.465920410101006, 34.1484713964389 ], [ -118.465921043224, 34.148472217520002 ], [ -118.465921675447007, 34.148473012520597 ], [ -118.465922340944999, 34.148473806622 ], [ -118.465923006444001, 34.148474573743698 ], [ -118.465923704318001, 34.148475339966197 ], [ -118.465924403090995, 34.148476107087802 ], [ -118.465925100964995, 34.148476873310202 ], [ -118.465925865388002, 34.148477612552902 ], [ -118.465926596537003, 34.148478323916699 ], [ -118.465927360961004, 34.1484790631594 ], [ -118.465928157760004, 34.148479747543497 ], [ -118.465928922184006, 34.148480458907201 ], [ -118.465929752258006, 34.148481142391901 ], [ -118.465930582333002, 34.148481798897002 ], [ -118.465931411507995, 34.148482455402203 ], [ -118.465932274856996, 34.148483111007998 ], [ -118.465933137307005, 34.148483739634003 ], [ -118.465934000656006, 34.148484368260199 ], [ -118.465934896380006, 34.148484996886197 ], [ -118.465935792105, 34.148485570653698 ], [ -118.465936721104995, 34.148486171400798 ], [ -118.465937649205003, 34.148486745168299 ], [ -118.465938578204998, 34.148487291056803 ], [ -118.465939539580006, 34.1484878369453 ], [ -118.465940500955, 34.148488355854099 ], [ -118.465941462331003, 34.148488873863599 ], [ -118.465942456082004, 34.1484893648934 ], [ -118.465943450731999, 34.148489855923202 ], [ -118.465944445381993, 34.148490346053698 ], [ -118.465945472407995, 34.148490782224997 ], [ -118.465946499433002, 34.148491217496797 ], [ -118.465947526459004, 34.148491653668103 ], [ -118.465948552585999, 34.148492061960198 ], [ -118.465949612886007, 34.148492469353101 ], [ -118.465950672288002, 34.148492850665697 ], [ -118.465951732587996, 34.148493203199898 ], [ -118.465952825265006, 34.148493556633497 ], [ -118.465953884666007, 34.148493910067003 ], [ -118.465954976443001, 34.148494207742601 ], [ -118.465956069119002, 34.148494533297203 ], [ -118.465957161795998, 34.148494803993202 ], [ -118.465958286847993, 34.148495074689201 ], [ -118.465959378625001, 34.148495344485703 ], [ -118.465960504576003, 34.148495588202003 ], [ -118.465961628727996, 34.148495803140001 ], [ -118.465962753780005, 34.148496018977198 ], [ -118.465963547881998, 34.1484961529763 ], [ -118.466170342488994, 34.148530391965203 ], [ -118.466381041054007, 34.1485653018484 ], [ -118.466518297383999, 34.1485880466022 ], [ -118.466591739619005, 34.148600211731498 ], [ -118.466802404909004, 34.148635120715397 ], [ -118.467013103474002, 34.148670029699304 ], [ -118.467191382378999, 34.148699540952201 ], [ -118.467192507429999, 34.148699728910501 ], [ -118.467193631583001, 34.148699888989803 ], [ -118.467194789009994, 34.148700049968497 ], [ -118.467195914062003, 34.148700183068101 ], [ -118.467197071490006, 34.1487002882889 ], [ -118.467198228018006, 34.148700365630503 ], [ -118.467199385444999, 34.148700471750502 ], [ -118.467200509598001, 34.148700522112598 ], [ -118.467201667024995, 34.148700572474603 ], [ -118.467202823554004, 34.148700595857001 ], [ -118.467203980980997, 34.148700618340001 ], [ -118.467205137508998, 34.148700613843403 ], [ -118.467206294036998, 34.148700582367098 ], [ -118.467207450564999, 34.148700549991602 ], [ -118.467208607093994, 34.148700490636301 ], [ -118.467209730346994, 34.148700431281 ], [ -118.467210886874994, 34.1487003449461 ], [ -118.467212043402995, 34.148700229832897 ], [ -118.467213199032003, 34.148700115619 ], [ -118.467214322285002, 34.148699974425398 ], [ -118.467215477913996, 34.148699832332603 ], [ -118.467216601166996, 34.148699663259997 ], [ -118.467217723521003, 34.1486994663085 ], [ -118.467218846774003, 34.148699269357003 ], [ -118.467219969127996, 34.148699045425801 ], [ -118.467221091482003, 34.148698793615502 ], [ -118.467222213835996, 34.148698569684399 ], [ -118.467223336190003, 34.148698290894501 ], [ -118.467224425268995, 34.148698011205397 ], [ -118.467225514348002, 34.1486977054359 ], [ -118.467226602528001, 34.148697370888101 ], [ -118.467227691606993, 34.148697064219299 ], [ -118.467228780686, 34.148696703591199 ], [ -118.467229836490006, 34.148696342063701 ], [ -118.467230891395005, 34.148695980536203 ], [ -118.467231947198997, 34.148695564150103 ], [ -118.467233002103001, 34.148695175642999 ], [ -118.467234024633001, 34.1486947322772 ], [ -118.467235046262005, 34.148694288012102 ], [ -118.467236068792005, 34.148693844646402 ], [ -118.467237090420994, 34.148693373401599 ], [ -118.467238079675994, 34.148692903056101 ], [ -118.467239068031006, 34.1486924039325 ], [ -118.467240024009996, 34.1486918787284 ], [ -118.467241012364994, 34.148691352624901 ], [ -118.467241968343998, 34.148690826521502 ], [ -118.467242890148995, 34.148690273438497 ], [ -118.467243812853994, 34.148689692476502 ], [ -118.467244734659005, 34.148689112413798 ], [ -118.467245657362994, 34.148688531451697 ], [ -118.467246545893005, 34.148687923510003 ], [ -118.467247435323003, 34.148687315568303 ], [ -118.467248290577999, 34.148686680646897 ], [ -118.467249146732996, 34.1486860178466 ], [ -118.467249968713006, 34.148685382025903 ], [ -118.467250824868003, 34.148684692245901 ], [ -118.467251614473, 34.148684029445498 ], [ -118.467252436452995, 34.148683339665602 ], [ -118.467253192783005, 34.148682622006604 ], [ -118.467253982387007, 34.148681904347598 ], [ -118.467254737817996, 34.148681187587897 ], [ -118.467255460873005, 34.148680442049901 ], [ -118.467256183928001, 34.148679697411197 ], [ -118.467256906982996, 34.148678925793 ], [ -118.467257596763005, 34.148678153275299 ], [ -118.467258253268, 34.148677381657002 ], [ -118.467258909772994, 34.1486766091394 ], [ -118.467259566278003, 34.1486758096421 ], [ -118.467260190407998, 34.148675011044098 ], [ -118.467260780363006, 34.148674184567099 ], [ -118.467261370317999, 34.148673357190802 ], [ -118.467261961172994, 34.148672530713903 ], [ -118.467262517853001, 34.148671677257298 ], [ -118.467263042157995, 34.148670850780299 ], [ -118.467263566463004, 34.148669996424303 ], [ -118.467264057492002, 34.148669115088701 ], [ -118.467264547623003, 34.148668233753099 ], [ -118.467265006277003, 34.148667380296502 ], [ -118.467265464031996, 34.148666471981201 ], [ -118.467265888512003, 34.148665590645599 ], [ -118.467266312991995, 34.148664710209403 ], [ -118.467266705095994, 34.148663801894102 ], [ -118.467267063026995, 34.148662893578901 ], [ -118.467267421855993, 34.148661985263502 ], [ -118.467267746510998, 34.148661049968602 ], [ -118.467268072066005, 34.148660141653401 ], [ -118.467268364345998, 34.148659206358502 ], [ -118.467268623349995, 34.148658271063503 ], [ -118.467268883253993, 34.148657335768597 ], [ -118.467269108983999, 34.148656400473598 ], [ -118.467269335612997, 34.148655465178699 ], [ -118.467269528068002, 34.148654502904101 ], [ -118.467269721422994, 34.148653567609202 ], [ -118.467269848227005, 34.148652605334597 ], [ -118.467270008306002, 34.148651670939003 ], [ -118.467270102735, 34.148650928099002 ], [ -118.467271200807005, 34.148640426715502 ], [ -118.467272101028996, 34.148629899251603 ], [ -118.467272769225005, 34.148619371787802 ], [ -118.467273205395998, 34.148608818243503 ], [ -118.467273411340997, 34.148598265598601 ], [ -118.467273418535996, 34.148587713852997 ], [ -118.467273415837994, 34.148587219225902 ], [ -118.467273193704997, 34.148577163006799 ], [ -118.467272771923007, 34.148566640039498 ], [ -118.467272084840999, 34.148556090991903 ], [ -118.467271232284006, 34.148545569823398 ], [ -118.467270744851007, 34.148541010260601 ], [ -118.467471366512001, 34.1485707085725 ], [ -118.467471406083007, 34.148571862402697 ], [ -118.467471721745, 34.1485870024893 ], [ -118.467471721745, 34.148598708065002 ], [ -118.467471466337003, 34.148612146634399 ], [ -118.467470913254004, 34.148625558224097 ], [ -118.467470095769997, 34.148638971612399 ], [ -118.467468980611002, 34.148652358021003 ], [ -118.467467601050998, 34.148665745329097 ], [ -118.467465924715, 34.148679106556699 ], [ -118.467463983078005, 34.148692413825003 ], [ -118.467463856273994, 34.148693376099601 ], [ -118.467463729469998, 34.148694338374099 ], [ -118.467463635041, 34.148695300648697 ], [ -118.467463541510995, 34.148696235044397 ], [ -118.467463480356997, 34.148697197319002 ], [ -118.467463453378002, 34.1486981595936 ], [ -118.467463425499005, 34.1486991209688 ], [ -118.467463430894995, 34.148700083243398 ], [ -118.467463469565999, 34.148701044618598 ], [ -118.467463507337001, 34.148702005993897 ], [ -118.467463546008005, 34.148702967369204 ], [ -118.467463650328995, 34.148703901764797 ], [ -118.467463754651007, 34.148704863140097 ], [ -118.467463859871003, 34.148705824515403 ], [ -118.467463997468002, 34.148706785890603 ], [ -118.467464167439005, 34.148707719386898 ], [ -118.467464338311004, 34.1487086798628 ], [ -118.467464541557007, 34.148709613359102 ], [ -118.467464778079005, 34.148710546855398 ], [ -118.467465014601004, 34.1487114803517 ], [ -118.467465284396994, 34.148712413847903 ], [ -118.467465554194007, 34.148713347344298 ], [ -118.467465857266006, 34.148714279941203 ], [ -118.467466159438004, 34.148715213437498 ], [ -118.467466528160003, 34.148716119054797 ], [ -118.467466863607001, 34.148717023772697 ], [ -118.467467232329, 34.148717957269 ], [ -118.467467634325999, 34.148718835007401 ], [ -118.467468068699006, 34.148719739725301 ], [ -118.467468503071004, 34.148720617463702 ], [ -118.467468938343004, 34.148721495201997 ], [ -118.467469405990002, 34.148722399919997 ], [ -118.467469906012994, 34.148723249779302 ], [ -118.467470406936002, 34.148724127517603 ], [ -118.467470940233994, 34.148724977377 ], [ -118.467471474430994, 34.148725827236298 ], [ -118.467472040104994, 34.148726649216599 ], [ -118.467472607576994, 34.148727499076003 ], [ -118.467473206525, 34.148728293177399 ], [ -118.467473806372993, 34.1487291151577 ], [ -118.467474438596994, 34.148729910158401 ], [ -118.467475104095001, 34.148730704259698 ], [ -118.467475769592994, 34.148731498361101 ], [ -118.467476435091996, 34.148732265482799 ], [ -118.467477132965001, 34.148733031705198 ], [ -118.467477864114002, 34.148733798826903 ], [ -118.467478562886996, 34.148734538069597 ], [ -118.467479327310997, 34.148735277312298 ], [ -118.467480058459998, 34.148735988676101 ], [ -118.467480855258998, 34.148736700039798 ], [ -118.467481652958, 34.148737411403602 ], [ -118.467482449757, 34.148738094888301 ], [ -118.467483246556995, 34.148738779272399 ], [ -118.467484076630996, 34.1487394357775 ], [ -118.467484939979997, 34.148740091383203 ], [ -118.467485802430005, 34.148740747888297 ], [ -118.467486665779006, 34.148741376514501 ], [ -118.467487561504001, 34.148741977261601 ], [ -118.467488457228995, 34.148742578907999 ], [ -118.467489352952995, 34.148743179655199 ], [ -118.467490281053998, 34.1487437534226 ], [ -118.467491210052998, 34.148744326290803 ], [ -118.467492171429001, 34.1487448721793 ], [ -118.467493099528994, 34.148745391088099 ], [ -118.467494094179003, 34.148745909097599 ], [ -118.467495055553997, 34.148746427107099 ], [ -118.467496050205, 34.148746918136901 ], [ -118.467497043955007, 34.148747409166802 ], [ -118.467498071880996, 34.1487478723176 ], [ -118.467499065631003, 34.148748308488798 ], [ -118.467500092657005, 34.148748743760599 ], [ -118.467501152957993, 34.1487491790325 ], [ -118.467502179083993, 34.148749560345102 ], [ -118.467503239384996, 34.148749967737999 ], [ -118.467504298785997, 34.148750321171498 ], [ -118.467505358188006, 34.148750701584703 ], [ -118.467506450863993, 34.148751027139298 ], [ -118.467507543539995, 34.1487513526939 ], [ -118.467508636217005, 34.148751678248502 ], [ -118.467509728893006, 34.148751976823398 ], [ -118.46751082067, 34.148752247519297 ], [ -118.467511945721995, 34.148752517315899 ], [ -118.467513070774004, 34.148752760132901 ], [ -118.467514162550998, 34.148752975970197 ], [ -118.467515287603007, 34.148753191807501 ], [ -118.467516611405003, 34.148753433725197 ], [ -118.467679044254993, 34.148780339642101 ], [ -118.467922164279003, 34.1488206175786 ], [ -118.468068221373002, 34.148844810240902 ], [ -118.468069908502002, 34.148845079138198 ], [ -118.468071628904994, 34.148845319257198 ], [ -118.468073348407998, 34.148845532396599 ], [ -118.468075035536998, 34.148845745535901 ], [ -118.468076755040002, 34.1488459038166 ], [ -118.468078474544001, 34.1488460351176 ], [ -118.468080226422998, 34.148846165519302 ], [ -118.468081945926997, 34.148846268941298 ], [ -118.468083665430996, 34.148846344484397 ], [ -118.468085384035007, 34.148846365168801 ], [ -118.468087135914999, 34.148846385853197 ], [ -118.468088854518996, 34.148846379557902 ], [ -118.468090606397993, 34.148846372363302 ], [ -118.468092324104006, 34.148846311209397 ], [ -118.468094042708003, 34.148846222176601 ], [ -118.468095760412993, 34.148846105264703 ], [ -118.468097478117997, 34.148845988352903 ], [ -118.468099229098002, 34.1488458174816 ], [ -118.468100946803006, 34.148845645711098 ], [ -118.468102664507995, 34.148845446960998 ], [ -118.468104348938994, 34.1488452203318 ], [ -118.468106065743996, 34.148844965823699 ], [ -118.468107750174994, 34.148844685235197 ], [ -118.468109433706005, 34.1488443758684 ], [ -118.468111118135994, 34.148844039521897 ], [ -118.468112801667004, 34.148843676195902 ], [ -118.468114485197006, 34.148843311970403 ], [ -118.468116135453002, 34.148842921664603 ], [ -118.468117785708998, 34.148842475600901 ], [ -118.468119435066001, 34.148842029537199 ], [ -118.468121085321997, 34.148841555594501 ], [ -118.468122702303006, 34.148841054672097 ], [ -118.468124318384994, 34.148840526770002 ], [ -118.468125902091003, 34.1488399979687 ], [ -118.468127485796998, 34.1488394421877 ], [ -118.468129068604, 34.148838831547998 ], [ -118.468130651411002, 34.148838220908303 ], [ -118.468132201841996, 34.148837583289001 ], [ -118.468133718098997, 34.1488369456697 ], [ -118.468135267630998, 34.148836252292398 ], [ -118.468136783887999, 34.148835531935397 ], [ -118.468138267769007, 34.148834811578404 ], [ -118.468139750751007, 34.148834064241797 ], [ -118.468141200458007, 34.148833316905197 ], [ -118.468142650165007, 34.148832513810603 ], [ -118.468143507218997, 34.148832043465198 ], [ -118.468172336785997, 34.148815966284999 ], [ -118.468203839137999, 34.148799027554197 ], [ -118.468235674238997, 34.148782553773003 ], [ -118.468267842988993, 34.1487665467399 ], [ -118.468300344487005, 34.148751032535301 ], [ -118.468333179634996, 34.148735957199797 ], [ -118.468366314256002, 34.148721374692798 ], [ -118.468601105659005, 34.148620248626699 ], [ -118.468681358460003, 34.148585671492697 ], [ -118.468766161830999, 34.148549152722303 ], [ -118.468821191347004, 34.148525444794601 ], [ -118.468931481504995, 34.148477945302098 ], [ -118.469051167779, 34.148426397961103 ], [ -118.469187768503005, 34.1483675301386 ], [ -118.469436834844004, 34.148260247313701 ], [ -118.469539244242995, 34.148216130171399 ], [ -118.469818609642999, 34.148095813472203 ], [ -118.470203522177002, 34.1479299973726 ], [ -118.470210386702007, 34.147933019094701 ], [ -118.470448483113003, 34.148045919984298 ], [ -118.470682197127999, 34.1481649830287 ], [ -118.470911298519994, 34.148290089517197 ], [ -118.471135560660002, 34.148421118041298 ], [ -118.471354762315002, 34.148557937300097 ], [ -118.471568687646993, 34.148700413294598 ], [ -118.471777126215997, 34.148848404831199 ], [ -118.471979870276996, 34.149001767119003 ], [ -118.472176721980006, 34.149160347273302 ], [ -118.472367485272997, 34.149323990610803 ], [ -118.472551973096998, 34.149492534354103 ], [ -118.472730001990001, 34.149665812128703 ], [ -118.472901398383001, 34.149843653962598 ], [ -118.473065991404994, 34.150025882689498 ], [ -118.473223619177006, 34.150212320243497 ], [ -118.473374125218001, 34.150402782263697 ], [ -118.473517362937997, 34.150597079892499 ], [ -118.473653189345001, 34.150795022473503 ], [ -118.473781470440997, 34.1509964148538 ], [ -118.473902081218, 34.151201056484702 ], [ -118.474014900270006, 34.151408747716701 ], [ -118.474119816978003, 34.151619281705599 ], [ -118.474216728821006, 34.151832451607497 ], [ -118.474305539571006, 34.1520480478802 ], [ -118.474386161094998, 34.152265856485201 ], [ -118.474458513352005, 34.152485662484501 ], [ -118.474522526195997, 34.1527072491414 ], [ -118.474578135773996, 34.152930398819997 ], [ -118.474625286329996, 34.153154890287098 ], [ -118.474663932895993, 34.153380502309503 ], [ -118.474694035902999, 34.1536070118553 ], [ -118.474715565672994, 34.1538341958926 ], [ -118.474728502421002, 34.1540618304902 ], [ -118.474732830858002, 34.1542896899184 ], [ -118.474728549185002, 34.154517550245899 ], [ -118.474715659202005, 34.154745186642202 ], [ -118.474694175297998, 34.154972373377497 ], [ -118.474664118156994, 34.1551988874199 ], [ -118.474625517456005, 34.155424504838201 ], [ -118.474578410068005, 34.155649002600498 ], [ -118.474522843656004, 34.155872159473702 ], [ -118.474458873081005, 34.156093756023097 ], [ -118.474386560393995, 34.156313571915 ], [ -118.474305977540993, 34.156531391311802 ], [ -118.474217204561995, 34.156746998376398 ], [ -118.474120327793003, 34.156960180868801 ], [ -118.474015444358997, 34.1571707292469 ], [ -118.473902655884999, 34.157378433968702 ], [ -118.473782074785007, 34.157583091787401 ], [ -118.473653818871, 34.157784499456199 ], [ -118.473518016745004, 34.157982458225 ], [ -118.473374800608994, 34.158176773840196 ], [ -118.473224312553995, 34.1583672529475 ], [ -118.473066700969994, 34.158553708488 ], [ -118.472902120539004, 34.1587359561006 ], [ -118.472730734937997, 34.158913816820302 ], [ -118.472552713238997, 34.159087113480602 ], [ -118.472368229911993, 34.159255676109701 ], [ -118.472177467517994, 34.159419338333002 ], [ -118.471980614916006, 34.159577938272399 ], [ -118.471777866357996, 34.159731319446003 ], [ -118.471569420593994, 34.159879329868303 ], [ -118.471355485369003, 34.160021824748497 ], [ -118.471136270225003, 34.160158662893103 ], [ -118.470911991896998, 34.160289708504401 ], [ -118.470682871619005, 34.160414832979299 ], [ -118.470449136919996, 34.160533913110697 ], [ -118.470211016228006, 34.160646830188199 ], [ -118.469968746961996, 34.160753473595001 ], [ -118.469722565645995, 34.160853738110703 ], [ -118.469472717794005, 34.1609475248096 ], [ -118.469219448020993, 34.161034741061599 ], [ -118.468963008138005, 34.161115299632499 ], [ -118.468703649955998, 34.1611891222813 ], [ -118.468441629780003, 34.161256136162898 ], [ -118.468177205716003, 34.161316274727398 ], [ -118.467910640366, 34.161369478619697 ], [ -118.467642195433001, 34.161415694779599 ], [ -118.467372136216994, 34.1614548791405 ], [ -118.467100729817005, 34.161486991232799 ], [ -118.466828243330994, 34.161512000479597 ], [ -118.466554946556002, 34.161529881699799 ], [ -118.466281108388998, 34.161540617806402 ], [ -118.466007000424995, 34.161544198007498 ], [ -118.465732892461006, 34.161540617806402 ], [ -118.465459054294001, 34.161529881699899 ], [ -118.465185757518995, 34.161512000479597 ], [ -118.464913271032998, 34.161486991232799 ], [ -118.464641864632, 34.1614548791405 ], [ -118.464371805417002, 34.161415694779599 ], [ -118.464103360484003, 34.161369478619697 ], [ -118.463836795134, 34.161316274727398 ], [ -118.463572371070001, 34.161256136162898 ], [ -118.463310350894005, 34.1611891222813 ], [ -118.463050992711004, 34.161115299632499 ], [ -118.462794552828001, 34.161034741061599 ], [ -118.462541283055998, 34.1609475248096 ], [ -118.462291435203994, 34.160853738110703 ], [ -118.462045253886998, 34.160753473595001 ], [ -118.461802984621997, 34.160646830188199 ], [ -118.461564863928999, 34.160533913110797 ], [ -118.461331129230004, 34.160414832979299 ], [ -118.461102008953006, 34.160289708504401 ], [ -118.460877730625, 34.160158662893203 ], [ -118.460658515480006, 34.160021824748497 ], [ -118.460444580255, 34.159879329868303 ], [ -118.460236134492007, 34.159731319446003 ], [ -118.460033385933997, 34.159577938272399 ], [ -118.459836533331, 34.159419338333002 ], [ -118.459645770937996, 34.159255676109701 ], [ -118.459461287609997, 34.159087113480602 ], [ -118.459283265912006, 34.158913816820302 ], [ -118.459111880310999, 34.1587359561006 ], [ -118.458947299879995, 34.158553708488 ], [ -118.458789688295994, 34.1583672529475 ], [ -118.458639200240995, 34.158176773840196 ], [ -118.458495984104005, 34.157982458225 ], [ -118.458360181979003, 34.157784499456199 ], [ -118.458231926064997, 34.157583091787401 ], [ -118.458111344965005, 34.157378433968702 ], [ -118.457998556489997, 34.1571707292469 ], [ -118.457893673057001, 34.156960180868801 ], [ -118.457796796286999, 34.156746998376398 ], [ -118.457708023308996, 34.156531391311802 ], [ -118.457627440455994, 34.1563135719149 ], [ -118.457555127768998, 34.156093756023203 ], [ -118.457491157193004, 34.155872159473702 ], [ -118.457435590781998, 34.155649002600498 ], [ -118.457388483393999, 34.155424504838201 ], [ -118.457349882692995, 34.1551988874198 ], [ -118.457319825552005, 34.154972373377497 ], [ -118.457298341647004, 34.154745186642202 ], [ -118.457285451664006, 34.154517550245899 ], [ -118.457281169992001, 34.1542896899184 ], [ -118.457285498429002, 34.1540618304902 ], [ -118.457298435176995, 34.1538341958926 ], [ -118.457319964947004, 34.1536070118552 ], [ -118.457350067953001, 34.153380502309503 ], [ -118.457388714519993, 34.153154890287098 ], [ -118.457435865074999, 34.152930398819997 ], [ -118.457491474654006, 34.1527072491414 ], [ -118.457555487497999, 34.152485662484501 ], [ -118.457627839755006, 34.152265856485201 ], [ -118.457708461278997, 34.1520480478802 ], [ -118.457797272028998, 34.151832451607497 ], [ -118.457894183872, 34.151619281705599 ], [ -118.457999100579997, 34.151408747716701 ], [ -118.458111919630994, 34.151201056484702 ], [ -118.458232530409006, 34.1509964148538 ], [ -118.458360811503994, 34.150795022473503 ], [ -118.458496637912006, 34.150597079892499 ], [ -118.458639875632002, 34.150402782263797 ], [ -118.458790381672998, 34.150212320243497 ], [ -118.458948009444995, 34.150025882689498 ], [ -118.459112602467002, 34.149843653962598 ], [ -118.459283998860002, 34.149665812128703 ], [ -118.459462027751997, 34.149492534354103 ], [ -118.459646515575997, 34.149323990610803 ], [ -118.459837278869003, 34.149160347273302 ], [ -118.460034130573007, 34.149001767119003 ], [ -118.460236874634006, 34.148848404831199 ], [ -118.460445313202996, 34.148700413294598 ], [ -118.460659238535001, 34.148557937300197 ], [ -118.460878440190001, 34.148421118041398 ], [ -118.461033181138006, 34.148330708296697 ], [ -118.461035598516006, 34.148332804616402 ], [ -118.461040047462006, 34.148336552990699 ], [ -118.461044596232995, 34.148340244707597 ] ] ], [ [ [ -118.536803999807006, 34.173190824098398 ], [ -118.537078145541997, 34.173194403400203 ], [ -118.537352021480999, 34.173205137708102 ], [ -118.537625356026993, 34.173223016230402 ], [ -118.537897881183994, 34.173248020980502 ], [ -118.538169326255002, 34.173280127676897 ], [ -118.538439424141998, 34.173319304843197 ], [ -118.538707908644994, 34.173365513808598 ], [ -118.538974515364004, 34.173418708707601 ], [ -118.539238979896993, 34.1734788364802 ], [ -118.539501042341001, 34.173545839569996 ], [ -118.539760443692003, 34.173619650527598 ], [ -118.540016927641005, 34.173700196508001 ], [ -118.540270241480997, 34.173787398370898 ], [ -118.540520136097996, 34.173881169781303 ], [ -118.540766364177998, 34.173981418109101 ], [ -118.541008682007003, 34.174088045328197 ], [ -118.541246852162999, 34.174200946217802 ], [ -118.541480638123005, 34.174320008362798 ], [ -118.541709809661995, 34.174445114851302 ], [ -118.541934141050007, 34.1745761415768 ], [ -118.542153411052993, 34.174712960835599 ], [ -118.542367402935, 34.174855435930702 ], [ -118.542575904456001, 34.175003427467303 ], [ -118.542778711470007, 34.175156788855901 ], [ -118.542975623428006, 34.1753153690102 ], [ -118.543166446076995, 34.175479010549097 ], [ -118.543350990557997, 34.175647553392999 ], [ -118.543529075208994, 34.175820831167599 ], [ -118.543700523761999, 34.175998671202898 ], [ -118.543865168045002, 34.176180899929697 ], [ -118.544022844381004, 34.176367336584498 ], [ -118.544173397186995, 34.1765577977053 ], [ -118.544316678973999, 34.176752095334102 ], [ -118.544452546749994, 34.1769500370158 ], [ -118.544580868314, 34.177151427597401 ], [ -118.544701515065, 34.177356069228402 ], [ -118.544814369189993, 34.177563758661698 ], [ -118.544898487276996, 34.177732502054504 ], [ -118.544935083389007, 34.1776704281489 ], [ -118.545063405853995, 34.177469037567199 ], [ -118.545199274528997, 34.177271095885501 ], [ -118.545342557214994, 34.177076798256799 ], [ -118.545493110920006, 34.176886338035203 ], [ -118.545650788155001, 34.176699901380502 ], [ -118.545815433338007, 34.176517672653603 ], [ -118.545986882790999, 34.176339831718998 ], [ -118.546164968341003, 34.176166554843803 ], [ -118.546349514620005, 34.175998011999802 ], [ -118.546540338168001, 34.175834369561699 ], [ -118.546737251024993, 34.1756757894073 ], [ -118.546940058939001, 34.175522428018802 ], [ -118.547148562258002, 34.1753744373815 ], [ -118.547362555939003, 34.175231961387098 ], [ -118.547581826842006, 34.175095143027598 ], [ -118.547806159128996, 34.174964115402702 ], [ -118.548035332466995, 34.174839008914297 ], [ -118.548269120225996, 34.174719946769301 ], [ -118.548507291280998, 34.174607046778902 ], [ -118.548749610908004, 34.174500419559799 ], [ -118.548995840787001, 34.174400170332802 ], [ -118.549245736304002, 34.174306398922297 ], [ -118.549499051942007, 34.174219197059401 ], [ -118.549755537690004, 34.174138651079097 ], [ -118.550014940839006, 34.174064841020702 ], [ -118.550277004183002, 34.173997837930997 ], [ -118.550541470515, 34.173937709259 ], [ -118.550808079031995, 34.173884515259402 ], [ -118.551076565333005, 34.173838306293902 ], [ -118.551346665018997, 34.173799129127602 ], [ -118.551618111888004, 34.173767021532001 ], [ -118.551890637944993, 34.173742016781802 ], [ -118.552163974289996, 34.1737241391588 ], [ -118.552437852026998, 34.173713404850901 ], [ -118.552711999560998, 34.173709825549203 ], [ -118.552986147094998, 34.173713404850901 ], [ -118.553260024831999, 34.1737241391589 ], [ -118.553533361177998, 34.173742016781802 ], [ -118.553805887234006, 34.173767021532001 ], [ -118.554077334103994, 34.173799129127701 ], [ -118.554347433789005, 34.173838306293902 ], [ -118.554615920090995, 34.173884515259303 ], [ -118.554882528608005, 34.173937709259 ], [ -118.555146994940003, 34.173997837930997 ], [ -118.555409058283999, 34.174064841020702 ], [ -118.555668461432006, 34.174138651079097 ], [ -118.555924947180998, 34.174219197059401 ], [ -118.556178262819003, 34.174306398922297 ], [ -118.556428158334995, 34.174400170332703 ], [ -118.556674388215001, 34.174500419559898 ], [ -118.556916707842007, 34.174607046779002 ], [ -118.557154878896995, 34.174719946769301 ], [ -118.557258774874995, 34.1747728583818 ], [ -118.557399970234997, 34.174817198555999 ], [ -118.557653287671002, 34.174904400418903 ], [ -118.557903185884996, 34.174998171829301 ], [ -118.558149416663994, 34.175098421056397 ], [ -118.558391738089995, 34.175205048275501 ], [ -118.558629910944006, 34.175317948265899 ], [ -118.558863700501007, 34.175437010410903 ], [ -118.559092874737999, 34.1755621168993 ], [ -118.559317209724, 34.175693144524097 ], [ -118.559536481525001, 34.175829962883597 ], [ -118.559750476106004, 34.1759724379788 ], [ -118.559958981224, 34.176120429515301 ], [ -118.560161790935993, 34.176273790903899 ], [ -118.560358705591995, 34.176432371058198 ], [ -118.560549530038998, 34.176596012597003 ], [ -118.560734077218001, 34.176764555441103 ], [ -118.560912163666998, 34.176937833215597 ], [ -118.561083614918999, 34.177115673250903 ], [ -118.561248261000998, 34.177297901977802 ], [ -118.561405939135, 34.177484338632503 ], [ -118.561556494639007, 34.177674799753397 ], [ -118.561699778223996, 34.177869096482802 ], [ -118.561835647799001, 34.1780670381644 ], [ -118.561963971162001, 34.178268429645399 ], [ -118.562084619711996, 34.178473070377102 ], [ -118.562197475635003, 34.178680760709703 ], [ -118.562302426518002, 34.178891293799303 ], [ -118.562399368938003, 34.179104462801902 ], [ -118.562488208465993, 34.1793200581753 ], [ -118.562568855170994, 34.179537864981597 ], [ -118.562641231710003, 34.1797576700815 ], [ -118.562705265237994, 34.179979256738399 ], [ -118.562760891904006, 34.180202405517797 ], [ -118.562808058646993, 34.180426895186201 ], [ -118.562846716905, 34.180652506309201 ], [ -118.562876829803997, 34.1808790149557 ], [ -118.562898366767996, 34.181106198093701 ], [ -118.562911307112998, 34.181333831792003 ], [ -118.562915637348993, 34.181561690320997 ], [ -118.562911353877993, 34.181789549749098 ], [ -118.562898460298001, 34.182017184346698 ], [ -118.562876970098003, 34.182244370182701 ], [ -118.562846903063999, 34.182470883325699 ], [ -118.562808288873995, 34.182696499844702 ], [ -118.562761167095999, 34.1829209967078 ], [ -118.562705582698996, 34.183144152681599 ], [ -118.562691898614005, 34.183191538859603 ], [ -118.562699751493994, 34.183180099483103 ], [ -118.562843044073006, 34.182985802753699 ], [ -118.562993608569997, 34.182795341632897 ], [ -118.563151296596999, 34.182608904978103 ], [ -118.563315952571003, 34.182426677150502 ], [ -118.563487414614997, 34.182248836215898 ], [ -118.563665512754994, 34.182075559340703 ], [ -118.563850070726005, 34.181907016496801 ], [ -118.564040907763996, 34.181743374958003 ], [ -118.564237835010005, 34.181584794803598 ], [ -118.564440657313, 34.181431433415099 ], [ -118.564649175021998, 34.181283442777797 ], [ -118.564863183092001, 34.181140967682701 ], [ -118.565082469282999, 34.181004148423902 ], [ -118.565306817758, 34.180873121698298 ], [ -118.565536007283001, 34.1807480152099 ], [ -118.565769811229998, 34.180628953064897 ], [ -118.566007998472003, 34.180516053074498 ], [ -118.566250335186993, 34.180409425855402 ], [ -118.566496582154002, 34.180309177527697 ], [ -118.566746494756998, 34.180215405217901 ], [ -118.566999828381, 34.180128204254402 ], [ -118.567256332116003, 34.180047658273999 ], [ -118.567515753251001, 34.179973847316298 ], [ -118.567777835480996, 34.179906845125899 ], [ -118.568042319799005, 34.179846716454001 ], [ -118.568308946303006, 34.179793521554899 ], [ -118.56857745149, 34.179747312589598 ], [ -118.568847570060996, 34.179708135423297 ], [ -118.569119035816996, 34.179676028726902 ], [ -118.569391580759003, 34.179651023976703 ], [ -118.569664936888998, 34.179633145454403 ], [ -118.569938833511998, 34.179622412045902 ], [ -118.570212999931996, 34.179618832743998 ], [ -118.570487166351995, 34.179622412045902 ], [ -118.570761062974995, 34.179633145454503 ], [ -118.571034419105004, 34.179651023976703 ], [ -118.571306964046997, 34.179676028726803 ], [ -118.571578429802997, 34.179708135423297 ], [ -118.571848548374007, 34.179747312589498 ], [ -118.572117053561001, 34.179793521554899 ], [ -118.572383680065002, 34.179846716454001 ], [ -118.572648164382997, 34.179906845125899 ], [ -118.572910246613006, 34.179973847316298 ], [ -118.573169667748004, 34.180047658273999 ], [ -118.573426171483007, 34.180128204254402 ], [ -118.573679505106995, 34.180215405217901 ], [ -118.573929417711, 34.180309177527597 ], [ -118.574175664677, 34.180409425855402 ], [ -118.574418001392004, 34.180516053074498 ], [ -118.574656188633995, 34.180628953064897 ], [ -118.574802076656994, 34.180703245159698 ], [ -118.574875194236995, 34.180726204851602 ], [ -118.575128529660006, 34.180813406714499 ], [ -118.575378444961004, 34.180907178124897 ], [ -118.575624692827006, 34.1810074273521 ], [ -118.575867031341005, 34.181114054571097 ], [ -118.576105220382004, 34.181226954561502 ], [ -118.576339026127002, 34.181346016706399 ], [ -118.576568217450998, 34.181471122295598 ], [ -118.576792566826001, 34.181602149920401 ], [ -118.577011854814998, 34.181738968279902 ], [ -118.577225863785003, 34.181881443375097 ], [ -118.577434383292001, 34.182029434911598 ], [ -118.577637207392996, 34.182182796300197 ], [ -118.577834135539007, 34.182341375555197 ], [ -118.578024974374998, 34.1825050179933 ], [ -118.578209534145003, 34.182673559938003 ], [ -118.578387633185002, 34.182846837712503 ], [ -118.578559096126995, 34.183024677747802 ], [ -118.578723753001, 34.183206906474702 ], [ -118.578881442826003, 34.183393343129403 ], [ -118.579032008222995, 34.183583803350999 ], [ -118.579175301701, 34.183778100080403 ], [ -118.579311181167995, 34.183976041762101 ], [ -118.579439513525003, 34.184177432343802 ], [ -118.579560170167994, 34.184382073075398 ], [ -118.579673034185006, 34.184589763407999 ], [ -118.579777992263004, 34.184800296497599 ], [ -118.579874941876994, 34.185013465500099 ], [ -118.579943566444996, 34.185179993862697 ], [ -118.580011720665993, 34.185073041988403 ], [ -118.580147601931998, 34.184875100306797 ], [ -118.580290897208997, 34.1846808035774 ], [ -118.580441464404004, 34.1844903424564 ], [ -118.580599156028001, 34.184303905801698 ], [ -118.580763815599994, 34.184121677974197 ], [ -118.580935280340995, 34.1839438370396 ], [ -118.581113382078996, 34.183770560164398 ], [ -118.581297944547003, 34.183602018219702 ], [ -118.581488785180994, 34.183438375781598 ], [ -118.581685716025007, 34.183279796526499 ], [ -118.581888542824004, 34.183126435138 ], [ -118.582097065029998, 34.182978443601399 ], [ -118.582311076696996, 34.182835968506197 ], [ -118.582530367385004, 34.182699150146803 ], [ -118.582754720355993, 34.182568123421298 ], [ -118.582983914378005, 34.182443016932801 ], [ -118.583217722821999, 34.182323954787798 ], [ -118.583455915459993, 34.182211054797499 ], [ -118.583698256670999, 34.182104427578402 ], [ -118.583944508135005, 34.182004179250598 ], [ -118.584194426134005, 34.181910406940901 ], [ -118.584447765153996, 34.181823205977402 ], [ -118.584704273385995, 34.1817426599969 ], [ -118.584963699916997, 34.181668849039298 ], [ -118.585225787542001, 34.181601846848899 ], [ -118.585490277256994, 34.181541718176902 ], [ -118.585756909156004, 34.1814885232778 ], [ -118.586025418839995, 34.181442315211797 ], [ -118.586295543706001, 34.181403138045603 ], [ -118.586567014858005, 34.181371030449803 ], [ -118.586839565196001, 34.181346025699703 ], [ -118.587112926722, 34.181328148076702 ], [ -118.587386827841996, 34.181317413768802 ], [ -118.587661000557006, 34.181313834466998 ], [ -118.587935173272001, 34.181317413768703 ], [ -118.588209074391003, 34.181328148076702 ], [ -118.588482435917996, 34.181346025699703 ], [ -118.588754986256006, 34.181371030449803 ], [ -118.589026457407002, 34.181403138045503 ], [ -118.589296582274002, 34.181442315211797 ], [ -118.589554944906993, 34.1814867767945 ], [ -118.589794075537995, 34.181496148629499 ], [ -118.590067437065002, 34.181514026252401 ], [ -118.590339988302006, 34.181539031901899 ], [ -118.590611459453001, 34.181571138598301 ], [ -118.590881584320002, 34.181610315764601 ], [ -118.591150094903, 34.181656524730002 ], [ -118.591416727701997, 34.181709718729699 ], [ -118.591681218315998, 34.181769847401704 ], [ -118.591943305941001, 34.181836849592102 ], [ -118.592202732472003, 34.181910660549697 ], [ -118.592459241602995, 34.1819912065301 ], [ -118.592712580623001, 34.182078408392996 ], [ -118.592962499522002, 34.182172179803402 ], [ -118.593208751884006, 34.182272428131199 ], [ -118.593451093995, 34.182379055350303 ], [ -118.593689286632994, 34.182491955340602 ], [ -118.593923095975995, 34.182611017485598 ], [ -118.594152289997993, 34.182736123974102 ], [ -118.594376642970005, 34.1828671506996 ], [ -118.594595934557006, 34.183003969059001 ], [ -118.594809947122997, 34.183146445053502 ], [ -118.595018469329005, 34.183294435690797 ], [ -118.595221296128003, 34.183447797079303 ], [ -118.595246115617996, 34.183467782713102 ], [ -118.595450509935006, 34.183438139259898 ], [ -118.595721988280999, 34.183406032563497 ], [ -118.595994544914006, 34.183381027813297 ], [ -118.596267912735996, 34.183363149291097 ], [ -118.596541821049996, 34.183352415882403 ], [ -118.596816000060002, 34.183348836580699 ], [ -118.597090179071003, 34.183352415882403 ], [ -118.597364087385003, 34.183363149290997 ], [ -118.597637455205998, 34.183381027813297 ], [ -118.59791001184, 34.183406032563497 ], [ -118.598181490185993, 34.183438139259898 ], [ -118.598451620448003, 34.183477316426099 ], [ -118.598720137327007, 34.1835235253915 ], [ -118.598986775520999, 34.183576720290503 ], [ -118.599251271531003, 34.183636848063202 ], [ -118.599513365451998, 34.183703851152899 ], [ -118.599772798277996, 34.183777661211302 ], [ -118.600029312805006, 34.183858207191697 ], [ -118.600282657221001, 34.183945409054502 ], [ -118.600532581516006, 34.1840391804649 ], [ -118.600778839274, 34.184139428792697 ], [ -118.601021186780002, 34.184246056011801 ], [ -118.601259384814995, 34.1843589560021 ], [ -118.601493198653998, 34.184478018147203 ], [ -118.601722398071999, 34.184603124635601 ], [ -118.60194675644, 34.184734151361098 ], [ -118.602166052523003, 34.184870969720599 ], [ -118.602380069586999, 34.185013444815802 ], [ -118.602588597188003, 34.185161436352402 ], [ -118.602791428483997, 34.185314797740801 ], [ -118.602988363823997, 34.185473376995901 ], [ -118.603179208954998, 34.185637018534699 ], [ -118.603363775920002, 34.1858055613787 ], [ -118.603541881254998, 34.185978838253902 ], [ -118.603713350492995, 34.1861566791885 ], [ -118.603878014561005, 34.186338907016101 ], [ -118.604035709781996, 34.186525343670802 ], [ -118.604186280574993, 34.186715803892398 ], [ -118.604329579449001, 34.186910100621802 ], [ -118.604465464312, 34.1871080423035 ], [ -118.604593800266002, 34.187309432885201 ], [ -118.604714462304997, 34.187514073616804 ], [ -118.604827329919004, 34.18772176305 ], [ -118.604932292493004, 34.187932296139699 ], [ -118.605029245704998, 34.188145465142199 ], [ -118.605118093326993, 34.188361059616398 ], [ -118.605198749924, 34.188578866422702 ], [ -118.605271133657993, 34.188798671522598 ], [ -118.605335173482004, 34.189020257280198 ], [ -118.605390806442998, 34.189243406059497 ], [ -118.605437977682996, 34.189467895728001 ], [ -118.605476640437004, 34.189693506851 ], [ -118.605506756932996, 34.189920014598101 ], [ -118.605528296596006, 34.190147197736103 ], [ -118.605541237840001, 34.190374830535099 ], [ -118.605545568975003, 34.190602689064001 ], [ -118.605541284604996, 34.190830547592903 ], [ -118.605528390125002, 34.191058182190503 ], [ -118.605506897227997, 34.191285368026499 ], [ -118.605476826596004, 34.191511881169497 ], [ -118.605438208807996, 34.191737496789202 ], [ -118.605391081635005, 34.1919619936522 ], [ -118.605335491841998, 34.1921851487268 ], [ -118.605271493386994, 34.192406743477498 ], [ -118.605199150122999, 34.192626558470003 ], [ -118.605118533096004, 34.192844376068301 ], [ -118.605029721446996, 34.1930599822335 ], [ -118.604932803308003, 34.193273163826603 ], [ -118.604827874909006, 34.193483711305397 ], [ -118.604715037871003, 34.193691415127802 ], [ -118.604594405509999, 34.193896071147897 ], [ -118.604466094737006, 34.194097477917403 ], [ -118.604330234155, 34.194295435786898 ], [ -118.604186956864993, 34.194489749603399 ], [ -118.604036404059002, 34.194680227811403 ], [ -118.603878725024998, 34.194866682452599 ], [ -118.603714074446998, 34.1950489291659 ], [ -118.603542616000993, 34.195226788086899 ], [ -118.603509467890007, 34.1952590413729 ], [ -118.603364516960994, 34.1954000838479 ], [ -118.603275376159999, 34.195481496774804 ], [ -118.603179954493001, 34.195568645577701 ], [ -118.603020563151006, 34.195705334434798 ], [ -118.602871665997, 34.195859787600199 ], [ -118.602693566957001, 34.196033084260499 ], [ -118.602509002689999, 34.1962016459903 ], [ -118.602318157558997, 34.196365306414897 ], [ -118.602121219520996, 34.196523905455102 ], [ -118.601918381930005, 34.196677285729301 ], [ -118.601709846234002, 34.196825296151701 ], [ -118.601495816580993, 34.196967790132597 ], [ -118.601276506107993, 34.197104626478399 ], [ -118.601052130653002, 34.197235672089697 ], [ -118.600822910551003, 34.197360795665297 ], [ -118.600589073329004, 34.197479874897503 ], [ -118.600350849213996, 34.1975927910756 ], [ -118.600108473828996, 34.197699434482502 ], [ -118.599862186392997, 34.197799698098699 ], [ -118.599612228823005, 34.197893483898298 ], [ -118.599358849333996, 34.197980699250998 ], [ -118.599102297035998, 34.198061257821898 ], [ -118.598842825538, 34.198135080470699 ], [ -118.598580691148001, 34.198202093452998 ], [ -118.598316151971005, 34.198262232017498 ], [ -118.598049470608998, 34.1983154350105 ], [ -118.597780908763994, 34.1983616520697 ], [ -118.597510731737003, 34.198400835531302 ], [ -118.597239206626, 34.198432947623601 ], [ -118.596966601429997, 34.198457956870399 ], [ -118.596693185944005, 34.198475838090602 ], [ -118.596419228166994, 34.198486573297799 ], [ -118.596145000592998, 34.198490153499002 ], [ -118.595870773019996, 34.198486573297799 ], [ -118.595596815242999, 34.198475838090602 ], [ -118.595323399757007, 34.198457956870399 ], [ -118.595050794561004, 34.198432947623601 ], [ -118.594779269450001, 34.198400835531302 ], [ -118.594509092422996, 34.1983616520697 ], [ -118.594240530578006, 34.1983154350104 ], [ -118.593973849215999, 34.198262232017498 ], [ -118.593709310039003, 34.198202093452998 ], [ -118.593447175649004, 34.198135080470699 ], [ -118.593187704151006, 34.198061257821898 ], [ -118.592931151852994, 34.197980699250998 ], [ -118.592677772363004, 34.197893483898298 ], [ -118.592427814793993, 34.197799698098699 ], [ -118.592181527357994, 34.197699434482502 ], [ -118.591939151971999, 34.1975927910756 ], [ -118.591700927858, 34.197479874897503 ], [ -118.591467090636002, 34.197360795665297 ], [ -118.591237870533007, 34.197235672089697 ], [ -118.591013495078997, 34.197104626478399 ], [ -118.590794184605997, 34.196967790132497 ], [ -118.590580154951994, 34.196825296151701 ], [ -118.590371619256999, 34.196677285729301 ], [ -118.590168781665994, 34.196523905455102 ], [ -118.589971843628007, 34.196365306414897 ], [ -118.589958776477999, 34.196354100862202 ], [ -118.589900699159998, 34.196304296407298 ], [ -118.589780998495996, 34.1962016459903 ], [ -118.589596434230003, 34.196033084260499 ], [ -118.589547538090002, 34.1959855074264 ], [ -118.589520219384994, 34.1959865776196 ], [ -118.589245999905003, 34.195990156921297 ], [ -118.588971780424998, 34.1959865776196 ], [ -118.588697830742007, 34.195975841512997 ], [ -118.588424423351, 34.195957960292802 ], [ -118.588151826247994, 34.195932951045897 ], [ -118.587880309230997, 34.195900838953698 ], [ -118.587610140297997, 34.195861655492102 ], [ -118.587351868496, 34.195817209197997 ], [ -118.587112832293002, 34.1958078409602 ], [ -118.586839424901996, 34.195789959739898 ], [ -118.586566828697997, 34.195764950493199 ], [ -118.586295312581001, 34.1957328384009 ], [ -118.586025144546994, 34.195693654939397 ], [ -118.585756590795995, 34.195647438779403 ], [ -118.585489917527994, 34.195594234887203 ], [ -118.585225386445003, 34.195534097221902 ], [ -118.584963260148001, 34.195467083340397 ], [ -118.584703797643996, 34.195393261590901 ], [ -118.584447253440004, 34.195312703020001 ], [ -118.584193881144998, 34.195225487667301 ], [ -118.583943932568999, 34.195131700968403 ], [ -118.583697652327004, 34.1950314373521 ], [ -118.583455284135994, 34.194924794844503 ], [ -118.583217068115005, 34.194811877767101 ], [ -118.582983238088005, 34.194692798535002 ], [ -118.582754025179995, 34.194567674959401 ], [ -118.582529656920002, 34.194436629348097 ], [ -118.582310352742994, 34.194299792102903 ], [ -118.582096330284003, 34.194157298121901 ], [ -118.581887800882996, 34.194009288598899 ], [ -118.581684969587997, 34.193855908324601 ], [ -118.581488037845006, 34.193697309284502 ], [ -118.581297199009001, 34.193533647960699 ], [ -118.581112641038004, 34.193365086230898 ], [ -118.580934546494007, 34.193191790469903 ], [ -118.580763091644997, 34.193013930649499 ], [ -118.580598445563993, 34.192831683936298 ], [ -118.580440769228005, 34.192645229295103 ], [ -118.580290220918997, 34.192454751086998 ], [ -118.580146946327005, 34.192260437270498 ], [ -118.580011089341994, 34.192062479401102 ], [ -118.579882782167005, 34.191861072631497 ], [ -118.579762152502994, 34.191656416611501 ], [ -118.579649318164002, 34.191448712788997 ], [ -118.579544391563005, 34.191238165310203 ], [ -118.579447476121999, 34.191024983717199 ], [ -118.579379318302998, 34.190859513856601 ], [ -118.579311812491994, 34.190965480973297 ], [ -118.579175956406999, 34.1911634388428 ], [ -118.579032684512995, 34.1913577526593 ], [ -118.578882138002001, 34.191548230867298 ], [ -118.578724464364996, 34.191734685508401 ], [ -118.578559820082006, 34.191916932221801 ], [ -118.578388367032005, 34.192094792042198 ], [ -118.578210275185995, 34.1922680878032 ], [ -118.578025719913001, 34.192436649532901 ], [ -118.577834882876004, 34.192600310856797 ], [ -118.577637952930999, 34.192758909896902 ], [ -118.577435125232995, 34.192912290171201 ], [ -118.577226598530999, 34.193060299694302 ], [ -118.577012578769995, 34.193202793675198 ], [ -118.576793278189001, 34.193339630920399 ], [ -118.576568911728003, 34.193470676531597 ], [ -118.576339702417002, 34.193595800107197 ], [ -118.576105875088004, 34.193714879339304 ], [ -118.575867661765002, 34.193827796416798 ], [ -118.575625297171996, 34.193934438924401 ], [ -118.575379020526995, 34.194034703440003 ], [ -118.575129074648999, 34.194128489239503 ], [ -118.574875705951001, 34.194215704592303 ], [ -118.574619165344004, 34.194296263163203 ], [ -118.574359705538001, 34.194370085811897 ], [ -118.574097582839002, 34.194437098794197 ], [ -118.573833055353006, 34.194497237358803 ], [ -118.573566385682, 34.194550440351698 ], [ -118.573297835529004, 34.1945966565116 ], [ -118.573027671092007, 34.1946358408725 ], [ -118.572756157672998, 34.194667952964799 ], [ -118.572483565067003, 34.194692962211597 ], [ -118.572210161271997, 34.194710843431899 ], [ -118.571936216086002, 34.194721578639097 ], [ -118.571662000203006, 34.1947251588402 ], [ -118.571387784321004, 34.194721578639097 ], [ -118.571113839134, 34.194710843431899 ], [ -118.570840435340003, 34.194692962211597 ], [ -118.570567842733993, 34.194667952964799 ], [ -118.570296329314004, 34.1946358408725 ], [ -118.570026164878001, 34.1945966565116 ], [ -118.569757614723997, 34.194550440351698 ], [ -118.569490945053005, 34.194497237358803 ], [ -118.569226417566995, 34.194437098794197 ], [ -118.568964294867996, 34.194370085811997 ], [ -118.568704835061993, 34.194296263163203 ], [ -118.568448294454996, 34.194215704592303 ], [ -118.568194925756998, 34.194128489239503 ], [ -118.567944979879002, 34.194034703440003 ], [ -118.567698703234996, 34.193934438924401 ], [ -118.567456338640994, 34.193827796416898 ], [ -118.567218125318007, 34.193714879339304 ], [ -118.567072336221003, 34.193640634908498 ], [ -118.566999316666994, 34.193617704894301 ], [ -118.566745950666999, 34.193530489541601 ], [ -118.566496005687995, 34.193436702842703 ], [ -118.566249730842003, 34.1933364392264 ], [ -118.566007368048005, 34.193229796718903 ], [ -118.565769155623997, 34.193116879641401 ], [ -118.565535330993001, 34.192997800409302 ], [ -118.565306122582001, 34.192872676833701 ], [ -118.565081758817996, 34.192741631222397 ], [ -118.564862459137004, 34.192604793977203 ], [ -118.564648441174995, 34.192462299996301 ], [ -118.564439916270999, 34.192314289573901 ], [ -118.564237088572995, 34.192160909299702 ], [ -118.564040160426998, 34.192002310259603 ], [ -118.563849325188002, 34.191838649834999 ], [ -118.563664770814995, 34.1916700872059 ], [ -118.563486680767994, 34.191496791444898 ], [ -118.563315228617, 34.191318932523899 ], [ -118.563150586133006, 34.191136685810598 ], [ -118.562992913393998, 34.190950231169403 ], [ -118.562842367783006, 34.1907597520621 ], [ -118.562699096787995, 34.1905654382455 ], [ -118.562563241602007, 34.190367480376104 ], [ -118.562434937125005, 34.190166073606498 ], [ -118.562314309260003, 34.189961417586503 ], [ -118.562201477618004, 34.189753713763999 ], [ -118.562096553714994, 34.189543166285198 ], [ -118.561999640072997, 34.189329984692201 ], [ -118.561910832020999, 34.189114378526902 ], [ -118.561830218591993, 34.188896560029399 ], [ -118.561757878924993, 34.188676745036901 ], [ -118.561693883168005, 34.188455150286103 ], [ -118.561638296072999, 34.188231995211602 ], [ -118.561591170697994, 34.188007498348497 ], [ -118.561552554708996, 34.187781881829501 ], [ -118.561522485875997, 34.187555369585702 ], [ -118.561500993877999, 34.187328183749798 ], [ -118.561488099398005, 34.1871005482529 ], [ -118.561483815027998, 34.186872689724098 ], [ -118.561488146163001, 34.186644831195103 ], [ -118.561501087406995, 34.1864171983961 ], [ -118.561522626170003, 34.186190015258198 ], [ -118.561552740867995, 34.185963506611699 ], [ -118.561591401824003, 34.1857378954886 ], [ -118.561638570366, 34.185513405820103 ], [ -118.561694201527999, 34.185290257040897 ], [ -118.561707548366996, 34.185244074155797 ], [ -118.561700432931005, 34.1852544424397 ], [ -118.561557170929007, 34.185448756256299 ], [ -118.561406634310998, 34.185639235363602 ], [ -118.561248971465005, 34.185825690004698 ], [ -118.561084338873002, 34.186007936718099 ], [ -118.560912897514001, 34.186185796538403 ], [ -118.560734818258993, 34.186359092299398 ], [ -118.560550275577, 34.186527654029199 ], [ -118.560359452927997, 34.186691315353102 ], [ -118.560162536473996, 34.1868499143932 ], [ -118.559959722265006, 34.187003295566797 ], [ -118.559751209951997, 34.187151305989097 ], [ -118.559537205479998, 34.18729379997 ], [ -118.559317920187993, 34.1874306372153 ], [ -118.559093569913998, 34.1875616819272 ], [ -118.558864375892, 34.187686806402098 ], [ -118.558630565650006, 34.187805885634297 ], [ -118.558392368515001, 34.1879188027117 ], [ -118.558150021008998, 34.188025445219203 ], [ -118.557903761451996, 34.188125709734798 ], [ -118.557653832659994, 34.188219495534398 ], [ -118.557400481949003, 34.188306710887097 ], [ -118.557143958428995, 34.188387269458097 ], [ -118.556884517509005, 34.188461092106799 ], [ -118.556622412796003, 34.188528105988397 ], [ -118.556357904196005, 34.188588243653697 ], [ -118.556091252510996, 34.188641447545898 ], [ -118.555822721243999, 34.188687663705799 ], [ -118.555552575693, 34.188726847167402 ], [ -118.555281081158995, 34.188758959259701 ], [ -118.555008507438998, 34.188783968506499 ], [ -118.554735122530005, 34.188801849726701 ], [ -118.554461197129001, 34.188812585833404 ], [ -118.554187000132004, 34.1888161660344 ], [ -118.553912803135006, 34.188812585833297 ], [ -118.553638877734002, 34.188801849726701 ], [ -118.553365492824994, 34.188783968506499 ], [ -118.553092919104998, 34.188758959259701 ], [ -118.552821424570993, 34.188726847167402 ], [ -118.552551279019994, 34.188687663705799 ], [ -118.552282747752997, 34.188641447545898 ], [ -118.552016096068002, 34.188588243653697 ], [ -118.551751587468004, 34.188528105988503 ], [ -118.551489482755002, 34.188461092106799 ], [ -118.551230041834998, 34.188387269458097 ], [ -118.550973518315004, 34.188306710887097 ], [ -118.550720167603998, 34.188219495534497 ], [ -118.550470238813006, 34.188125709734898 ], [ -118.550223979254994, 34.188025445219203 ], [ -118.549981631749006, 34.1879188027117 ], [ -118.549743434614001, 34.187805885634297 ], [ -118.549639635763, 34.187753020786403 ], [ -118.549498541126994, 34.187708711189202 ], [ -118.549245191314995, 34.187621495836503 ], [ -118.548995265220995, 34.187527710037003 ], [ -118.548749006563, 34.187427445521401 ], [ -118.548506660856006, 34.187320802114399 ], [ -118.548268465519001, 34.187207885936402 ], [ -118.548034657076002, 34.187088806704203 ], [ -118.547805464852004, 34.186963682229297 ], [ -118.547581116377998, 34.186832636618 ], [ -118.547361831985, 34.186695799372799 ], [ -118.547147829311001, 34.186553305391897 ], [ -118.546939317896999, 34.186405294969497 ], [ -118.546736505487004, 34.186251914695198 ], [ -118.546539590831998, 34.1860933156551 ], [ -118.546348769082996, 34.185929654331296 ], [ -118.546164227299002, 34.185761092601503 ], [ -118.545986148943996, 34.185587795941103 ], [ -118.545814709382995, 34.185409937020097 ], [ -118.545650077690993, 34.185227689407498 ], [ -118.545492416643995, 34.185041234766302 ], [ -118.545341880924994, 34.184850756558298 ], [ -118.545198619822997, 34.184656441842499 ], [ -118.545062774529995, 34.184458483973003 ], [ -118.544934479044997, 34.184257077203497 ], [ -118.544813860174003, 34.184052420284097 ], [ -118.544701036625995, 34.183844716461699 ], [ -118.544617465325999, 34.1836770063898 ], [ -118.544581472659004, 34.183738076652098 ], [ -118.544453178073994, 34.183939483421597 ], [ -118.544317333679999, 34.184137441291 ], [ -118.544174073476995, 34.184331756006898 ], [ -118.544023538657001, 34.184522234214903 ], [ -118.543865878510005, 34.184708689755396 ], [ -118.543701247716001, 34.184890936468697 ], [ -118.543529809055997, 34.185068796289102 ], [ -118.543351731599003, 34.185242092049997 ], [ -118.543167191614998, 34.185410653779797 ], [ -118.542976370765004, 34.1855743151037 ], [ -118.542779457907997, 34.185732915043097 ], [ -118.542576645498002, 34.185886295317403 ], [ -118.542368136782002, 34.186034305739703 ], [ -118.542154135006996, 34.186176799720698 ], [ -118.541934851514, 34.186313636965899 ], [ -118.541710504837994, 34.186444682577203 ], [ -118.541481314413005, 34.186569806152797 ], [ -118.541247506868999, 34.186688885384903 ], [ -118.541009313331003, 34.186801802462398 ], [ -118.540766968523002, 34.1869084458693 ], [ -118.540520711664001, 34.187008709485497 ], [ -118.540270786470003, 34.187102495285103 ], [ -118.540017439354997, 34.187189711537101 ], [ -118.539760919432993, 34.187270270108002 ], [ -118.539501481209996, 34.187344092756803 ], [ -118.539239380094998, 34.187411105739102 ], [ -118.538974875091995, 34.187471244303602 ], [ -118.538708227005003, 34.187524447296497 ], [ -118.538439699335001, 34.187570663456498 ], [ -118.538169557380996, 34.187609847817299 ], [ -118.537898066444995, 34.187641959909598 ], [ -118.537625496321994, 34.187666969156503 ], [ -118.537352115009995, 34.187684850376698 ], [ -118.537078193206, 34.187695586483201 ], [ -118.536803999807006, 34.187699165784998 ], [ -118.536529806407998, 34.187695586483301 ], [ -118.536255884604003, 34.187684850376698 ], [ -118.535982503292004, 34.187666969156503 ], [ -118.535709933169002, 34.187641959909598 ], [ -118.535438442232007, 34.187609847817299 ], [ -118.535316554418003, 34.187592168045299 ], [ -118.535240000528006, 34.187593167192098 ], [ -118.534965808028005, 34.187589587890301 ], [ -118.534691886223996, 34.187578851783698 ], [ -118.534418504911997, 34.187560970563503 ], [ -118.534145934788995, 34.187535961316698 ], [ -118.533874444752001, 34.187503849224399 ], [ -118.533604302797997, 34.187464665762903 ], [ -118.533335776027002, 34.187418448703603 ], [ -118.533069127939996, 34.187365245710701 ], [ -118.532804622936993, 34.187305107146102 ], [ -118.532542522721002, 34.187238094163902 ], [ -118.532283084498999, 34.187164271515101 ], [ -118.532026565476002, 34.187083712944101 ], [ -118.531773218360996, 34.186996497591501 ], [ -118.531523293167993, 34.186902710892603 ], [ -118.531277037208, 34.1868024472763 ], [ -118.531034692399004, 34.186695803869398 ], [ -118.530796498860994, 34.186582886792003 ], [ -118.530562692217003, 34.186463807559797 ], [ -118.530333501792001, 34.186338683984197 ], [ -118.530109155115994, 34.186207638372899 ], [ -118.529889872522006, 34.186070801127698 ], [ -118.529675870746999, 34.185928307146803 ], [ -118.529467362030999, 34.185780296724502 ], [ -118.529264550521006, 34.185626916450197 ], [ -118.529067637663005, 34.185468316510701 ], [ -118.528876816814005, 34.185304655186897 ], [ -118.528692276829005, 34.185136093457103 ], [ -118.528514199373006, 34.184962797696102 ], [ -118.528342761611, 34.184784937875698 ], [ -118.528178130818006, 34.184602691162397 ], [ -118.52802047067, 34.184416235621903 ], [ -118.527869936749994, 34.184225757413898 ], [ -118.527726676547005, 34.184031443597398 ], [ -118.527590832152995, 34.183833484828597 ], [ -118.527462537567999, 34.183632078059098 ], [ -118.527341919595997, 34.183427422039003 ], [ -118.527229096048003, 34.1832197173173 ], [ -118.527124180238999, 34.183009170737797 ], [ -118.527027273792001, 34.182795988245402 ], [ -118.526938472934006, 34.182580382080097 ], [ -118.526857865799997, 34.182362563582601 ], [ -118.526785531529001, 34.182142748590103 ], [ -118.526721540268994, 34.181921152939999 ], [ -118.526665957670005, 34.1816979969662 ], [ -118.526618835893004, 34.181473500103102 ], [ -118.526580222600998, 34.181247883584099 ], [ -118.526550156466996, 34.1810213713403 ], [ -118.526528666266998, 34.180794184605098 ], [ -118.526515772687006, 34.180566550007498 ], [ -118.526511489216006, 34.180338690579298 ], [ -118.526515819452001, 34.180110832050403 ], [ -118.526528759797003, 34.179883198352101 ], [ -118.526550296761002, 34.1796560152141 ], [ -118.526580408761006, 34.179429506567601 ], [ -118.526619067018004, 34.179203895444601 ], [ -118.526666231963006, 34.178979404876799 ], [ -118.526721858629003, 34.178756256996799 ], [ -118.526785891258001, 34.1785346703399 ], [ -118.526858265998001, 34.178314865239997 ], [ -118.526938911803001, 34.178097057534302 ], [ -118.527027749533005, 34.177881463060203 ], [ -118.527124691053999, 34.177668293158298 ], [ -118.527229641036996, 34.177457760068698 ], [ -118.527342495162003, 34.177250069736097 ], [ -118.527463141913003, 34.177045429004501 ], [ -118.527591462578002, 34.1768440384228 ], [ -118.527727331253004, 34.176646096741102 ], [ -118.527870612141001, 34.176451799112399 ], [ -118.528021164947006, 34.176261337991498 ], [ -118.528178841282994, 34.176074901336797 ], [ -118.528343484665996, 34.175892672609898 ], [ -118.528514933219995, 34.175714832574599 ], [ -118.528693017871007, 34.175541554799999 ], [ -118.528877562351994, 34.175373011956097 ], [ -118.529068384100995, 34.1752093704172 ], [ -118.529265296058995, 34.175050790262901 ], [ -118.529468103073, 34.174897428874402 ], [ -118.529676604594002, 34.174749437337901 ], [ -118.529890595577001, 34.174606962242699 ], [ -118.530109865580002, 34.1744701429839 ], [ -118.530334196067997, 34.174339116258402 ], [ -118.530563367607002, 34.174214009769898 ], [ -118.530797153568002, 34.174094947624802 ], [ -118.531035323723003, 34.173982046735198 ], [ -118.531277641551995, 34.1738754195162 ], [ -118.531523868733998, 34.173775171188304 ], [ -118.531773762450996, 34.173681399777998 ], [ -118.532027077189994, 34.173594197915001 ], [ -118.532283561138996, 34.173513651934599 ], [ -118.532542961591005, 34.173439840977103 ], [ -118.532805023134998, 34.1733728378873 ], [ -118.533069487668996, 34.173312710114601 ], [ -118.533336093488003, 34.173259515215598 ], [ -118.533604577990999, 34.173213306250197 ], [ -118.533874675877996, 34.173174129083897 ], [ -118.534146120949003, 34.173142022387601 ], [ -118.534418645206003, 34.173117016738097 ], [ -118.534691979753006, 34.173099139115102 ], [ -118.534965854792006, 34.173088404807203 ], [ -118.535240000528006, 34.173084825505398 ], [ -118.535514146262997, 34.173088404807203 ], [ -118.535788021301997, 34.173099139115102 ], [ -118.536061355849, 34.173117016738097 ], [ -118.536333880106994, 34.173142022387502 ], [ -118.536605325178002, 34.173174129083897 ], [ -118.536727326307002, 34.173191825043901 ], [ -118.536803999807006, 34.173190824098398 ] ] ], [ [ [ -118.470355428462, 34.1735583059722 ], [ -118.470623913864998, 34.173604514937601 ], [ -118.470890521482005, 34.173657709836597 ], [ -118.471154986914996, 34.173717838508601 ], [ -118.471417049359005, 34.173784840699 ], [ -118.471676451609, 34.173858651656602 ], [ -118.471932936458003, 34.173939197636997 ], [ -118.472186251197002, 34.174026399499901 ], [ -118.472436146712994, 34.1741201709103 ], [ -118.472682374794005, 34.174220420137402 ], [ -118.472924693522003, 34.174327047356499 ], [ -118.473162864577006, 34.174439947346897 ], [ -118.473396651436005, 34.174559009491801 ], [ -118.473625823874997, 34.174684115980398 ], [ -118.473850156162001, 34.174815143605201 ], [ -118.474069426165002, 34.174951961964602 ], [ -118.474283418046994, 34.175094437059798 ], [ -118.474491920467997, 34.175242428596398 ], [ -118.474492867454003, 34.175243144456701 ], [ -118.474589433058, 34.175307437889103 ], [ -118.474797936377996, 34.175455428526398 ], [ -118.475000744290995, 34.175608789914897 ], [ -118.475197657148001, 34.175767370069202 ], [ -118.475388480695997, 34.175931012507398 ], [ -118.475573026076006, 34.176099555351399 ], [ -118.475751111627005, 34.176272832226601 ], [ -118.475922561079003, 34.176450673161199 ], [ -118.476087205362006, 34.176632901888098 ], [ -118.476244882597001, 34.176819338542799 ], [ -118.476395437202001, 34.177009798764402 ], [ -118.476538718989005, 34.177204096393098 ], [ -118.476674588563995, 34.177402038074703 ], [ -118.476802910128001, 34.177603428656397 ], [ -118.476923557777994, 34.177808070287398 ], [ -118.477036412801993, 34.178015759720701 ], [ -118.477141362786, 34.178226293709599 ], [ -118.477238305206001, 34.178439462712198 ], [ -118.477327142934996, 34.178655057186297 ], [ -118.477407789639997, 34.178872864892 ], [ -118.477480165279999, 34.179092669991903 ], [ -118.477544197908998, 34.179314256648802 ], [ -118.477599824574, 34.179537404528702 ], [ -118.477646990417995, 34.179761895096497 ], [ -118.477685648676001, 34.179987506219597 ], [ -118.477715761574999, 34.180214014866003 ], [ -118.477726060611005, 34.180322658365199 ], [ -118.477947857710006, 34.180193120916996 ], [ -118.478177044537006, 34.1800680144285 ], [ -118.478410846684994, 34.179948952283397 ], [ -118.478649033029001, 34.179836052293197 ], [ -118.478891367044994, 34.179729425074001 ], [ -118.479137612212995, 34.179629176746303 ], [ -118.479387523018005, 34.179535405335798 ], [ -118.479640854844007, 34.179448203473001 ], [ -118.479897355879999, 34.179367657492598 ], [ -118.480156775216997, 34.179293846534897 ], [ -118.480418854747995, 34.179226844344498 ], [ -118.480683338168006, 34.179166715672501 ], [ -118.480949961972996, 34.179113520773498 ], [ -118.481218464462998, 34.179067311808097 ], [ -118.481488581234998, 34.179028135541202 ], [ -118.481760045192004, 34.178996027945502 ], [ -118.482032588335002, 34.178971023195302 ], [ -118.482305941768004, 34.178953144673002 ], [ -118.482579835693002, 34.178942411264401 ], [ -118.482854000314006, 34.178938831962697 ], [ -118.483128164934996, 34.178942411264401 ], [ -118.483402058859994, 34.178953144673002 ], [ -118.483675412292996, 34.178971023195302 ], [ -118.483947955435994, 34.178996027945502 ], [ -118.484219419393, 34.179028135541202 ], [ -118.484273006395995, 34.179035907482302 ], [ -118.484431999338995, 34.179033831847001 ], [ -118.484706163959999, 34.179037411148698 ], [ -118.484980058784998, 34.179048145456697 ], [ -118.485253412217006, 34.179066023079699 ], [ -118.485525956260005, 34.179091027829799 ], [ -118.485797420216997, 34.179123135425499 ], [ -118.486067536988998, 34.179162312591799 ], [ -118.486336039478999, 34.179208520657802 ], [ -118.486602664184005, 34.179261715556898 ], [ -118.486867147602993, 34.179321844228902 ], [ -118.487129227134005, 34.1793888464193 ], [ -118.487388646471004, 34.179462657376902 ], [ -118.487645148406997, 34.179543203357298 ], [ -118.487898480233, 34.179630405220202 ], [ -118.488148391937003, 34.1797241766306 ], [ -118.488394636205996, 34.179824424958397 ], [ -118.488636972020998, 34.179931052177501 ], [ -118.488875157465003, 34.180043953067099 ], [ -118.489108959613006, 34.180163014312797 ], [ -118.489338147340007, 34.180288120801301 ], [ -118.489562494915006, 34.180419148426097 ], [ -118.489781779308004, 34.180555966785597 ], [ -118.489995785578998, 34.1806984418808 ], [ -118.490204302389003, 34.180846433417301 ], [ -118.490407122891995, 34.180999793906501 ], [ -118.490604048340003, 34.1811583740608 ], [ -118.490794884478007, 34.181322016499003 ], [ -118.490979441549996, 34.181490558443699 ], [ -118.491157537891993, 34.181663836218199 ], [ -118.491328999036, 34.181841676253498 ], [ -118.491493654110997, 34.182023904980397 ], [ -118.491651341239006, 34.182210341635098 ], [ -118.491801904835995, 34.182400801856701 ], [ -118.491945196515999, 34.182595098586098 ], [ -118.492081074184, 34.182793040267697 ], [ -118.492209403843006, 34.182994430849398 ], [ -118.492259726306997, 34.183079781008303 ], [ -118.492300116658996, 34.1829987619844 ], [ -118.492412977979001, 34.182791072551097 ], [ -118.492533632822997, 34.182586430920203 ], [ -118.492661961582002, 34.182385040338502 ], [ -118.492797839250997, 34.182187098656797 ], [ -118.492941130030999, 34.1819928019274 ], [ -118.493091692730005, 34.181802340806499 ], [ -118.493249378957998, 34.181615904151798 ], [ -118.493414033133007, 34.181433676324197 ], [ -118.493585493378006, 34.181255835389599 ], [ -118.493763588820997, 34.181082558514397 ], [ -118.493948144992999, 34.180914015670403 ], [ -118.494138980231995, 34.180750374131598 ], [ -118.494335904780002, 34.1805917939773 ], [ -118.494538724384995, 34.180438432588801 ], [ -118.494747240294998, 34.180290441951499 ], [ -118.494961245667, 34.180147966856403 ], [ -118.495180529159995, 34.180011147597497 ], [ -118.495404874936995, 34.179880120871999 ], [ -118.495634061765003, 34.179755014383602 ], [ -118.495867862113997, 34.179635952238499 ], [ -118.496106047558001, 34.1795230522482 ], [ -118.496348381575004, 34.179416425029103 ], [ -118.496594624943995, 34.179316175802001 ], [ -118.496844534849004, 34.179222404391602 ], [ -118.497097865775999, 34.179135202528698 ], [ -118.497354366812999, 34.179054656548402 ], [ -118.497613784351003, 34.178980846489999 ], [ -118.497875862982994, 34.178913843400302 ], [ -118.498140344603001, 34.178853715627703 ], [ -118.498406968409, 34.178800520728601 ], [ -118.498675469999, 34.1787543117632 ], [ -118.498945585871994, 34.178715134596899 ], [ -118.499217048030005, 34.178683027900597 ], [ -118.499489590273996, 34.178658023150398 ], [ -118.499762942808005, 34.178640144628098 ], [ -118.500036835833001, 34.178629410320198 ], [ -118.500310999554998, 34.178625831018401 ], [ -118.500585163276995, 34.178629410320298 ], [ -118.500859056303, 34.178640144628098 ], [ -118.501132408836, 34.178658023150398 ], [ -118.501404951080005, 34.178683027900597 ], [ -118.501676413238002, 34.178715134596899 ], [ -118.501946529110995, 34.1787543117632 ], [ -118.502215030700995, 34.178800520728601 ], [ -118.502481654506994, 34.178853715627604 ], [ -118.502746136127001, 34.178913843400302 ], [ -118.502807356576, 34.178929495201203 ], [ -118.502888656189, 34.178945715373601 ], [ -118.503153137808994, 34.1790058431463 ], [ -118.503415217341001, 34.179072846235997 ], [ -118.503674635777998, 34.1791466562943 ], [ -118.503931136814998, 34.179227202274703 ], [ -118.504184467740998, 34.1793144041376 ], [ -118.504434378545994, 34.179408175548097 ], [ -118.504680621915, 34.1795084247752 ], [ -118.504922955932003, 34.179615051994197 ], [ -118.505161141376007, 34.179727951984603 ], [ -118.505394942625003, 34.1798470141295 ], [ -118.505624129452002, 34.179972120617997 ], [ -118.505848475229001, 34.180103147343502 ], [ -118.506067759621999, 34.180239966602301 ], [ -118.506281764994, 34.180382441697503 ], [ -118.506490280904003, 34.180530432334699 ], [ -118.506693101408004, 34.180683793723297 ], [ -118.506890025955997, 34.180842373877603 ], [ -118.507080860296, 34.181006015416401 ], [ -118.507265417366995, 34.181174558260402 ], [ -118.507443513709006, 34.181347835135703 ], [ -118.507614973054999, 34.181525676070301 ], [ -118.507779628129001, 34.181707903897802 ], [ -118.507937314358003, 34.181894340552503 ], [ -118.508087877055999, 34.182084801673398 ], [ -118.508231167836001, 34.182279098402802 ], [ -118.508367045504997, 34.1824770400845 ], [ -118.508495375164003, 34.182678430666201 ], [ -118.508616030008, 34.182883072297102 ], [ -118.508728891326996, 34.183090761730398 ], [ -118.508833847605999, 34.183301294819998 ], [ -118.508930796320996, 34.183514463822597 ], [ -118.509019639447004, 34.183730058296703 ], [ -118.509100290648007, 34.183947866002399 ], [ -118.509172670783997, 34.184167671102301 ], [ -118.509236707010004, 34.184389256859902 ], [ -118.509292337274005, 34.1846124056392 ], [ -118.509339505816001, 34.184836895307598 ], [ -118.509378166771, 34.185062506430697 ], [ -118.509408281469007, 34.185289015077103 ], [ -118.509429819332993, 34.185516198215097 ], [ -118.509442760577002, 34.185743831014101 ], [ -118.509447090812998, 34.185971689543003 ], [ -118.509442807341998, 34.186199548071897 ], [ -118.509429912862004, 34.186427183568803 ], [ -118.509408420864006, 34.186654369404799 ], [ -118.509378352930995, 34.186880881648499 ], [ -118.509339736941001, 34.187106498167502 ], [ -118.509292612465998, 34.187330995030599 ], [ -118.509237025370993, 34.187554151004399 ], [ -118.509173030512997, 34.187775745755197 ], [ -118.509100691745999, 34.187995560747702 ], [ -118.509020078315999, 34.1882133783459 ], [ -118.508931272062995, 34.188428984511198 ], [ -118.508834359320005, 34.1886421670036 ], [ -118.508729436316997, 34.188852713583003 ], [ -118.508616605574005, 34.1890604174055 ], [ -118.508495979507998, 34.189265074324901 ], [ -118.508367675930003, 34.189466481094399 ], [ -118.508231823442003, 34.189664438963803 ], [ -118.508088553345999, 34.189858752780403 ], [ -118.507938009534001, 34.190049230988301 ], [ -118.507780338594003, 34.190235685629602 ], [ -118.507615697009001, 34.190417932342797 ], [ -118.507444247555995, 34.190595792163201 ], [ -118.507266158408996, 34.190769087924203 ], [ -118.507081606732996, 34.190937649654003 ], [ -118.506890773292994, 34.191101310977899 ], [ -118.506693846946007, 34.191259910017997 ], [ -118.506491021944996, 34.191413290292303 ], [ -118.506282498839994, 34.191561300714604 ], [ -118.506068483576001, 34.191703794695499 ], [ -118.505849186592997, 34.1918406319407 ], [ -118.505624824628001, 34.191971677552097 ], [ -118.505395618915003, 34.192096801127597 ], [ -118.505161796082007, 34.192215880359697 ], [ -118.504923587256002, 34.192328797437199 ], [ -118.504681226260004, 34.192435439944802 ], [ -118.504434954112, 34.192535704460298 ], [ -118.504185011830998, 34.192629490259897 ], [ -118.503931648529004, 34.192716705612597 ], [ -118.503675112419003, 34.192797264183604 ], [ -118.503415657109002, 34.192871086832298 ], [ -118.503153538907, 34.192938099814597 ], [ -118.502889015917006, 34.192998238379097 ], [ -118.502622350742996, 34.193051441372099 ], [ -118.502353805984995, 34.193097657532 ], [ -118.502083646046003, 34.193136841892901 ], [ -118.501812138022004, 34.1931689539852 ], [ -118.501539549911996, 34.193193963231998 ], [ -118.501266150614001, 34.1932118444522 ], [ -118.500992209925002, 34.193222579659498 ], [ -118.500717999437995, 34.193226159860501 ], [ -118.500443788951998, 34.193222579659498 ], [ -118.500169848262004, 34.1932118444522 ], [ -118.499896448963995, 34.193193963231998 ], [ -118.499623860854996, 34.1931689539852 ], [ -118.499352352830996, 34.193136841892901 ], [ -118.499082192890995, 34.193097657532 ], [ -118.498813648132995, 34.193051441372099 ], [ -118.498546982958999, 34.192998238379097 ], [ -118.49828245997, 34.192938099814597 ], [ -118.498221270098, 34.192922456107603 ], [ -118.498139984874001, 34.192906238633199 ], [ -118.497875462783995, 34.1928461000686 ], [ -118.497613345481994, 34.192779087086301 ], [ -118.497353890171993, 34.192705264437599 ], [ -118.497097354062007, 34.192624705866599 ], [ -118.496843990759999, 34.192537490513999 ], [ -118.496594049378004, 34.1924437047144 ], [ -118.49634777723, 34.192343440198798 ], [ -118.496105416234002, 34.192236797691201 ], [ -118.495867207407997, 34.1921238806137 ], [ -118.495633385473994, 34.1920048013816 ], [ -118.495404179760996, 34.191879677806099 ], [ -118.495179818696002, 34.191748632194702 ], [ -118.494960521712997, 34.191611794949502 ], [ -118.494746506447996, 34.191469300968599 ], [ -118.494537983342994, 34.191321290546199 ], [ -118.494335158343006, 34.191167910272 ], [ -118.494138232894997, 34.191009311231902 ], [ -118.493947399454996, 34.190845649907999 ], [ -118.493762847778996, 34.190677088178198 ], [ -118.493584758631997, 34.190503792417303 ], [ -118.493413309179005, 34.190325933496197 ], [ -118.493248668492996, 34.190143685883498 ], [ -118.493090997554006, 34.189957231242403 ], [ -118.492940453740999, 34.189766753034398 ], [ -118.492797184544997, 34.189572439217898 ], [ -118.492661331158004, 34.189374481348402 ], [ -118.492533027579, 34.189173074578903 ], [ -118.492483320250997, 34.189088739754702 ], [ -118.492443465894993, 34.1891687137663 ], [ -118.492330635152996, 34.189376417588697 ], [ -118.492210008187001, 34.189581074508197 ], [ -118.492081704609006, 34.189782480378298 ], [ -118.491945851221999, 34.189980438247701 ], [ -118.491802581125995, 34.1901747529636 ], [ -118.491652035515003, 34.190365231171597 ], [ -118.491494364575004, 34.1905516858128 ], [ -118.491329722990002, 34.190733932526101 ], [ -118.491158272638003, 34.190911792346498 ], [ -118.490980182591002, 34.191085088107499 ], [ -118.490795630015995, 34.191253649837201 ], [ -118.490604795677001, 34.191417311161103 ], [ -118.490407869329999, 34.191575910201202 ], [ -118.490205043429995, 34.1917292904755 ], [ -118.489996519426001, 34.191877300897801 ], [ -118.489782503262006, 34.192019794878803 ], [ -118.489563205379994, 34.192156632123996 ], [ -118.489338842516005, 34.192287676836003 ], [ -118.489109635903006, 34.192412801310901 ], [ -118.488875812171003, 34.192531879643703 ], [ -118.488637602444996, 34.192644796721197 ], [ -118.488395241448998, 34.192751440127999 ], [ -118.488148967502994, 34.192851703744303 ], [ -118.487899025222006, 34.192945489543803 ], [ -118.487645660121004, 34.193032704896602 ], [ -118.487389123111996, 34.193113263467403 ], [ -118.487129666903002, 34.193187086116303 ], [ -118.486867547800998, 34.193254099997802 ], [ -118.486603023913005, 34.193314237663103 ], [ -118.486336357838994, 34.193367441555303 ], [ -118.486067811282993, 34.193413657715297 ], [ -118.485797650443004, 34.1934528411768 ], [ -118.485526141519998, 34.193484953269099 ], [ -118.485253552512006, 34.193509962515897 ], [ -118.484980152313994, 34.193527843736199 ], [ -118.484706211624001, 34.193538579842702 ], [ -118.484431999338995, 34.193542160043798 ], [ -118.484157787054002, 34.193538579842702 ], [ -118.483883846365003, 34.193527843736199 ], [ -118.483610446167006, 34.193509962515897 ], [ -118.483337857158006, 34.193484953269099 ], [ -118.483066348234999, 34.1934528411768 ], [ -118.483012877245002, 34.193445085423498 ], [ -118.482854000314006, 34.193447160159501 ], [ -118.482579788928007, 34.193443579958398 ], [ -118.482305848237999, 34.193432843851802 ], [ -118.482032448040997, 34.1934149626316 ], [ -118.481759859031996, 34.193389953384802 ], [ -118.481488350109004, 34.193357841292503 ], [ -118.481218190169002, 34.193318657830901 ], [ -118.480949643613002, 34.193272441670999 ], [ -118.480682977539004, 34.193219237778798 ], [ -118.480418454550005, 34.193159100113498 ], [ -118.480156336348003, 34.1930920862319 ], [ -118.479896880138995, 34.193018264482497 ], [ -118.479640343129006, 34.192937705012199 ], [ -118.479386978928005, 34.192850489659598 ], [ -118.479137035747996, 34.192756703859899 ], [ -118.478890762700999, 34.192656440243702 ], [ -118.478648401704007, 34.192549796836801 ], [ -118.478410191978995, 34.192436880658697 ], [ -118.478176369145999, 34.192317801426597 ], [ -118.477947162533994, 34.192192676951599 ], [ -118.477722800568998, 34.1920616322397 ], [ -118.477503502687, 34.191924794994399 ], [ -118.477289486523006, 34.191782301013497 ], [ -118.477080962518002, 34.191634290591203 ], [ -118.476878137518, 34.191480910316898 ], [ -118.476681210272005, 34.191322311276799 ], [ -118.476490376832004, 34.191158649952797 ], [ -118.476305824256002, 34.190990088223103 ], [ -118.476127735109003, 34.190816792462201 ], [ -118.475956284757004, 34.190638932641797 ], [ -118.475791643172002, 34.190456685928503 ], [ -118.475633972232004, 34.1902702312873 ], [ -118.475483426620997, 34.190079753079303 ], [ -118.475340157424, 34.189885439262802 ], [ -118.475204303138, 34.189687480494001 ], [ -118.475076000458998, 34.189486074623801 ], [ -118.474955373493998, 34.1892814177044 ], [ -118.474842542751006, 34.189073713881903 ], [ -118.474737618847996, 34.1888631673025 ], [ -118.474640706106001, 34.188649984810098 ], [ -118.474603005625994, 34.188558455409499 ], [ -118.474544298782007, 34.188700984463999 ], [ -118.474485993936, 34.188829240378297 ], [ -118.474473140824998, 34.188873745128397 ], [ -118.474400800259005, 34.189093560120902 ], [ -118.474320186829004, 34.189311378618399 ], [ -118.474231378777006, 34.189526984783697 ], [ -118.474134465136004, 34.189740166376801 ], [ -118.474029540333007, 34.189950712956197 ], [ -118.473940472376995, 34.190114672855003 ], [ -118.473916708690993, 34.190158417677999 ], [ -118.473797803028006, 34.190360151800697 ], [ -118.473796080827, 34.190363073698101 ], [ -118.473667776349004, 34.190564480467501 ], [ -118.473531921163001, 34.190762438337003 ], [ -118.473388649268998, 34.190956752153497 ], [ -118.473238103658005, 34.191147230361601 ], [ -118.473080430918998, 34.191333685002697 ], [ -118.472915786635994, 34.191515932615303 ], [ -118.472744335385002, 34.191693791536402 ], [ -118.472566243539006, 34.191867087297403 ], [ -118.472381689165999, 34.192035649027098 ], [ -118.472190853927003, 34.192199310351 ], [ -118.471993924882, 34.192357909391099 ], [ -118.471791097183001, 34.192511289665397 ], [ -118.471582571381006, 34.192659300087797 ], [ -118.471368553418003, 34.1928017940687 ], [ -118.471149253736996, 34.192938631313901 ], [ -118.470924888175006, 34.1930696760259 ], [ -118.470695679764006, 34.193194800500699 ], [ -118.470461854232994, 34.193313879732898 ], [ -118.470223641809994, 34.193426795911101 ], [ -118.469981278115995, 34.193533439317903 ], [ -118.469735002370996, 34.1936337029342 ], [ -118.469485057392006, 34.193727488733799 ], [ -118.469231690491995, 34.1938147040864 ], [ -118.469025351840997, 34.193879498441198 ], [ -118.468975150784999, 34.193895262657399 ], [ -118.468715692776996, 34.1939690853062 ], [ -118.468453570977999, 34.194036099187798 ], [ -118.468189045290003, 34.194096236852999 ], [ -118.467922376518999, 34.1941494407452 ], [ -118.467653827264002, 34.194195656905201 ], [ -118.467383663727006, 34.194234840366803 ], [ -118.467112152105997, 34.194266952459103 ], [ -118.467097339372998, 34.194268311334604 ], [ -118.466839560400004, 34.194291961705801 ], [ -118.466566158404007, 34.194309842926103 ], [ -118.466292214115995, 34.194320579032699 ], [ -118.466018000033003, 34.194324158334403 ], [ -118.465743785949002, 34.194320579032599 ], [ -118.465469841661999, 34.194309842926103 ], [ -118.465196439666002, 34.194291961705801 ], [ -118.464953659586001, 34.1942696872974 ], [ -118.464923847959, 34.194266952459103 ], [ -118.464652336338006, 34.194234840366697 ], [ -118.464382172800995, 34.194195656905201 ], [ -118.464113623546993, 34.1941494407452 ], [ -118.463846954774993, 34.194096236852999 ], [ -118.463582429088007, 34.194036099187798 ], [ -118.463325619583998, 34.193970443282502 ], [ -118.463320307288001, 34.1939690853062 ], [ -118.463060849281007, 34.193895262657499 ], [ -118.462804309573002, 34.1938147040864 ], [ -118.462550942674, 34.193727488733799 ], [ -118.462300997694996, 34.1936337029342 ], [ -118.462054721949997, 34.193533439317903 ], [ -118.461812358255997, 34.193426795911101 ], [ -118.461574145832003, 34.193313879732898 ], [ -118.461340320302, 34.193194800500699 ], [ -118.461111111890006, 34.1930696760259 ], [ -118.460886746328001, 34.192938631313901 ], [ -118.460667446646994, 34.1928017940687 ], [ -118.460453428685, 34.192659300087797 ], [ -118.460244902881996, 34.192511289665397 ], [ -118.460042075184006, 34.192357909391198 ], [ -118.459845146139003, 34.192199310351 ], [ -118.459654310900007, 34.192035649027098 ], [ -118.459469756526005, 34.191867087297403 ], [ -118.459291664681004, 34.191693791536402 ], [ -118.459120213429003, 34.191515932615403 ], [ -118.458955569145999, 34.191333685002697 ], [ -118.458797896408001, 34.191147230361601 ], [ -118.458647350796994, 34.190956752153497 ], [ -118.458504078901996, 34.190762438337003 ], [ -118.458403469946006, 34.190615838051599 ], [ -118.458368223717002, 34.190564480467501 ], [ -118.458245196460993, 34.190371357353399 ], [ -118.458239919239006, 34.190363073698101 ], [ -118.458119291374004, 34.190158417677999 ], [ -118.458006459732005, 34.189950712956197 ], [ -118.457901534930002, 34.189740166376701 ], [ -118.457804621288005, 34.189526984783697 ], [ -118.457715813236007, 34.189311378618299 ], [ -118.457635199807001, 34.189093560120902 ], [ -118.457562859240994, 34.188873745128397 ], [ -118.457498863484005, 34.1886521503776 ], [ -118.457443275488998, 34.188428995302999 ], [ -118.457428918711997, 34.188360602760802 ], [ -118.457396151013995, 34.188204498440001 ], [ -118.457357535024002, 34.187978881920998 ], [ -118.457327465291996, 34.187752369677298 ], [ -118.457305973293998, 34.187525183841302 ], [ -118.457293078814999, 34.187297548344297 ], [ -118.457288795343999, 34.187069689815502 ], [ -118.457293125579, 34.1868418312866 ], [ -118.457306066824003, 34.186614198487597 ], [ -118.457327605586997, 34.186387015349602 ], [ -118.457357720285003, 34.186160506703203 ], [ -118.457396381240002, 34.185934895580097 ], [ -118.457443550681006, 34.185710405911699 ], [ -118.457499181844, 34.185487257132401 ], [ -118.457519728655001, 34.185416159429401 ], [ -118.457563218969, 34.1852656713748 ], [ -118.457635600005005, 34.185045866274798 ], [ -118.457716252105001, 34.184828059468501 ], [ -118.457805097030004, 34.184612464994501 ], [ -118.457863435152007, 34.184484193791697 ], [ -118.457876301751995, 34.184439671055102 ], [ -118.457948681887999, 34.1842198659552 ], [ -118.458029333089002, 34.184002058249597 ], [ -118.458118177114002, 34.183786463775398 ], [ -118.458215125829, 34.183573294772899 ], [ -118.458320082108003, 34.183362761683199 ], [ -118.458432944327001, 34.183155072250003 ], [ -118.458553600070999, 34.182950430619002 ], [ -118.458681929728996, 34.182749040037301 ], [ -118.458817807398006, 34.182551098355702 ], [ -118.458961098177994, 34.182356801626199 ], [ -118.459111661776006, 34.182166341404702 ], [ -118.459269348903007, 34.181979904750001 ], [ -118.459434003978004, 34.181797676023102 ], [ -118.459605464223003, 34.181619835987803 ], [ -118.459783561463993, 34.181446558213203 ], [ -118.459968118535997, 34.1812780162686 ], [ -118.460017737730993, 34.1812354675439 ], [ -118.460008629396995, 34.181139184327101 ], [ -118.459995735817003, 34.180911549729402 ], [ -118.459991452346003, 34.180683690301201 ], [ -118.459995782581004, 34.180455831772399 ], [ -118.460008722926005, 34.180228198074097 ], [ -118.460030259890999, 34.180001014936003 ], [ -118.460060372789997, 34.179774506289597 ], [ -118.460099031048003, 34.179548895166498 ], [ -118.460146196891998, 34.179324404598802 ], [ -118.460201823557, 34.179101256718802 ], [ -118.460265856185998, 34.178879670061903 ], [ -118.460338230926993, 34.178659864962 ], [ -118.460418877631, 34.178442057256298 ], [ -118.460507715361004, 34.178226462782199 ], [ -118.460604657781005, 34.1780132937796 ], [ -118.460709607764002, 34.177802759790701 ], [ -118.460822461888995, 34.177595070357398 ], [ -118.460943109539002, 34.177390428726397 ], [ -118.461071431104003, 34.177189038144697 ], [ -118.461207299779005, 34.176991096463098 ], [ -118.461350581565995, 34.176796798834403 ], [ -118.461501135271007, 34.1766063386128 ], [ -118.461658811606995, 34.176419901058701 ], [ -118.461823455889999, 34.176237673231199 ], [ -118.461994905343005, 34.176059832296602 ], [ -118.462172989994002, 34.1758865554214 ], [ -118.462357535373997, 34.175718012577398 ], [ -118.462548358022005, 34.175554370139203 ], [ -118.462745270880006, 34.175395789984897 ], [ -118.462948078793005, 34.175242428596398 ], [ -118.463156581212999, 34.175094437059798 ], [ -118.463370573096, 34.174951961964602 ], [ -118.463589843099001, 34.174815143605201 ], [ -118.463814175386005, 34.174684115980398 ], [ -118.464043347824003, 34.174559009491801 ], [ -118.464277134683996, 34.174439947346798 ], [ -118.464515305738999, 34.174327047356499 ], [ -118.464757624466998, 34.174220420137502 ], [ -118.465003852547994, 34.1741201709103 ], [ -118.465253748064001, 34.174026399499901 ], [ -118.465507062802999, 34.173939197636997 ], [ -118.465763547652003, 34.173858651656602 ], [ -118.466022949901003, 34.173784840699 ], [ -118.466285012346006, 34.173717838508601 ], [ -118.466549477778003, 34.173657709836597 ], [ -118.466816085396005, 34.173604514937601 ], [ -118.467084570797994, 34.1735583059722 ], [ -118.467354669583997, 34.1735191288059 ], [ -118.467626115555007, 34.173487022109498 ], [ -118.467898640711994, 34.173462017359299 ], [ -118.468171976158004, 34.173444138837098 ], [ -118.468445852995998, 34.173433404529199 ], [ -118.468719999629997, 34.1734298261267 ], [ -118.468994146265004, 34.173433404529099 ], [ -118.469268023102998, 34.173444138836999 ], [ -118.469541358548994, 34.173462017359299 ], [ -118.469813883705996, 34.173487022109498 ], [ -118.470085329675996, 34.1735191288059 ], [ -118.470355428462, 34.1735583059722 ] ] ], [ [ [ -118.588746726881993, 34.233328415575102 ], [ -118.588802389521007, 34.233105269493699 ], [ -118.588866462618995, 34.232883684635503 ], [ -118.588938884124005, 34.232663881334197 ], [ -118.589019582090003, 34.232446076326497 ], [ -118.589108477376001, 34.232230482751703 ], [ -118.58920548095, 34.2320173155478 ], [ -118.589310497484007, 34.231806784256797 ], [ -118.589423424453997, 34.2315990957228 ], [ -118.589544148545997, 34.2313944567899 ], [ -118.589672551948993, 34.231193067107498 ], [ -118.589808507857995, 34.230995127224503 ], [ -118.589951881375995, 34.230800832293703 ], [ -118.590102530409993, 34.230610372971498 ], [ -118.590260308368997, 34.230423938115401 ], [ -118.590425056973004, 34.230241711187098 ], [ -118.590596616143003, 34.230063872051197 ], [ -118.590774815008004, 34.2298905960753 ], [ -118.590959477300004, 34.229722055029903 ], [ -118.591150422256007, 34.229558414390503 ], [ -118.591347460118996, 34.229399836034801 ], [ -118.591550397535002, 34.229246475545601 ], [ -118.591759033054998, 34.229098485807597 ], [ -118.591973161634002, 34.2289560116118 ], [ -118.592192571932003, 34.228819194151598 ], [ -118.592417047211001, 34.228688168325398 ], [ -118.592646365340002, 34.2285630627362 ], [ -118.592880301487, 34.228444001490601 ], [ -118.593118623628001, 34.228331102399601 ], [ -118.593361097038994, 34.228224476079902 ], [ -118.593607483401001, 34.228124227752097 ], [ -118.593857537198005, 34.228030457240997 ], [ -118.594111013814, 34.227943256277399 ], [ -118.594367662340005, 34.227862711196302 ], [ -118.594627230065001, 34.227788901137998 ], [ -118.594889459783005, 34.2277218989476 ], [ -118.595154094288006, 34.227661771175001 ], [ -118.595420870978998, 34.227608577175197 ], [ -118.595448517037994, 34.227603822459599 ], [ -118.595689528150999, 34.227562368209902 ], [ -118.595959798707995, 34.2275231919429 ], [ -118.596231418247001, 34.227491085246498 ], [ -118.596504117872996, 34.227466080496399 ], [ -118.596777627787006, 34.227448201974099 ], [ -118.597051678195001, 34.227437468565398 ], [ -118.597326000197, 34.2274338892637 ], [ -118.597600322199, 34.227437468565398 ], [ -118.597874372606, 34.227448201974099 ], [ -118.598147882521005, 34.227466080496399 ], [ -118.598420582146005, 34.227491085246498 ], [ -118.598692201686006, 34.2275231919429 ], [ -118.598962472241993, 34.227562368209902 ], [ -118.599048469913001, 34.227577160258903 ], [ -118.599231129415003, 34.227608577175197 ], [ -118.599497906105995, 34.227661771174901 ], [ -118.599762540610996, 34.2277218989476 ], [ -118.600024770329, 34.227788901137998 ], [ -118.600284338053996, 34.227862711196302 ], [ -118.600540986579006, 34.227943256277399 ], [ -118.600794463195996, 34.228030457240997 ], [ -118.601044516992999, 34.228124227752097 ], [ -118.601290903354993, 34.228224476079802 ], [ -118.601533376766, 34.228331102399601 ], [ -118.601771698907001, 34.228444001490601 ], [ -118.602005635053999, 34.228563062736299 ], [ -118.602234953183, 34.228688168325498 ], [ -118.602459428461998, 34.228819194151598 ], [ -118.602678838759999, 34.2289560116118 ], [ -118.602892967339002, 34.229098485807597 ], [ -118.603101602858999, 34.229246475545501 ], [ -118.603304540273996, 34.229399836034801 ], [ -118.603501578136999, 34.229558414390397 ], [ -118.603692523093997, 34.229722055029903 ], [ -118.603877185385997, 34.2298905960753 ], [ -118.604055384250998, 34.230063872051097 ], [ -118.604226943420997, 34.230241711187197 ], [ -118.604391692025004, 34.230423938115401 ], [ -118.604549469983994, 34.230610372971398 ], [ -118.604700119016996, 34.230800832293703 ], [ -118.604843492534997, 34.230995127224503 ], [ -118.604979448444993, 34.231193067107498 ], [ -118.605107851848004, 34.2313944567899 ], [ -118.605228575940004, 34.2315990957228 ], [ -118.605341502909994, 34.231806784256896 ], [ -118.605446519443007, 34.2320173155478 ], [ -118.605543523017005, 34.232230482751703 ], [ -118.605632418303998, 34.232446076326497 ], [ -118.605713116269001, 34.232663881334197 ], [ -118.605785537773997, 34.232883684635503 ], [ -118.605832487781001, 34.233046052734302 ], [ -118.605357048591003, 34.233040246711099 ], [ -118.605348328763995, 34.233532308970098 ], [ -118.605347466314996, 34.233580972185202 ], [ -118.605021809210996, 34.233576992685201 ], [ -118.604997850372996, 34.2349288032229 ], [ -118.605323512872005, 34.234932780024998 ], [ -118.605316774252003, 34.2353130349697 ], [ -118.605701223634995, 34.2353127004219 ], [ -118.605871678436998, 34.235312567322303 ], [ -118.605948406796003, 34.235312507067697 ], [ -118.605954325233995, 34.235321078506097 ], [ -118.60596974501, 34.235344138922002 ], [ -118.605984670159003, 34.235367421470499 ], [ -118.606021705139995, 34.235367390893501 ], [ -118.606021423651995, 34.235370363152903 ], [ -118.605991338631, 34.235596874497297 ], [ -118.605952700158994, 34.235822488318298 ], [ -118.605924953376004, 34.2359545942303 ], [ -118.605928264680003, 34.236128688589297 ], [ -118.605923977611994, 34.236356546218801 ], [ -118.605911075937001, 34.236584179017797 ], [ -118.605889571348996, 34.236811363055097 ], [ -118.605859485428994, 34.237037873500199 ], [ -118.605820846957002, 34.237263488220599 ], [ -118.605773694601993, 34.2374879832849 ], [ -118.605718074232001, 34.237711137460202 ], [ -118.605654041603003, 34.237932730412297 ], [ -118.605581659668005, 34.238152543606098 ], [ -118.605500999474003, 34.2383703594057 ], [ -118.605412140159999, 34.2385859646716 ], [ -118.605315169861001, 34.2387991444661 ], [ -118.605210184803994, 34.239009689246899 ], [ -118.605097287511995, 34.239217392169998 ], [ -118.604976589499998, 34.239422046391503 ], [ -118.604848210379004, 34.239623451362299 ], [ -118.604712276952, 34.239821408332503 ], [ -118.604568922319999, 34.240015720350399 ], [ -118.604418288575005, 34.240206197658999 ], [ -118.604260524105996, 34.240392650501597 ], [ -118.604095785393994, 34.240574896315501 ], [ -118.603924234318001, 34.240752753438002 ], [ -118.603746039949996, 34.240926048299599 ], [ -118.603561378557004, 34.241094609130101 ], [ -118.603370431802006, 34.241258268655301 ], [ -118.603173389442006, 34.241416866796101 ], [ -118.602970443933003, 34.241570245271802 ], [ -118.602761797621, 34.241718254794797 ], [ -118.602547654652994, 34.241860747876302 ], [ -118.602328228166996, 34.241997583322998 ], [ -118.602103733102993, 34.242128628034898 ], [ -118.601874391592006, 34.2422537507112 ], [ -118.601640430263998, 34.242372829044001 ], [ -118.601402080244, 34.242485745222098 ], [ -118.601159575355993, 34.242592386830303 ], [ -118.600913157517994, 34.2426926504466 ], [ -118.600663067748002, 34.242786435346801 ], [ -118.600409553359995, 34.242873649800202 ], [ -118.600152865265002, 34.242954208371103 ], [ -118.599893256171001, 34.243028030120598 ], [ -118.599630982386003, 34.243095043102898 ], [ -118.599366302915001, 34.243155179868801 ], [ -118.599099479458999, 34.2432083837611 ], [ -118.598830775522003, 34.243254599021697 ], [ -118.598560455503005, 34.2432937824832 ], [ -118.598288786500007, 34.243325894575499 ], [ -118.598016036513002, 34.243350903822297 ], [ -118.597742475337, 34.243368785042499 ], [ -118.597468372769001, 34.243379520249803 ], [ -118.597193999506004, 34.243383100450799 ], [ -118.596919626241998, 34.243379520249803 ], [ -118.596645523673999, 34.243368785042499 ], [ -118.596371962497997, 34.243350903822297 ], [ -118.596099212511007, 34.243325894575499 ], [ -118.595827543507994, 34.2432937824832 ], [ -118.595557223488996, 34.243254599021697 ], [ -118.595288519552, 34.2432083837611 ], [ -118.595021696095998, 34.243155179868801 ], [ -118.594757016624996, 34.243095043102898 ], [ -118.594494742839998, 34.243028030120598 ], [ -118.594235133747006, 34.242954208371103 ], [ -118.593978445651004, 34.242873649800202 ], [ -118.593724931262997, 34.2427864353469 ], [ -118.593474841493006, 34.2426926504466 ], [ -118.593228423655006, 34.242592386830303 ], [ -118.592985918766999, 34.242485745222098 ], [ -118.592747568747001, 34.242372829044001 ], [ -118.592513607418994, 34.2422537507111 ], [ -118.592284265908006, 34.242128628034898 ], [ -118.592059770844003, 34.241997583322998 ], [ -118.591840344358999, 34.241860747876302 ], [ -118.59162620139, 34.241718254794698 ], [ -118.591417555077996, 34.241570245271802 ], [ -118.591214609568993, 34.241416866796101 ], [ -118.591017567208993, 34.241258268655301 ], [ -118.590826620453996, 34.241094609130002 ], [ -118.590641959061003, 34.240926048299599 ], [ -118.590463764692998, 34.240752753438002 ], [ -118.590292213617005, 34.2405748963156 ], [ -118.590127474905003, 34.240392650501597 ], [ -118.589969710435994, 34.240206197658999 ], [ -118.589819076691001, 34.240015720350399 ], [ -118.589675722058999, 34.239821408332503 ], [ -118.589539788631996, 34.239623451362299 ], [ -118.589411409511001, 34.239422046391397 ], [ -118.589290711499004, 34.239217392169998 ], [ -118.589177814207005, 34.239009689246899 ], [ -118.589072829149998, 34.2387991444661 ], [ -118.588975858851001, 34.2385859646716 ], [ -118.588886999536996, 34.2383703594057 ], [ -118.588806339342995, 34.238152543606098 ], [ -118.588733957407996, 34.237932730412297 ], [ -118.588669924778998, 34.237711137460202 ], [ -118.588614304409006, 34.237487983285 ], [ -118.588567152055006, 34.237263488220499 ], [ -118.588528513582006, 34.237037873500199 ], [ -118.588498427662003, 34.236811363055097 ], [ -118.588476923073998, 34.236584179017797 ], [ -118.5884640214, 34.236356546218801 ], [ -118.588459734330996, 34.236128688589297 ], [ -118.588464068164001, 34.235900831859098 ], [ -118.588477016602994, 34.235673200858699 ], [ -118.588498567957004, 34.235446019519301 ], [ -118.588528699742, 34.235219512671499 ], [ -118.588567384079994, 34.234993904246501 ], [ -118.588595159641002, 34.234861792039197 ], [ -118.588591884310006, 34.234687688687103 ], [ -118.588596217244003, 34.234459831956798 ], [ -118.588609165682996, 34.234232200956498 ], [ -118.588630717035997, 34.234005019617101 ], [ -118.588660848820993, 34.233778512769298 ], [ -118.588699531360007, 34.233552904344201 ], [ -118.588746726881993, 34.233328415575102 ] ] ], [ [ [ -118.606026928402002, 34.235312210291397 ], [ -118.606024056867, 34.235342545323398 ], [ -118.606024004706001, 34.235312101473397 ], [ -118.606026928402002, 34.235312210291397 ] ] ], [ [ [ -118.600966808373997, 34.244941389034999 ], [ -118.601235520404998, 34.244987597101101 ], [ -118.601502351953997, 34.245040791100799 ], [ -118.601767040419006, 34.245100918873497 ], [ -118.602029324995002, 34.245167921063803 ], [ -118.602288945780003, 34.245241730222801 ], [ -118.602545646465998, 34.245322275303899 ], [ -118.602799175244002, 34.245409476267497 ], [ -118.603049281200995, 34.245503246778497 ], [ -118.603295717924993, 34.245603494207103 ], [ -118.603538240798997, 34.245710120526802 ], [ -118.603776612402996, 34.245823019617802 ], [ -118.604010596213996, 34.245942079964202 ], [ -118.604239962007, 34.246067185553301 ], [ -118.604464483151006, 34.246198210480102 ], [ -118.604683938414993, 34.246335027940297 ], [ -118.604898111061004, 34.246477502136202 ], [ -118.605106789749001, 34.246625490974701 ], [ -118.605309768533004, 34.246778850564603 ], [ -118.605506846866007, 34.246937428920297 ], [ -118.605697831392007, 34.247101068660498 ], [ -118.605882531456004, 34.247269609705903 ], [ -118.606060767193, 34.247442884782501 ], [ -118.606232361436, 34.247620723918402 ], [ -118.606397144214995, 34.2478029499473 ], [ -118.606554953650004, 34.247989384803503 ], [ -118.606705635059001, 34.248179843226303 ], [ -118.606849037355005, 34.248374138157097 ], [ -118.606985021143998, 34.2485720771408 ], [ -118.607113450626997, 34.248773465923797 ], [ -118.607234199900006, 34.248978104856803 ], [ -118.607347149353998, 34.249185792491502 ], [ -118.607452188370004, 34.249396322883101 ], [ -118.607549211728994, 34.249609490087003 ], [ -118.607638125001998, 34.2498250818632 ], [ -118.607718839154998, 34.250042886870901 ], [ -118.607791275948998, 34.2502626901721 ], [ -118.607855362536995, 34.250484273231798 ], [ -118.607911035968002, 34.250707419313102 ], [ -118.607958242281001, 34.250931907183002 ], [ -118.607996932914006, 34.251157515608 ], [ -118.608027070995007, 34.251384021556497 ], [ -118.608048625945003, 34.251611201996496 ], [ -118.608061577081997, 34.251838832997002 ], [ -118.608065910915002, 34.252066688827803 ], [ -118.608061623846993, 34.252294545557902 ], [ -118.608048719474994, 34.252522177457699 ], [ -118.608027211288999, 34.252749361494999 ], [ -118.607997119074, 34.252975871940102 ], [ -118.607958473406995, 34.253201484861798 ], [ -118.607911312059002, 34.253425979926199 ], [ -118.607855681795996, 34.253649133202103 ], [ -118.607791637475998, 34.253870725254899 ], [ -118.607719241151997, 34.2540905384487 ], [ -118.607638565669006, 34.254308354248302 ], [ -118.607549690168, 34.254523957715598 ], [ -118.607452701883005, 34.254737137509998 ], [ -118.607347696141005, 34.254947682290897 ], [ -118.607234777265006, 34.255155384314698 ], [ -118.607114056770001, 34.255360038536097 ], [ -118.606985654267007, 34.2555614426076 ], [ -118.606849694760001, 34.2557593986784 ], [ -118.606706313147996, 34.255953710696303 ], [ -118.606555650624998, 34.256144187105697 ], [ -118.606397857377004, 34.256330639948203 ], [ -118.606233087188997, 34.2565128848629 ], [ -118.606061503736996, 34.256690741985302 ], [ -118.605883275194998, 34.2568640359477 ], [ -118.605698579627997, 34.257032595878698 ], [ -118.605507596899997, 34.257196255403997 ], [ -118.605310516768995, 34.257354852645499 ], [ -118.605107533487995, 34.257508232020498 ], [ -118.604898847605995, 34.257656240644103 ], [ -118.604684665066998, 34.257798732826501 ], [ -118.604465196313996, 34.257935568272998 ], [ -118.604240658980999, 34.258066612085599 ], [ -118.604011274303005, 34.258191734761901 ], [ -118.603777268908004, 34.258310813094702 ], [ -118.603538873922005, 34.258423728373501 ], [ -118.603296324067998, 34.258530369981699 ], [ -118.603049858565996, 34.258630633598003 ], [ -118.602799722032003, 34.258724418498304 ], [ -118.602546159978999, 34.258811632951598 ], [ -118.602289423320002, 34.2588921906232 ], [ -118.602029765663005, 34.258966012372703 ], [ -118.601767442416005, 34.259033024455597 ], [ -118.601502713482006, 34.259093162120898 ], [ -118.601235839664, 34.2591463651138 ], [ -118.600967084464997, 34.259192581273801 ], [ -118.600696713185002, 34.259231764735297 ], [ -118.600424992921006, 34.259263875928298 ], [ -118.600152191671995, 34.259288885175003 ], [ -118.599878579234996, 34.259306766395298 ], [ -118.599604425406, 34.259317501602503 ], [ -118.599329999982004, 34.259321081803598 ], [ -118.599055574556999, 34.259317501602503 ], [ -118.598781420728002, 34.259306766395298 ], [ -118.598507808291004, 34.259288885175003 ], [ -118.598235007042007, 34.259263875928198 ], [ -118.597963286777997, 34.259231764735297 ], [ -118.597692915498001, 34.259192581273702 ], [ -118.597424160298999, 34.2591463651138 ], [ -118.597157286482002, 34.259093162120898 ], [ -118.596892557548003, 34.259033024455597 ], [ -118.596630234299994, 34.258966012372703 ], [ -118.596370576642997, 34.2588921906232 ], [ -118.596113839984, 34.258811632951598 ], [ -118.595860277932005, 34.258724418498304 ], [ -118.595610141397003, 34.258630633598003 ], [ -118.595363675895001, 34.258530369981699 ], [ -118.595121126040993, 34.258423728373501 ], [ -118.594882731054994, 34.258310813094702 ], [ -118.594648725659994, 34.258191734761901 ], [ -118.594419340982, 34.258066612085599 ], [ -118.594194803649003, 34.257935568272998 ], [ -118.593975334896001, 34.257798732826402 ], [ -118.593761152357004, 34.257656240644103 ], [ -118.593552466475003, 34.257508232020399 ], [ -118.593349483194004, 34.257354852645499 ], [ -118.593152403063002, 34.257196255403997 ], [ -118.592961420335001, 34.257032595878798 ], [ -118.592776724768001, 34.256864035947601 ], [ -118.592598496226003, 34.256690741985302 ], [ -118.592426912774002, 34.2565128848629 ], [ -118.592262142585994, 34.256330639948203 ], [ -118.592104349338001, 34.256144187105697 ], [ -118.591953686815003, 34.255953710696303 ], [ -118.591810305202998, 34.255759398678499 ], [ -118.591674345697001, 34.2555614426076 ], [ -118.591545943192997, 34.255360038536097 ], [ -118.591425222698007, 34.255155384314698 ], [ -118.591312303821994, 34.254947682290798 ], [ -118.591207298079993, 34.254737137509998 ], [ -118.591110309794999, 34.254523957715598 ], [ -118.591021434294007, 34.254308354248302 ], [ -118.590940758811001, 34.2540905384487 ], [ -118.590868362487001, 34.253870725254899 ], [ -118.590804318167002, 34.253649133202103 ], [ -118.590748687903996, 34.253425979926199 ], [ -118.590701526556003, 34.253201484861798 ], [ -118.590662880888999, 34.252975871940102 ], [ -118.590632788674, 34.252749361494999 ], [ -118.590611280488005, 34.252522177457699 ], [ -118.590598376116006, 34.252294545558001 ], [ -118.590594089047997, 34.252066688827803 ], [ -118.590598422881001, 34.251838832997002 ], [ -118.590611374017996, 34.251611201996496 ], [ -118.590632928969001, 34.251384021556497 ], [ -118.590663067048993, 34.251157515608 ], [ -118.590701757681998, 34.250931907182903 ], [ -118.590748963996006, 34.250707419313102 ], [ -118.590804637426004, 34.250484273231699 ], [ -118.590868724014001, 34.2502626901721 ], [ -118.590941160808001, 34.250042886870901 ], [ -118.591021874961996, 34.249825081863101 ], [ -118.591110788234005, 34.249609490087003 ], [ -118.591207811592994, 34.249396322883101 ], [ -118.591312850609995, 34.249185792491502 ], [ -118.591425800063007, 34.248978104856803 ], [ -118.591546549336002, 34.248773465923797 ], [ -118.591674978819, 34.2485720771408 ], [ -118.591810962607994, 34.248374138157097 ], [ -118.591954364903998, 34.248179843226303 ], [ -118.592105046312994, 34.247989384803397 ], [ -118.592262855748004, 34.2478029499473 ], [ -118.592427638526999, 34.247620723918502 ], [ -118.592599232769999, 34.247442884782501 ], [ -118.592777468506995, 34.247269609705903 ], [ -118.592962168571006, 34.247101068660498 ], [ -118.593153153098001, 34.246937428920297 ], [ -118.593350231429994, 34.246778850564603 ], [ -118.593553210215006, 34.246625490974701 ], [ -118.593761888901994, 34.246477502136102 ], [ -118.593976061548005, 34.246335027940397 ], [ -118.594195516811993, 34.246198210480202 ], [ -118.594420037955999, 34.246067185553301 ], [ -118.594649403749003, 34.245942079964202 ], [ -118.594883387560003, 34.245823019617802 ], [ -118.595121759164002, 34.245710120526802 ], [ -118.595364282038005, 34.245603494207103 ], [ -118.595610718762003, 34.245503246778497 ], [ -118.595860824718997, 34.245409476267497 ], [ -118.596114353497001, 34.245322275303899 ], [ -118.596371054182995, 34.245241730222801 ], [ -118.596630674967997, 34.245167921063803 ], [ -118.596892959545002, 34.245100918873497 ], [ -118.597157648009002, 34.245040791100699 ], [ -118.597424479558001, 34.244987597101002 ], [ -118.597693191589997, 34.244941389034999 ], [ -118.597963517904006, 34.244902211868698 ], [ -118.598235193202001, 34.244870105172403 ], [ -118.598507948584995, 34.244845101321502 ], [ -118.598781514257993, 34.244827222799302 ], [ -118.599055622221002, 34.244816488491303 ], [ -118.599329999982004, 34.244812910088903 ], [ -118.599604377741997, 34.244816488491303 ], [ -118.599878485706, 34.244827222799202 ], [ -118.600152051378004, 34.244845101321502 ], [ -118.600424806762007, 34.244870105172403 ], [ -118.600696482059007, 34.244902211868698 ], [ -118.600966808373997, 34.244941389034999 ] ] ], [ [ [ -118.387177291601006, 33.943591898448503 ], [ -118.387257716172996, 33.943809715147403 ], [ -118.387329892162995, 33.944029528341197 ], [ -118.387393747624998, 33.944251123092002 ], [ -118.387449221406996, 33.944474279965199 ], [ -118.387496256849005, 33.944698779526199 ], [ -118.387534808086997, 33.944924398743197 ], [ -118.387564837349004, 33.9451509163829 ], [ -118.387586314958995, 33.945378108514099 ], [ -118.387599219330994, 33.9456057503062 ], [ -118.387603537874995, 33.945833617828299 ], [ -118.387599266094995, 33.946061485350398 ], [ -118.387586407588998, 33.946289129840601 ], [ -118.387564975844995, 33.946516324669801 ], [ -118.387534991549003, 33.946742845906797 ], [ -118.387496485276998, 33.9469684705196 ], [ -118.387449493001995, 33.947192976375902 ], [ -118.387394062387997, 33.947416141342998 ], [ -118.387330247394999, 33.947637744187702 ], [ -118.387258111874004, 33.947857568173397 ], [ -118.387177725973004, 33.9480753947648 ], [ -118.387130080790996, 33.948191398315501 ], [ -118.387187324438003, 33.948390036072503 ], [ -118.387242800916994, 33.9486131929457 ], [ -118.387289839057004, 33.948837692506601 ], [ -118.387328392094005, 33.949063311723698 ], [ -118.387358423155007, 33.949289829363302 ], [ -118.387379901662996, 33.949517020595202 ], [ -118.387392806034995, 33.949744662387403 ], [ -118.387397124580005, 33.949972529909502 ], [ -118.387392852800005, 33.950200397431502 ], [ -118.387379994292999, 33.950428041022498 ], [ -118.387358561650004, 33.950655235851599 ], [ -118.387328575555003, 33.950881757088602 ], [ -118.387290066584995, 33.951107381701497 ], [ -118.387243072512007, 33.9513318875577 ], [ -118.387187639199993, 33.951555051625498 ], [ -118.387123821508993, 33.9517766553695 ], [ -118.387051682391004, 33.951996478455897 ], [ -118.386971292892994, 33.952214305047299 ], [ -118.386882732154007, 33.952429919306503 ], [ -118.386832817083004, 33.952540027801199 ], [ -118.386785107148995, 33.952685408605902 ], [ -118.386704716750998, 33.952903235197297 ], [ -118.386616155113998, 33.953118849456501 ], [ -118.386519509470006, 33.953332039143497 ], [ -118.386414876047994, 33.953542593816799 ], [ -118.386302357369999, 33.9537503066325 ], [ -118.386182063153996, 33.953954970746501 ], [ -118.386054114808005, 33.9541563847106 ], [ -118.385918636438007, 33.954354349774597 ], [ -118.385775762044005, 33.954548671684996 ], [ -118.385625632819, 33.954739157087602 ], [ -118.385468398049994, 33.954925618923298 ], [ -118.385304210623005, 33.955107872831199 ], [ -118.385133234213995, 33.955285738946799 ], [ -118.384955636995002, 33.955459041902401 ], [ -118.384771594336001, 33.955627609927397 ], [ -118.384581287898001, 33.955791276647297 ], [ -118.384384905640999, 33.955949881982598 ], [ -118.384182640917999, 33.956103268552198 ], [ -118.383974693379997, 33.956251284370502 ], [ -118.383761268070003, 33.956393783747302 ], [ -118.383542577230003, 33.956530625489101 ], [ -118.383318833998999, 33.956661675596997 ], [ -118.383090261408995, 33.956786804568502 ], [ -118.382857084289, 33.9569058882972 ], [ -118.382619532866997, 33.957018808972002 ], [ -118.382377841866003, 33.957125455976197 ], [ -118.382132249606002, 33.957225724089 ], [ -118.381882998004002, 33.957319513485899 ], [ -118.381630333475002, 33.957406732435999 ], [ -118.381374506030994, 33.957487293704801 ], [ -118.381115766581004, 33.957561119051597 ], [ -118.380986475547999, 33.957594266263499 ], [ -118.381074061421003, 33.957685354097002 ], [ -118.381238283022, 33.957867589119097 ], [ -118.381395555563003, 33.958054032968398 ], [ -118.381545722558997, 33.958244500384502 ], [ -118.381688637422997, 33.958438805207898 ], [ -118.381824157161006, 33.958636753184798 ], [ -118.381952149574005, 33.958838151860398 ], [ -118.382072487857002, 33.9590428006859 ], [ -118.382185052400004, 33.959250497313803 ], [ -118.382289733486999, 33.959461038497302 ], [ -118.382386426794, 33.959674215593701 ], [ -118.382475036095997, 33.959889818161699 ], [ -118.382555475957005, 33.960107633062002 ], [ -118.382627665436999, 33.960327446255803 ], [ -118.382691533490004, 33.960549041006601 ], [ -118.382747017162998, 33.9607721969805 ], [ -118.382794061599, 33.960996695642102 ], [ -118.382832620930998, 33.9612223148591 ], [ -118.382862655588994, 33.961448831599498 ], [ -118.382884137695001, 33.961676022831298 ], [ -118.382897044765002, 33.9619036637243 ], [ -118.382901363309003, 33.962131531246399 ], [ -118.382897090629996, 33.962359398768399 ], [ -118.382884230325004, 33.962587041459898 ], [ -118.382862794085, 33.9628142353898 ], [ -118.382832804393004, 33.963040756626803 ], [ -118.382794290026993, 33.963266381239698 ], [ -118.382747289657999, 33.963490886196603 ], [ -118.382691848251994, 33.963714050264301 ], [ -118.382628021567996, 33.963935653109097 ], [ -118.382555871657999, 33.964155475296103 ], [ -118.382475470469004, 33.964373301887598 ], [ -118.382386897139995, 33.964588916146703 ], [ -118.382290238905, 33.964802105833698 ], [ -118.382185591094, 33.965012659607702 ], [ -118.382073057127997, 33.965220371524097 ], [ -118.381952747623004, 33.965425035637999 ], [ -118.381824781291002, 33.965626449602198 ], [ -118.381689284935007, 33.965824414666102 ], [ -118.381546391654993, 33.966018735677302 ], [ -118.381396242644996, 33.966209221079801 ], [ -118.381238986292004, 33.966395682016298 ], [ -118.381074777281, 33.966577935924199 ], [ -118.380903777488996, 33.966755801140401 ], [ -118.380726156888997, 33.966929103196698 ], [ -118.380542089048006, 33.967097671221701 ], [ -118.380351757430006, 33.967261338840899 ], [ -118.380155348193, 33.967419943276902 ], [ -118.379953056489995, 33.967573328947097 ], [ -118.379745081072997, 33.967721344765401 ], [ -118.379531627884006, 33.9678638441423 ], [ -118.379312906468002, 33.9680006858841 ], [ -118.379089134457999, 33.968131735992003 ], [ -118.378860531290997, 33.968256864064202 ], [ -118.378627322694996, 33.9683759477929 ], [ -118.378580306138005, 33.9683982941471 ], [ -118.378385334916999, 33.968505013097001 ], [ -118.378152125422005, 33.968624096825799 ], [ -118.377914541625003, 33.968737017500501 ], [ -118.377672817348994, 33.968843664504597 ], [ -118.377427190914005, 33.968943931718201 ], [ -118.377177905137998, 33.9690377211151 ], [ -118.376925206435004, 33.969124939165802 ], [ -118.376669343017994, 33.969205501334002 ], [ -118.376410569393997, 33.9692793257814 ], [ -118.376149139174004, 33.969346342361 ], [ -118.375885310461001, 33.969406481824898 ], [ -118.375619344959006, 33.969459687515801 ], [ -118.375351505270004, 33.9695059054743 ], [ -118.375082053995996, 33.969545090734499 ], [ -118.374811258234999, 33.969577203726097 ], [ -118.374539385985997, 33.9696022138722 ], [ -118.374266704346994, 33.9696200959918 ], [ -118.373993483115001, 33.969630832098403 ], [ -118.373719992085995, 33.969634412299399 ], [ -118.373446501057003, 33.969630832098296 ], [ -118.373173279824996, 33.9696200959918 ], [ -118.372900598186007, 33.9696022138722 ], [ -118.372628725937005, 33.969577203726097 ], [ -118.372357930175994, 33.969545090734499 ], [ -118.372088478902, 33.9695059054743 ], [ -118.371820639212999, 33.969459687515801 ], [ -118.371554673711003, 33.969406481824898 ], [ -118.371290844998995, 33.969346342361 ], [ -118.371029414777993, 33.9692793257814 ], [ -118.370770641153996, 33.969205501334002 ], [ -118.370514777737, 33.969124939165702 ], [ -118.370262079034006, 33.9690377211151 ], [ -118.370137866470998, 33.968990988744302 ], [ -118.370137217161002, 33.968837326982197 ], [ -118.370135995881995, 33.968548575357602 ], [ -118.370135355564003, 33.968397142115599 ], [ -118.370135153217007, 33.968243625144403 ], [ -118.370134019171999, 33.967997812550202 ], [ -118.372378553429996, 33.9679934508382 ], [ -118.372834788497002, 33.967652890169902 ], [ -118.372756840657999, 33.967559888579103 ], [ -118.372703328298002, 33.967492889985998 ], [ -118.372651229672996, 33.9674251251706 ], [ -118.372600562768, 33.967356613917701 ], [ -118.372551335677997, 33.967287374214102 ], [ -118.372503569087002, 33.967217428542703 ], [ -118.372477345755001, 33.967177435691198 ], [ -118.371930197322996, 33.967391634417602 ], [ -118.371628680721003, 33.966856907421501 ], [ -118.371251480772997, 33.9633715155842 ], [ -118.375203779933003, 33.961788115230497 ], [ -118.375304169453997, 33.961746701450302 ], [ -118.375421996829999, 33.961695778238699 ], [ -118.375520409640998, 33.9616512204286 ], [ -118.375617892554004, 33.961605244387698 ], [ -118.375714384413001, 33.961557855511799 ], [ -118.375809871729999, 33.961509073586001 ], [ -118.375904320329994, 33.961458907603699 ], [ -118.375997707729994, 33.961407375551097 ], [ -118.376090012345998, 33.961354495414703 ], [ -118.376181182018001, 33.961300280684597 ], [ -118.376271199658007, 33.961244745749497 ], [ -118.376360049078997, 33.961187910394898 ], [ -118.376447686213993, 33.961129796204297 ], [ -118.376534106565998, 33.961070411271599 ], [ -118.376619265168998, 33.961009783475902 ], [ -118.376703127848998, 33.960947923608899 ], [ -118.376785691009005, 33.960884850556603 ], [ -118.376866924970997, 33.9608205912984 ], [ -118.376946793762002, 33.960755156626298 ], [ -118.377025286589998, 33.960688572620697 ], [ -118.377102368381998, 33.960620858167204 ], [ -118.377178014856, 33.960552031252398 ], [ -118.377252209823993, 33.960482117057197 ], [ -118.377324935299995, 33.960411131769398 ], [ -118.377396160705999, 33.960339100570202 ], [ -118.377465861762005, 33.960266043244502 ], [ -118.377534037567997, 33.960191981375999 ], [ -118.377600640458994, 33.960116950038397 ], [ -118.377670442238994, 33.960035245731198 ], [ -118.377733746416993, 33.959958248475502 ], [ -118.377886242657993, 33.959759932675901 ], [ -118.377943743510997, 33.9596798399538 ], [ -118.377999550040997, 33.9595989171575 ], [ -118.378053666745004, 33.959517199360398 ], [ -118.378106044161001, 33.959434705448501 ], [ -118.378156715562, 33.959351465099203 ], [ -118.378205611702001, 33.959267501695003 ], [ -118.378252748766997, 33.9591828332223 ], [ -118.378298109672002, 33.959097497452703 ], [ -118.378341679127004, 33.959011513271903 ], [ -118.378383414864999, 33.958924911256801 ], [ -118.378423359153004, 33.958837712991198 ], [ -118.378461462529003, 33.958749941857498 ], [ -118.378497712401995, 33.958661638325097 ], [ -118.378532121361999, 33.958572820380503 ], [ -118.378564652538998, 33.958483512305399 ], [ -118.378595324816004, 33.958393744676698 ], [ -118.378624096826996, 33.9583035435748 ], [ -118.378650990153005, 33.958212941375301 ], [ -118.378675976018002, 33.958121959661902 ], [ -118.378690366070003, 33.958065906717401 ], [ -118.378907812248002, 33.9580109500465 ], [ -118.378907442626002, 33.957904434343298 ], [ -118.378906885047002, 33.957743649051302 ], [ -118.378905085503007, 33.957224490219197 ], [ -118.378905072913, 33.957220911816798 ], [ -118.378902753560993, 33.956552051836901 ], [ -118.378902190586004, 33.956389793455401 ], [ -118.378900939629006, 33.956029113154202 ], [ -118.378898591498995, 33.955351864298201 ], [ -118.378897776713004, 33.955096131282602 ], [ -118.378891369043998, 33.953256094094698 ], [ -118.378890784484, 33.953088261715102 ], [ -118.378888951665999, 33.952561893917398 ], [ -118.375670507389998, 33.952570632629701 ], [ -118.375017355867996, 33.952572406092798 ], [ -118.370939259541004, 33.952583479445202 ], [ -118.370571806445994, 33.952584632376002 ], [ -118.370571157135004, 33.952584634174698 ], [ -118.370177665968995, 33.952585868943899 ], [ -118.370176218059996, 33.952052683385801 ], [ -118.370173293465001, 33.951466111373101 ], [ -118.370173265586004, 33.9514604501408 ], [ -118.370161707498994, 33.949141968228403 ], [ -118.370151613508, 33.949141985315499 ], [ -118.370150827501007, 33.948576085119399 ], [ -118.370150810414003, 33.948563520691103 ], [ -118.370150597274005, 33.948410588279202 ], [ -118.370150373342994, 33.948249642008498 ], [ -118.370235147936, 33.948043343826399 ], [ -118.370306477664002, 33.947886063192399 ], [ -118.370280800220996, 33.9478078167785 ], [ -118.370216985227998, 33.947586213933803 ], [ -118.370161554614, 33.9473630489667 ], [ -118.370149057635004, 33.947303344774703 ], [ -118.370148149320002, 33.946649840718699 ], [ -118.370148149320002, 33.946649737296703 ], [ -118.370145470238995, 33.944722418206098 ], [ -118.370144144638999, 33.943768593646801 ], [ -118.370144144638999, 33.943768517204397 ], [ -118.370181551938998, 33.9436180345458 ], [ -118.370245407401995, 33.943396439795002 ], [ -118.370317582493001, 33.943176625701902 ], [ -118.370398006165004, 33.942958809902301 ], [ -118.370486598379998, 33.942743207334303 ], [ -118.370583271903001, 33.942530029338499 ], [ -118.370687932303994, 33.942319488155 ], [ -118.370800486055998, 33.942111783433198 ], [ -118.370920800056993, 33.941907135507101 ], [ -118.371048766390004, 33.941705736831501 ], [ -118.371184260047997, 33.941507787055897 ], [ -118.371327146132998, 33.9413134831319 ], [ -118.371477283451995, 33.941123014816398 ], [ -118.371634524515997, 33.940936570067798 ], [ -118.371798714641002, 33.940754334146398 ], [ -118.371969690151005, 33.940576486916498 ], [ -118.372147283323002, 33.9404032023971 ], [ -118.372331318787005, 33.940234653257797 ], [ -118.372521613982997, 33.940071004974001 ], [ -118.372717983200999, 33.939912418974103 ], [ -118.372920230836002, 33.939759051290302 ], [ -118.373128157690005, 33.939611054357897 ], [ -118.373341558267995, 33.939468573866797 ], [ -118.373560223927001, 33.939331749212002 ], [ -118.373783936132, 33.939200716640897 ], [ -118.374012474997997, 33.9390756065552 ], [ -118.374245616143995, 33.9389565390142 ], [ -118.374483128894994, 33.938843633627997 ], [ -118.374724778528005, 33.938737003710898 ], [ -118.374970327170999, 33.938636750436899 ], [ -118.375219532008003, 33.938542974529803 ], [ -118.375472147972999, 33.938455769969003 ], [ -118.375727923707004, 33.938375219941598 ], [ -118.375986609197, 33.938301407185399 ], [ -118.376247948585998, 33.938234402296999 ], [ -118.376511683768996, 33.938174270927 ], [ -118.376777554841993, 33.9381210742294 ], [ -118.377045298303997, 33.938074863465303 ], [ -118.377314651551998, 33.938035685399697 ], [ -118.377585348387001, 33.938003576904698 ], [ -118.377857120811996, 33.937978570355902 ], [ -118.378129701725996, 33.937960691833602 ], [ -118.378402822235003, 33.937949957525703 ], [ -118.378676211639998, 33.9379463773246 ], [ -118.378949601044994, 33.937949955726999 ], [ -118.379222733245001, 33.937960684639002 ], [ -118.379495314159996, 33.9379785640607 ], [ -118.379767086583996, 33.938003569710098 ], [ -118.380037783418999, 33.938035678205097 ], [ -118.380307136667, 33.938074856270802 ], [ -118.380574880129004, 33.9381210670348 ], [ -118.380840751202001, 33.9381742637324 ], [ -118.381104486384999, 33.938234395102398 ], [ -118.381365825773997, 33.938301399990699 ], [ -118.381624511263993, 33.938375213646403 ], [ -118.381880287447004, 33.938455763224098 ], [ -118.382132903412995, 33.938542967784898 ], [ -118.382382108249999, 33.938636743691902 ], [ -118.382627656443006, 33.938736996516397 ], [ -118.382869306076003, 33.938843627332702 ], [ -118.383106818827002, 33.938956531819599 ], [ -118.383339959973, 33.939075599360599 ], [ -118.383568499288998, 33.939200710345602 ], [ -118.383792211943003, 33.939331742467097 ], [ -118.384010876703002, 33.9394685671218 ], [ -118.384224277729999, 33.9396110476129 ], [ -118.384432204584996, 33.939759044545397 ], [ -118.384634452219998, 33.939912412229198 ], [ -118.384830820988, 33.940070998678799 ], [ -118.385021116632998, 33.940234646512899 ], [ -118.385205152097996, 33.940403195652102 ], [ -118.385382744820006, 33.940576479721898 ], [ -118.385553720329995, 33.940754327851103 ], [ -118.385717910455, 33.940936562873198 ], [ -118.385875151519002, 33.941123007621897 ], [ -118.386025288837999, 33.941313475937299 ], [ -118.386168174923, 33.941507779861297 ], [ -118.386303668582002, 33.941705729636901 ], [ -118.386431634914004, 33.941907128312501 ], [ -118.386551948914999, 33.942111777137903 ], [ -118.386664491874996, 33.942319475564503 ], [ -118.386769152276997, 33.942530016748002 ], [ -118.386865825799006, 33.942743194743798 ], [ -118.386954418014, 33.942958797311803 ], [ -118.387034841686997, 33.943176613111397 ], [ -118.387107016778003, 33.943396427204497 ], [ -118.387130601498001, 33.943478271805901 ], [ -118.387177291601006, 33.943591898448503 ] ] ], [ [ [ -118.400261644961006, 34.020865253130097 ], [ -118.400563488916006, 34.021256227993703 ], [ -118.400486265930994, 34.021303025115699 ], [ -118.400620300887994, 34.021476654525202 ], [ -118.401280967144999, 34.021101229839097 ], [ -118.401297128861998, 34.021091675441603 ], [ -118.400454159234002, 34.0199976231929 ], [ -118.403058095857006, 34.018450416954302 ], [ -118.403075957292003, 34.018473557409898 ], [ -118.404537198235005, 34.017605255679101 ], [ -118.405484872331002, 34.017042341232198 ], [ -118.405652711005999, 34.016889557208501 ], [ -118.406976359273997, 34.018607326168301 ], [ -118.411205035386004, 34.016201270972999 ], [ -118.411318827504005, 34.016136517987 ], [ -118.411327903461995, 34.016148000530897 ], [ -118.411432651997004, 34.0160883934658 ], [ -118.413949535144994, 34.014656158356203 ], [ -118.414213978993999, 34.014505676596897 ], [ -118.414253758705996, 34.0145497901418 ], [ -118.414411135568002, 34.014736231293199 ], [ -118.414561402388998, 34.014926697809997 ], [ -118.414704411681001, 34.015120999935299 ], [ -118.414840022250999, 34.015318947012901 ], [ -118.414968099201005, 34.015520342990598 ], [ -118.415088517523003, 34.015724990017503 ], [ -118.415201156709998, 34.015932684846703 ], [ -118.415305907044001, 34.016143224231499 ], [ -118.415402665103002, 34.0163563995294 ], [ -118.415491333760002, 34.016571999399403 ], [ -118.415571826681003, 34.016789812501003 ], [ -118.415644063824999, 34.0170096238962 ], [ -118.415707975044995, 34.017231215949003 ], [ -118.415763495590994, 34.017454370124298 ], [ -118.415810571503002, 34.017678866987303 ], [ -118.415849156015994, 34.0179044835062 ], [ -118.415879211358998, 34.018130998447901 ], [ -118.415900706954005, 34.018358187881198 ], [ -118.415913622117998, 34.018585826975503 ], [ -118.415917944260002, 34.0188136917996 ], [ -118.415913668882993, 34.019041556623698 ], [ -118.415900799583994, 34.019269198415898 ], [ -118.415879349853995, 34.019496390547197 ], [ -118.415849340376994, 34.019722909086099 ], [ -118.415810799930995, 34.019948531000999 ], [ -118.415763768085995, 34.020173034159299 ], [ -118.415708290707002, 34.0203961964285 ], [ -118.415644420855003, 34.020617796575301 ], [ -118.415572223281998, 34.020837617862902 ], [ -118.415491769032002, 34.021055441756403 ], [ -118.415403137246997, 34.021271054216903 ], [ -118.415306414262005, 34.021484242105203 ], [ -118.415201697203003, 34.021694794080602 ], [ -118.415089088593007, 34.021902504198401 ], [ -118.414968699048003, 34.022107165614401 ], [ -118.414840648178995, 34.022308577779803 ], [ -118.414705060992006, 34.022506541045203 ], [ -118.414562073282994, 34.022700860257601 ], [ -118.414411824447996, 34.022891343861602 ], [ -118.414254463774995, 34.023077803898701 ], [ -118.414090145946005, 34.023260056007999 ], [ -118.413919032839004, 34.023437919425596 ], [ -118.413741293528005, 34.023611220582502 ], [ -118.413557104278993, 34.023779786808902 ], [ -118.413366645856001, 34.023943452629403 ], [ -118.413170106218004, 34.024102055266802 ], [ -118.412967679616997, 34.024255440037699 ], [ -118.412759566603, 34.0244034540573 ], [ -118.412545971322004, 34.024545952534801 ], [ -118.412327105114002, 34.024682793377302 ], [ -118.412103183816996, 34.024813841686601 ], [ -118.411874428664007, 34.024938968859402 ], [ -118.411641065384998, 34.025058051688902 ], [ -118.411409837996004, 34.025167877796498 ], [ -118.411479235979996, 34.025250082126703 ], [ -118.411629521687004, 34.025440547744203 ], [ -118.411772548067006, 34.025634849869597 ], [ -118.411908175723994, 34.025832796047901 ], [ -118.412036268861002, 34.026034192025499 ], [ -118.412156701572997, 34.026238838152999 ], [ -118.412269355148993, 34.026446533881497 ], [ -118.412374118073004, 34.026657072367101 ], [ -118.412470886923998, 34.026870246765597 ], [ -118.412559567271998, 34.0270858466357 ], [ -118.412640070085004, 34.0273036597372 ], [ -118.412712316222994, 34.027523470233099 ], [ -118.412776234638002, 34.027745062286002 ], [ -118.412831762378005, 34.027968216461197 ], [ -118.412878844584995, 34.028192712424897 ], [ -118.412917433594998, 34.0284183289439 ], [ -118.412947492534997, 34.028644842986303 ], [ -118.412968990828006, 34.0288720324195 ], [ -118.412981907791007, 34.029099670614499 ], [ -118.412986230832004, 34.029327535438597 ], [ -118.412981954556003, 34.029555400262701 ], [ -118.412969084357997, 34.029783041155603 ], [ -118.412947631029994, 34.030010232387497 ], [ -118.412917617955998, 34.030236750926498 ], [ -118.412879073911995, 34.030462372841399 ], [ -118.412832035771999, 34.0306868751004 ], [ -118.412776551199002, 34.030910037369502 ], [ -118.412712674152999, 34.031131637516197 ], [ -118.412640467586002, 34.031351457904599 ], [ -118.412560003444, 34.031569281798099 ], [ -118.412471359967, 34.031784893359301 ], [ -118.412374625290994, 34.031998080348302 ], [ -118.412269895641003, 34.032208633223 ], [ -118.412157272642006, 34.032416342441401 ], [ -118.412036868708995, 34.0326210038574 ], [ -118.411908801652004, 34.032822415123498 ], [ -118.411773198277004, 34.033020378388898 ], [ -118.411630192581001, 34.033214697601302 ], [ -118.411479924860998, 34.033405180305998 ], [ -118.411322544401997, 34.033591640343097 ], [ -118.411158206788002, 34.033773891552997 ], [ -118.410987072097996, 34.033951754970701 ], [ -118.410809311202996, 34.0341250561276 ], [ -118.410625099471005, 34.034293621454601 ], [ -118.410434617665999, 34.034457287275103 ], [ -118.410238053745005, 34.034615889912601 ], [ -118.410035602863005, 34.034769274683399 ], [ -118.409827463769005, 34.034917288703099 ], [ -118.409613841508005, 34.035059786281302 ], [ -118.409394948319999, 34.035196626224497 ], [ -118.409171000043997, 34.035327675433003 ], [ -118.408942216111996, 34.035452802605903 ], [ -118.408708824054997, 34.035571884535997 ], [ -118.408471054098001, 34.035684804311401 ], [ -118.408229140065004, 34.0357914495169 ], [ -118.407983320276003, 34.035891715831198 ], [ -118.407733839347003, 34.0359855043287 ], [ -118.407480941893994, 34.036072722379402 ], [ -118.407224877928002, 34.036153282748998 ], [ -118.406965901058001, 34.036227107196403 ], [ -118.406704265791006, 34.036294121977299 ], [ -118.406440230235006, 34.036354261441197 ], [ -118.406174056089995, 34.036407466232802 ], [ -118.405906005060004, 34.036453684191301 ], [ -118.405636343344995, 34.036492868552202 ], [ -118.405365335344001, 34.036524981543799 ], [ -118.405093249055994, 34.036549991690002 ], [ -118.404820353378994, 34.036567872910197 ], [ -118.404546918107997, 34.036578609016701 ], [ -118.404273212141007, 34.036582189217803 ], [ -118.403999506174003, 34.036578609016701 ], [ -118.403726070904, 34.036567872910197 ], [ -118.403453175226005, 34.036549991689903 ], [ -118.403181088937998, 34.036524981543799 ], [ -118.402910080938, 34.036492868552202 ], [ -118.402640419221996, 34.0364536841914 ], [ -118.402578203223996, 34.036442957078002 ], [ -118.402426869806007, 34.036425024596298 ], [ -118.402157208090998, 34.036385840235504 ], [ -118.401889157959999, 34.036339622276898 ], [ -118.401622983815997, 34.0362864174853 ], [ -118.401358948259002, 34.036226278021502 ], [ -118.401097313891995, 34.036159263240599 ], [ -118.400838336122007, 34.036085438793101 ], [ -118.400582273056003, 34.036004878423498 ], [ -118.400329375601999, 34.035917660372903 ], [ -118.400079894673993, 34.035823871875301 ], [ -118.399834075784, 34.035723605561103 ], [ -118.399592161751002, 34.035616960355597 ], [ -118.399354391794006, 34.035504040580101 ], [ -118.399120999735999, 34.035384958650098 ], [ -118.398892216704994, 34.035259831477198 ], [ -118.398668267529004, 34.0351287822686 ], [ -118.398449374340998, 34.034991942325398 ], [ -118.39823575298, 34.034849444747302 ], [ -118.398027613885006, 34.034701430727601 ], [ -118.397825163003006, 34.034548045956697 ], [ -118.397628599981999, 34.034389443319299 ], [ -118.397438118177007, 34.034225778398103 ], [ -118.397253905545, 34.034057212171703 ], [ -118.397076145550002, 34.033883911014897 ], [ -118.396905010859996, 34.0337060475972 ], [ -118.396740673246001, 34.0335237963873 ], [ -118.396583292787, 34.033337336350201 ], [ -118.396433025964996, 34.033146853645498 ], [ -118.396290020270001, 34.0329525344331 ], [ -118.396154416895001, 34.0327545711677 ], [ -118.396029437210998, 34.032558015341301 ], [ -118.395862201981004, 34.032721057931603 ], [ -118.395677992047993, 34.032889624158003 ], [ -118.395487513839996, 34.033053289079099 ], [ -118.395290953517005, 34.033211892615903 ], [ -118.395088505331998, 34.033365276487501 ], [ -118.394880369834993, 34.033513290507102 ], [ -118.394666751171997, 34.033655788085298 ], [ -118.394447861581995, 34.033792628927799 ], [ -118.394223916902007, 34.033923677237098 ], [ -118.393995137467996, 34.034048804409899 ], [ -118.393761749007993, 34.034167886340001 ], [ -118.393523982648006, 34.034280806115397 ], [ -118.393282072212003, 34.034387452220301 ], [ -118.393036256919999, 34.0344877185345 ], [ -118.392786780487995, 34.034581507032101 ], [ -118.392533886631995, 34.034668724183398 ], [ -118.392277827162005, 34.0347492854523 ], [ -118.392018853888999, 34.034823109899698 ], [ -118.391757223119001, 34.0348901246807 ], [ -118.391493192059002, 34.034950264144499 ], [ -118.391227022411002, 34.035003468936097 ], [ -118.390958976777, 34.035049686894702 ], [ -118.390689318659, 34.035088871255603 ], [ -118.390418315155003, 34.0351209842472 ], [ -118.390146233364007, 34.035145994393297 ], [ -118.389873342182995, 34.035163875613499 ], [ -118.389599911408993, 34.035174611720102 ], [ -118.389326209939, 34.035178191921197 ], [ -118.389283002010998, 34.035177627147 ], [ -118.389257910926005, 34.035178611904598 ], [ -118.388984209455998, 34.035182192105701 ], [ -118.388710507986005, 34.035178611904598 ], [ -118.388437077210995, 34.035167875798003 ], [ -118.388164186029996, 34.035149994577701 ], [ -118.387892104239, 34.035124984431597 ], [ -118.387621100735004, 34.03509287144 ], [ -118.387351442617003, 34.035053687079198 ], [ -118.387083396983002, 34.0350074691206 ], [ -118.386974715712995, 34.034985745097202 ], [ -118.386850443794998, 34.034967686710502 ], [ -118.386582398160996, 34.034921468752003 ], [ -118.386316228512996, 34.034868263960398 ], [ -118.386052197452997, 34.0348081244965 ], [ -118.385790566682999, 34.034741109715597 ], [ -118.385531594309995, 34.0346672852681 ], [ -118.385275534840005, 34.034586723999297 ], [ -118.385022641884007, 34.034499506847901 ], [ -118.384773164552001, 34.034405718350399 ], [ -118.384527350159004, 34.034305452036101 ], [ -118.384285440623003, 34.034198805931297 ], [ -118.384047674263002, 34.0340858861559 ], [ -118.383814285802998, 34.033966804225798 ], [ -118.383585506367993, 34.033841677052898 ], [ -118.383361561689, 34.033710628743698 ], [ -118.383142672098998, 34.033573787901098 ], [ -118.382929054333999, 34.033431290323001 ], [ -118.382720918836995, 34.033283276303301 ], [ -118.382518471552004, 34.033129892431703 ], [ -118.382321911228999, 34.032971288894998 ], [ -118.382131432121994, 34.032807623973802 ], [ -118.381947223088005, 34.032639057747502 ], [ -118.381769465790001, 34.032465757489902 ], [ -118.381598334697998, 34.032287893172899 ], [ -118.381433998882002, 34.0321056419629 ], [ -118.381276621121003, 34.031919182825199 ], [ -118.381126356997996, 34.031728699221198 ], [ -118.380983353101001, 34.0315343800088 ], [ -118.380847752424003, 34.0313364167434 ], [ -118.380724195466996, 34.031142094833001 ], [ -118.381113709831993, 34.031039174619401 ], [ -118.381413829786993, 34.030959875099398 ], [ -118.382381672079006, 34.0307041456809 ], [ -118.382390902720005, 34.030701731001301 ], [ -118.382538982390003, 34.030662658156302 ], [ -118.384217814303, 34.030219014497099 ], [ -118.385427549043996, 34.029495900216801 ], [ -118.386408002528995, 34.028909535947399 ], [ -118.386673956340005, 34.029211804382399 ], [ -118.386810862833002, 34.029134064286801 ], [ -118.387183701967999, 34.029404611834501 ], [ -118.387660935306002, 34.029133738732199 ], [ -118.387690528397002, 34.029117044617102 ], [ -118.387773398226003, 34.029069547822601 ], [ -118.388166341705002, 34.028844237073102 ], [ -118.388963157226001, 34.028382286814299 ], [ -118.389404791800004, 34.028129075497603 ], [ -118.389828552348007, 34.027891699443501 ], [ -118.389919520571993, 34.027839536066899 ], [ -118.390187043699001, 34.027680524238001 ], [ -118.390407302957001, 34.027554236040402 ], [ -118.391598213988999, 34.026875293761002 ], [ -118.391870454959999, 34.026719916092397 ], [ -118.392160334333994, 34.026553766344399 ], [ -118.392497590893001, 34.026359701640096 ], [ -118.392900022220005, 34.026131049009898 ], [ -118.393458613625995, 34.025375519565799 ], [ -118.393814903437004, 34.025537107952303 ], [ -118.393949351184006, 34.025711320122497 ], [ -118.394208798399006, 34.025563898756097 ], [ -118.394074360545005, 34.025389683888001 ], [ -118.394085090356995, 34.025352756825399 ], [ -118.394096097158993, 34.025314433115703 ], [ -118.394298700026994, 34.025197080581997 ], [ -118.394333618904, 34.025242336265897 ], [ -118.394606404864007, 34.025087321024202 ], [ -118.394821332041005, 34.0249337662814 ], [ -118.395558082741005, 34.024515138164297 ], [ -118.395766306371996, 34.024479985464097 ], [ -118.396085148412993, 34.0242987918569 ], [ -118.396399142209006, 34.024120352873098 ], [ -118.396640361066005, 34.023983271012298 ], [ -118.396682398075995, 34.024036547749702 ], [ -118.396825422657002, 34.024230849875003 ], [ -118.396961047616003, 34.024428796053201 ], [ -118.397086613658004, 34.024626223322699 ], [ -118.397254641190997, 34.024462436992998 ], [ -118.397438858319006, 34.024293889652398 ], [ -118.397629341023006, 34.024130243617002 ], [ -118.397825903145005, 34.023971659865403 ], [ -118.398028349531003, 34.023818294879597 ], [ -118.398236481430999, 34.023670299745703 ], [ -118.398450092900006, 34.023527820154001 ], [ -118.398668972596994, 34.0233909981972 ], [ -118.398892905585001, 34.023259967874402 ], [ -118.398962534695002, 34.023221888780299 ], [ -118.398982907936997, 34.023209967367201 ], [ -118.399211672982005, 34.023084857281503 ], [ -118.399445043455998, 34.022965792438498 ], [ -118.399608935006, 34.022887962410699 ], [ -118.399458191543999, 34.022709343562497 ], [ -118.399307942709996, 34.0225188608579 ], [ -118.399164955000998, 34.022324540746098 ], [ -118.399029368713002, 34.022126577480698 ], [ -118.398901317843993, 34.021925165315302 ], [ -118.398780929199006, 34.021720503899303 ], [ -118.398668320588996, 34.021512793781604 ], [ -118.398563603529993, 34.021302241806197 ], [ -118.398497563614001, 34.021156682036398 ], [ -118.398874968607004, 34.020932896537097 ], [ -118.399112940012003, 34.020791789310799 ], [ -118.399132325798007, 34.0208167481955 ], [ -118.399504006607003, 34.021298935898301 ], [ -118.400261644961006, 34.020865253130097 ] ] ], [ [ [ -118.435819456405, 34.028060594821802 ], [ -118.436087482253996, 34.028106804686502 ], [ -118.436353633015997, 34.028160001384101 ], [ -118.436556083897997, 34.028206109625401 ], [ -118.436580661470003, 34.028210347230903 ], [ -118.436846812233, 34.028263543029198 ], [ -118.437110826205995, 34.0283236726006 ], [ -118.437372441687003, 34.028390676589602 ], [ -118.437631399671005, 34.028464489345801 ], [ -118.437887446549993, 34.0285450371249 ], [ -118.438140328714994, 34.028632241685699 ], [ -118.438389797054, 34.028726014894801 ], [ -118.438635604251999, 34.028826266819898 ], [ -118.438877509291999, 34.028932896736997 ], [ -118.439115272953998, 34.029045799425298 ], [ -118.439348659615007, 34.029164864268203 ], [ -118.439577440847998, 34.029289973454702 ], [ -118.439801389124995, 34.029421004676799 ], [ -118.440020285009993, 34.029557826633599 ], [ -118.440233911768004, 34.029700305326003 ], [ -118.440442058057002, 34.029848300459903 ], [ -118.440644518832002, 34.030001665445702 ], [ -118.440841094443002, 34.030160249197301 ], [ -118.440908469852005, 34.0302181277656 ], [ -118.44091109947, 34.0302202492662 ], [ -118.441101596563996, 34.030383895301703 ], [ -118.441285826281998, 34.030552441742998 ], [ -118.441463606962003, 34.030725723114799 ], [ -118.441634763235996, 34.030903568546002 ], [ -118.441799126031, 34.031085800870102 ], [ -118.441956533468996, 34.031272242021501 ], [ -118.442106829967997, 34.031462707639001 ], [ -118.442249867140006, 34.031657009764402 ], [ -118.442385502891, 34.031854955942698 ], [ -118.442513605021006, 34.032056351920197 ], [ -118.442634046725999, 34.032260998047803 ], [ -118.442746708396001, 34.032468692877003 ], [ -118.442851478514996, 34.0326792313626 ], [ -118.442948254559994, 34.032892405761103 ], [ -118.443036941203999, 34.0331080056311 ], [ -118.443117449412995, 34.033325817833401 ], [ -118.443189700945993, 34.0335456283292 ], [ -118.443253623857998, 34.033767220382103 ], [ -118.443309156094998, 34.033990373658 ], [ -118.443356241, 34.0342148696217 ], [ -118.443394832707, 34.034440486140703 ], [ -118.443424893445993, 34.034667000183099 ], [ -118.443446393537997, 34.034894188716997 ], [ -118.443459311400005, 34.035121826911897 ], [ -118.443463634441002, 34.035349691736101 ], [ -118.443459358165001, 34.035577556560099 ], [ -118.443446487068002, 34.035805196553802 ], [ -118.443425032841006, 34.036032387785603 ], [ -118.443395017067999, 34.036258906324498 ], [ -118.443356470327004, 34.036484528239498 ], [ -118.443309428589004, 34.0367090304985 ], [ -118.443253940418998, 34.036932191868303 ], [ -118.443190058875999, 34.037153792015097 ], [ -118.443117846912997, 34.037373612403499 ], [ -118.443037377375006, 34.037591435397502 ], [ -118.442948727604005, 34.037807046958797 ], [ -118.442851986631993, 34.038020233947698 ], [ -118.442747248889006, 34.038230785923197 ], [ -118.442634618694996, 34.038438495141598 ], [ -118.442514205768006, 34.038643156557598 ], [ -118.442386129718003, 34.038844567823702 ], [ -118.442250516450002, 34.039042531089102 ], [ -118.442107500863003, 34.039236850301499 ], [ -118.441957223249005, 34.039427333006202 ], [ -118.441799831099004, 34.039613792144003 ], [ -118.441635481793995, 34.039796043353903 ], [ -118.441464335413002, 34.0399739067716 ], [ -118.441286561927001, 34.0401472070292 ], [ -118.441102336705995, 34.0403157732555 ], [ -118.440911841409999, 34.040479438176703 ], [ -118.440715264, 34.0406380417134 ], [ -118.440512797829001, 34.040791425584899 ], [ -118.440304644346, 34.040939438705301 ], [ -118.440091007695997, 34.041081936283497 ], [ -118.439872099219997, 34.041218777125998 ], [ -118.439648134755998, 34.041349825435297 ], [ -118.439419334636995, 34.041474952608098 ], [ -118.439185926392, 34.0415940345382 ], [ -118.438948139347005, 34.041706954313597 ], [ -118.438706208227003, 34.041813599519202 ], [ -118.438460371350999, 34.041913865833401 ], [ -118.438210872436002, 34.042007654330902 ], [ -118.437957956996001, 34.042094871482298 ], [ -118.437701875043999, 34.042175432751201 ], [ -118.437442879288, 34.0422492562993 ], [ -118.437181226034994, 34.042316271080203 ], [ -118.436917171592, 34.042376411443399 ], [ -118.436650978562, 34.042429616234998 ], [ -118.436417897669998, 34.042469801541301 ], [ -118.436376391259998, 34.042479254315303 ], [ -118.436236915403001, 34.042507131500102 ], [ -118.436201231203995, 34.042516271309999 ], [ -118.435937176761001, 34.042576410773897 ], [ -118.435670982831994, 34.042629615565502 ], [ -118.435402912916004, 34.0426758335241 ], [ -118.435133230516001, 34.042715017884902 ], [ -118.434862202730997, 34.042747130876599 ], [ -118.434590097557006, 34.042772141022603 ], [ -118.434317182094006, 34.042790022242897 ], [ -118.434043726138995, 34.0428007583495 ], [ -118.433770000387, 34.042804338550503 ], [ -118.433496274635004, 34.0428007583495 ], [ -118.433222818679994, 34.042790022242897 ], [ -118.432949903218002, 34.042772141022702 ], [ -118.432677798043997, 34.042747130876499 ], [ -118.432406770257998, 34.042715017884902 ], [ -118.432137087857996, 34.042675833524001 ], [ -118.431869017943001, 34.042629615565502 ], [ -118.431602824012998, 34.042576410773897 ], [ -118.431338769570999, 34.042516271309999 ], [ -118.431077115419001, 34.042449256529103 ], [ -118.430869056364003, 34.042389951636103 ], [ -118.430851089708, 34.042401935102397 ], [ -118.430632177635005, 34.042538775944898 ], [ -118.430408209573002, 34.042669824254098 ], [ -118.430179406755997, 34.0427949505276 ], [ -118.429945994015, 34.042914032457801 ], [ -118.429708203372996, 34.043026952233198 ], [ -118.429466268655005, 34.043133598338102 ], [ -118.429220428182006, 34.043233864652301 ], [ -118.428970925670001, 34.043327652250497 ], [ -118.428718005733998, 34.043414870301199 ], [ -118.428461920184006, 34.043495430670703 ], [ -118.428202920830003, 34.043569255118101 ], [ -118.427941263080996, 34.043636269899103 ], [ -118.427677205040993, 34.043696409363001 ], [ -118.427411007513996, 34.0437496141545 ], [ -118.427142934000997, 34.043795831213799 ], [ -118.426887509452996, 34.043832944435998 ], [ -118.426754425078997, 34.043863254286897 ], [ -118.426488227551999, 34.043916459078503 ], [ -118.426220153139994, 34.043962676137703 ], [ -118.425950467142002, 34.044001860498597 ], [ -118.425679435758994, 34.044033973490301 ], [ -118.425407325189994, 34.044058983636397 ], [ -118.425134406129999, 34.044076864856599 ], [ -118.424860946577994, 34.044087600963202 ], [ -118.424587216329002, 34.044091181164298 ], [ -118.424313486081004, 34.044087600963202 ], [ -118.424040026528004, 34.044076864856599 ], [ -118.423767107467995, 34.044058983636297 ], [ -118.423494996898995, 34.044033973490301 ], [ -118.423223965516001, 34.044001860498597 ], [ -118.422954279519004, 34.043962676137703 ], [ -118.422686205106004, 34.043916459078503 ], [ -118.422420007579007, 34.043863254286897 ], [ -118.422155948639997, 34.043803114823099 ], [ -118.421894289991997, 34.043736099142798 ], [ -118.421635289739001, 34.043662275594698 ], [ -118.421379204188995, 34.043581714325803 ], [ -118.421126284253006, 34.0434944971745 ], [ -118.420876780840999, 34.043400708676899 ], [ -118.420630940368, 34.0433004423626 ], [ -118.420389004751001, 34.043193797157201 ], [ -118.420151213210005, 34.043080877381797 ], [ -118.419917800467999, 34.042961795451703 ], [ -118.419688996752001, 34.042836668278802 ], [ -118.419465028689999, 34.042705619969503 ], [ -118.419246115717996, 34.0425687800264 ], [ -118.419032475470004, 34.042426282448098 ], [ -118.418824318389994, 34.042278268428497 ], [ -118.418621848621996, 34.042124884556898 ], [ -118.418425268513005, 34.0419662819195 ], [ -118.418234769620994, 34.041802616998297 ], [ -118.418050540802, 34.041634050771997 ], [ -118.417872764617996, 34.041460750514403 ], [ -118.417701615539002, 34.041282887096699 ], [ -118.417537262636998, 34.041100635886799 ], [ -118.417379867788995, 34.040914176748998 ], [ -118.417229587478005, 34.040723694044402 ], [ -118.417086569191994, 34.040529374831898 ], [ -118.416950954124999, 34.040331412465903 ], [ -118.416822876276996, 34.040130000300401 ], [ -118.416702461550997, 34.039925338884402 ], [ -118.416589828659994, 34.039717630565399 ], [ -118.416485089117998, 34.039507078589999 ], [ -118.416388346347006, 34.039293891600998 ], [ -118.416299695676003, 34.039078280039803 ], [ -118.416219223441004, 34.038860456146303 ], [ -118.416147011476994, 34.038640635757901 ], [ -118.416083128135995, 34.038419035611199 ], [ -118.416027639066002, 34.038195874241403 ], [ -118.415980596428994, 34.037971372881699 ], [ -118.415942048789006, 34.037745750966799 ], [ -118.415912033015999, 34.037519232427798 ], [ -118.415890578789003, 34.037292041195897 ], [ -118.415877706792998, 34.037064400303002 ], [ -118.415873430516001, 34.036836536378203 ], [ -118.415877753557993, 34.036608672453397 ], [ -118.415890671419007, 34.036381033359099 ], [ -118.415912171512005, 34.036153844825201 ], [ -118.415942233150005, 34.035927330782798 ], [ -118.415980825757003, 34.035701714263901 ], [ -118.416027911561002, 34.0354772191995 ], [ -118.416083444696994, 34.035254065024198 ], [ -118.416147368508007, 34.0350324738707 ], [ -118.416219620941007, 34.0348126633749 ], [ -118.416300130948002, 34.034594850273301 ], [ -118.416388818491001, 34.034379250403198 ], [ -118.416485596334994, 34.034166076004801 ], [ -118.416590369152004, 34.033955538418503 ], [ -118.416703032621001, 34.033747843589303 ], [ -118.416823476125003, 34.033543197461697 ], [ -118.416951580052995, 34.033341801484099 ], [ -118.417087219402006, 34.033143855305902 ], [ -118.417230259270994, 34.032949553180501 ], [ -118.417380557569004, 34.032759087563001 ], [ -118.417537967705002, 34.032572646411602 ], [ -118.417702334097996, 34.032390414087502 ], [ -118.417873493068996, 34.032212568656199 ], [ -118.418051276447002, 34.032039287284398 ], [ -118.418235509762994, 34.031870740843203 ], [ -118.418426009555006, 34.0317070948077 ], [ -118.418622589663002, 34.031548511056101 ], [ -118.418825054034997, 34.031395146070302 ], [ -118.419033203921003, 34.031247150936402 ], [ -118.419246834275995, 34.031104672243899 ], [ -118.419465733758997, 34.030967850287297 ], [ -118.419689686531996, 34.030836819964399 ], [ -118.419918471361996, 34.030711710778 ], [ -118.420151863420003, 34.030592645935002 ], [ -118.420389630678997, 34.030479742347403 ], [ -118.420631540215993, 34.030373113329702 ], [ -118.420877352809995, 34.030272861404598 ], [ -118.421126824745002, 34.030179088195503 ], [ -118.421379711406999, 34.030091883634697 ], [ -118.421635762782003, 34.030011335855598 ], [ -118.421894726163003, 34.029937523099399 ], [ -118.422156346140994, 34.029870519110403 ], [ -118.422420364610005, 34.029810389539001 ], [ -118.422686520767996, 34.0297571937407 ], [ -118.422954552012996, 34.029710983875901 ], [ -118.423210018828996, 34.029673865257898 ], [ -118.423343152667002, 34.029643544614999 ], [ -118.423609307925005, 34.029590347917299 ], [ -118.423877339170005, 34.0295441380526 ], [ -118.424146981099994, 34.029504959987101 ], [ -118.424417967517002, 34.0294728523914 ], [ -118.424690031322001, 34.029447846741903 ], [ -118.424962904517002, 34.029429968219603 ], [ -118.425236317303998, 34.029419233911703 ], [ -118.425509999889002, 34.029415654609899 ], [ -118.425783682472996, 34.029419233911703 ], [ -118.426057095261001, 34.029429968219603 ], [ -118.426329968454993, 34.029447846741903 ], [ -118.426602032260007, 34.0294728523914 ], [ -118.426873018677, 34.029504959987101 ], [ -118.427142660607004, 34.0295441380527 ], [ -118.427410691852003, 34.029590347917299 ], [ -118.427676847111002, 34.029643544614999 ], [ -118.427940865580993, 34.029703674186401 ], [ -118.428202484658996, 34.029770678175403 ], [ -118.428250128043004, 34.029784257938303 ], [ -118.428409708244004, 34.029677825872099 ], [ -118.428628604129003, 34.029541003915398 ], [ -118.428852552405004, 34.0294099735925 ], [ -118.429081333639004, 34.029284863506803 ], [ -118.429314721200001, 34.029165798663897 ], [ -118.429408890109997, 34.029121082573099 ], [ -118.429518169429997, 34.0290613226231 ], [ -118.429751556092, 34.028942257780102 ], [ -118.429989319753005, 34.028829354192503 ], [ -118.430231223893998, 34.028722725174802 ], [ -118.430477031091996, 34.028622473249698 ], [ -118.430726499431003, 34.028528700040702 ], [ -118.430979380696002, 34.028441495479797 ], [ -118.431235427575004, 34.028360947700698 ], [ -118.431494385560001, 34.028287134944399 ], [ -118.431756000140993, 34.028220130955397 ], [ -118.432020014114002, 34.028160001384101 ], [ -118.432286164876999, 34.028106804686502 ], [ -118.432554190725, 34.028060594821703 ], [ -118.432823828159002, 34.028021416756197 ], [ -118.433094810078998, 34.027989309160503 ], [ -118.433366869387996, 34.027964303510998 ], [ -118.433639737185999, 34.027946424988698 ], [ -118.433913145477007, 34.0279356906807 ], [ -118.434186823565, 34.027932111379002 ], [ -118.434460501653007, 34.0279356906807 ], [ -118.434733909944001, 34.027946424988698 ], [ -118.435006777742998, 34.027964303510998 ], [ -118.435278837051001, 34.027989309160503 ], [ -118.435549818970998, 34.028021416756097 ], [ -118.435819456405, 34.028060594821802 ] ] ], [ [ [ -118.410681084966001, 34.059035385575697 ], [ -118.410677771864002, 34.059030924938398 ], [ -118.409002330394998, 34.056690963618202 ], [ -118.408696503342995, 34.056264006879601 ], [ -118.408693183945005, 34.056259548040799 ], [ -118.408176388531999, 34.055537723388397 ], [ -118.408168661556999, 34.055526930624502 ], [ -118.408261633470005, 34.055391285880297 ], [ -118.408404710211002, 34.0551969855536 ], [ -118.408555048978002, 34.055006520835398 ], [ -118.408571288036995, 34.054987291531397 ], [ -118.408641685168007, 34.054898104864797 ], [ -118.408799135774004, 34.054711663713498 ], [ -118.408963544434002, 34.054529431389298 ], [ -118.409134748371997, 34.054351587756699 ], [ -118.409312578514999, 34.054178307284303 ], [ -118.409496858595006, 34.054009760843002 ], [ -118.409687408748994, 34.053846114807499 ], [ -118.409884039218994, 34.053687531955198 ], [ -118.410086556650995, 34.053534167868698 ], [ -118.410294760496996, 34.053386173634102 ], [ -118.410508446609995, 34.053243694941699 ], [ -118.410727402749998, 34.053106873884303 ], [ -118.410951413979006, 34.052975843561498 ], [ -118.411180258163995, 34.052850734374999 ], [ -118.411413710475998, 34.052731670431399 ], [ -118.411651539789005, 34.052618767743098 ], [ -118.411893512277999, 34.052512137826099 ], [ -118.412139388724, 34.052411887699598 ], [ -118.412388925410994, 34.052318113591198 ], [ -118.412641877723004, 34.052230909929698 ], [ -118.412897995647995, 34.052150362150599 ], [ -118.413157026478004, 34.052076550293698 ], [ -118.413418714803996, 34.052009546304703 ], [ -118.413682801622002, 34.051949416733301 ], [ -118.413949027027996, 34.051896220934999 ], [ -118.414217127520999, 34.0518500110703 ], [ -118.414486840497005, 34.051810833004602 ], [ -118.414757897960996, 34.051778725409001 ], [ -118.415030032811998, 34.051753720658901 ], [ -118.415302977053003, 34.051735841237203 ], [ -118.415576461786003, 34.051725106929297 ], [ -118.415850216316997, 34.0517215276275 ], [ -118.416123970846996, 34.051725106929297 ], [ -118.416397455579997, 34.051735841237203 ], [ -118.416670399821001, 34.051753720658901 ], [ -118.416942534672003, 34.051778725409001 ], [ -118.417213592135994, 34.051810833004701 ], [ -118.417483305112995, 34.0518500110703 ], [ -118.417751405605003, 34.051896220934999 ], [ -118.418017631010997, 34.0519494167334 ], [ -118.418281717829004, 34.052009546304703 ], [ -118.418543406154996, 34.052076550293698 ], [ -118.418802436985004, 34.052150362150599 ], [ -118.419058554909995, 34.052230909929698 ], [ -118.419311507222005, 34.052318113591198 ], [ -118.419561043908999, 34.052411887699598 ], [ -118.419806920355001, 34.052512137826099 ], [ -118.420048892843994, 34.052618767743098 ], [ -118.420286722157002, 34.052731670431498 ], [ -118.420520174469004, 34.052850734374999 ], [ -118.420749018654007, 34.052975843561498 ], [ -118.420973029883996, 34.053106873884197 ], [ -118.421191986023004, 34.053243694941798 ], [ -118.421405672136004, 34.053386173634202 ], [ -118.421613875982004, 34.053534167868698 ], [ -118.421816393414005, 34.053687531955198 ], [ -118.422013023884006, 34.053846114807499 ], [ -118.422203574037994, 34.054009760843002 ], [ -118.422387854118, 34.054178307284197 ], [ -118.422565684261002, 34.054351587756699 ], [ -118.422736888198997, 34.054529431389298 ], [ -118.422901296858996, 34.054711663713498 ], [ -118.423058747465006, 34.054898104864797 ], [ -118.423209085332999, 34.055088569582999 ], [ -118.423352162075005, 34.055282869909703 ], [ -118.423487836497003, 34.055480816088 ], [ -118.423615974599997, 34.0556822111662 ], [ -118.423736448680003, 34.055886856394501 ], [ -118.423849141827006, 34.056094550324403 ], [ -118.423953941622997, 34.056305087910701 ], [ -118.424050744648, 34.056518261409799 ], [ -118.424139455573993, 34.056733860380497 ], [ -118.424219986265001, 34.056951672582798 ], [ -118.424292257584, 34.057171482179299 ], [ -118.424356198482002, 34.057393072433499 ], [ -118.424411745108003, 34.057616225709502 ], [ -118.424458843503004, 34.057840720773797 ], [ -118.424497446001993, 34.058066335494097 ], [ -118.424527515733999, 34.0582928495365 ], [ -118.424549022121994, 34.0585200371711 ], [ -118.424561943580997, 34.058747674466801 ], [ -118.424566267521001, 34.058975537492202 ], [ -118.424561990346007, 34.059203401417001 ], [ -118.424549114751997, 34.059431041410598 ], [ -118.424527655128998, 34.0596582317431 ], [ -118.424497631262994, 34.059884749382803 ], [ -118.424459072830004, 34.060110370398498 ], [ -118.424412018501997, 34.060334871758101 ], [ -118.424356515043002, 34.060558032228499 ], [ -118.424292615514005, 34.060779631476002 ], [ -118.424220383765999, 34.060999450964999 ], [ -118.424139891745, 34.061217273059803 ], [ -118.424051217691996, 34.061432884621098 ], [ -118.423954449739995, 34.061646070710701 ], [ -118.423849683217995, 34.061856621786802 ], [ -118.423737021548007, 34.062064330105898 ], [ -118.423616575346998, 34.062268990622499 ], [ -118.423488463324006, 34.062470400989397 ], [ -118.423352813183996, 34.062668363355499 ], [ -118.423209758026005, 34.062862681668598 ], [ -118.423059438145003, 34.063053163473903 ], [ -118.423043203583006, 34.063072390979201 ], [ -118.422972819942004, 34.063161579444497 ], [ -118.422815384624002, 34.063348037682999 ], [ -118.422650989453999, 34.063530288892899 ], [ -118.422479795407995, 34.063708151411198 ], [ -118.422301972460005, 34.063881451668799 ], [ -118.422117695976993, 34.064050016096502 ], [ -118.421927146722993, 34.064213681017698 ], [ -118.421730514453998, 34.064372283655104 ], [ -118.421527992525, 34.064525666627297 ], [ -118.421319780586003, 34.064673679747699 ], [ -118.421106084580003, 34.064816177325902 ], [ -118.420887114950006, 34.064953017269097 ], [ -118.420663088433002, 34.065084064678999 ], [ -118.420434224461999, 34.065209190952601 ], [ -118.420200751465998, 34.065328272882603 ], [ -118.419962897871997, 34.065441191758801 ], [ -118.419720899302007, 34.065547836964299 ], [ -118.419474994078001, 34.065648103278498 ], [ -118.419225425915002, 34.065741890876701 ], [ -118.418972439428998, 34.065829108028097 ], [ -118.418716286429998, 34.065909668397701 ], [ -118.418457218727994, 34.065983492845099 ], [ -118.418195491730998, 34.066050506726697 ], [ -118.417931364443007, 34.066110646190502 ], [ -118.417665097668007, 34.0661638509821 ], [ -118.417396953109005, 34.0662100680414 ], [ -118.417127196064996, 34.0662492533015 ], [ -118.416856093636, 34.066281365393898 ], [ -118.416583912918995, 34.066306375539902 ], [ -118.416310921914004, 34.066324256760197 ], [ -118.416037390414999, 34.0663349928668 ], [ -118.415796364013005, 34.066338144091198 ], [ -118.415717743480997, 34.066228425002997 ], [ -118.414384412212996, 34.064367692616102 ], [ -118.414078500624001, 34.0639407520652 ], [ -118.413526130728002, 34.063169815435799 ], [ -118.413610912516006, 34.063127193866002 ], [ -118.414178616751997, 34.062845438067697 ], [ -118.413628888164993, 34.062078292979997 ], [ -118.413526974293006, 34.0619361830096 ], [ -118.412216176437994, 34.060105898069899 ], [ -118.411563048298007, 34.060429897722699 ], [ -118.411121480274005, 34.059811745117102 ], [ -118.410798238750004, 34.059360950048998 ], [ -118.410630349713003, 34.059124859126101 ], [ -118.410714334700998, 34.059082670130302 ], [ -118.410681084966001, 34.059035385575697 ] ] ], [ [ [ -118.397137483809999, 34.161318945713901 ], [ -118.397301000343006, 34.161316810723399 ], [ -118.397575108306995, 34.161320390025097 ], [ -118.397848945573998, 34.161331123433797 ], [ -118.398122241449997, 34.161349001955998 ], [ -118.398394727935994, 34.161374006706197 ], [ -118.398666135235999, 34.161406114301897 ], [ -118.398936196251, 34.161445291468198 ], [ -118.399204642981999, 34.161491500433499 ], [ -118.399471211928997, 34.161544695332601 ], [ -118.399735639590006, 34.161604823105201 ], [ -118.399997665162005, 34.161671826194997 ], [ -118.400257029640002, 34.161745637152599 ], [ -118.400513478516004, 34.161826183133002 ], [ -118.400766757282, 34.161913384995898 ], [ -118.401016616825999, 34.162007157305602 ], [ -118.401262809833, 34.162107406532698 ], [ -118.401505094387005, 34.162214033751802 ], [ -118.401743230367998, 34.1623269337422 ], [ -118.401976983953006, 34.162445996786502 ], [ -118.402206124016004, 34.162571103274999 ], [ -118.402430423927001, 34.162702130899802 ], [ -118.402649662453996, 34.162838950158601 ], [ -118.402863623759004, 34.162981425253697 ], [ -118.403072097400994, 34.163129416790298 ], [ -118.403274875636995, 34.163282779078202 ], [ -118.403471760615005, 34.1634413592325 ], [ -118.403662555384997, 34.163605001670703 ], [ -118.403847074685004, 34.163773544514598 ], [ -118.404025134155006, 34.163946822289198 ], [ -118.404196558427003, 34.164124663223802 ], [ -118.404361179326997, 34.164306891950602 ], [ -118.404518834078999, 34.164493329504701 ], [ -118.404669366199997, 34.164683790625602 ], [ -118.404812627303002, 34.164878088254298 ], [ -118.404948476192999, 34.165076029936003 ], [ -118.405076779772003, 34.165277421417002 ], [ -118.405197410333997, 34.165482063047897 ], [ -118.405310248270993, 34.165689753380597 ], [ -118.405415182965996, 34.165900287369503 ], [ -118.405512110996995, 34.1661134572714 ], [ -118.405600936135997, 34.1663290517455 ], [ -118.405681571149998, 34.1665468603505 ], [ -118.405753935996998, 34.166766665450403 ], [ -118.405817959632998, 34.166988252107302 ], [ -118.405873578205004, 34.1672114008866 ], [ -118.405920737754002, 34.167435892353701 ], [ -118.405959390616005, 34.167661503476701 ], [ -118.405989498118998, 34.167888013022498 ], [ -118.406011032384995, 34.1681151961605 ], [ -118.406023970931997, 34.168342829858801 ], [ -118.406028300268005, 34.168570689287002 ], [ -118.406024017695998, 34.168798548715202 ], [ -118.406011125915001, 34.1690261842121 ], [ -118.405989638413004, 34.169253370947501 ], [ -118.405959575875997, 34.169479884090499 ], [ -118.405920967979995, 34.169705501508801 ], [ -118.405873853398006, 34.169929998371799 ], [ -118.405818277993006, 34.170153155245004 ], [ -118.405754295725998, 34.170374750895199 ], [ -118.405681971348002, 34.170594565887697 ], [ -118.405601375006, 34.170812385284499 ], [ -118.405512586738993, 34.171027991449797 ], [ -118.405415694680997, 34.1712411739422 ], [ -118.405310792361007, 34.171451721421001 ], [ -118.405197985000996, 34.171659426142803 ], [ -118.405077384115998, 34.171864083062097 ], [ -118.404949106618005, 34.172065490731001 ], [ -118.404813281109995, 34.172263449499802 ], [ -118.404670041591004, 34.172457763316302 ], [ -118.404519527456003, 34.172648242423598 ], [ -118.404361889792, 34.172834697964099 ], [ -118.404197281481004, 34.173016945576698 ], [ -118.404025867102007, 34.173194805397202 ], [ -118.403847814827003, 34.173368101158097 ], [ -118.403663300923, 34.173536663787203 ], [ -118.403472507052996, 34.173700326010398 ], [ -118.403275621174998, 34.173858925050503 ], [ -118.403072837544002, 34.1740123062241 ], [ -118.402864357606006, 34.1741603166464 ], [ -118.402650385509006, 34.174302810627402 ], [ -118.402431133492001, 34.174439648771902 ], [ -118.402206817392994, 34.174570694383199 ], [ -118.401977659343999, 34.174695817958799 ], [ -118.401743885073998, 34.174814898090297 ], [ -118.401505724811003, 34.174927815167699 ], [ -118.401263414176995, 34.175034458574601 ], [ -118.401017191492002, 34.175134722190798 ], [ -118.400767301371999, 34.175228508889703 ], [ -118.400513989331003, 34.175315724242402 ], [ -118.400257505382001, 34.175396282813402 ], [ -118.399998104030999, 34.175470105462097 ], [ -118.399736039789005, 34.175537119343701 ], [ -118.399471571657998, 34.175597257908301 ], [ -118.399204960443001, 34.175650460901203 ], [ -118.398936470544001, 34.175696677960502 ], [ -118.398666366361994, 34.175735861422098 ], [ -118.398394914096002, 34.175767973514397 ], [ -118.398122381744997, 34.175792982761102 ], [ -118.397849039104003, 34.175810864880702 ], [ -118.397575155070996, 34.1758216000879 ], [ -118.397301000343006, 34.175825180289003 ], [ -118.397026845615002, 34.1758216000879 ], [ -118.396752961581996, 34.175810864880603 ], [ -118.396479618941001, 34.175792982761102 ], [ -118.396207086589996, 34.175767973514297 ], [ -118.395935634324005, 34.175735861421998 ], [ -118.395840401515002, 34.175722046036803 ], [ -118.395676999195999, 34.175724180127901 ], [ -118.395402845367002, 34.175720599926898 ], [ -118.395128961335004, 34.1757098647196 ], [ -118.394855618693995, 34.175691983499398 ], [ -118.394583087241998, 34.1756669742526 ], [ -118.394311634976006, 34.175634861261003 ], [ -118.394041530793999, 34.1755956777995 ], [ -118.393773040894999, 34.175549461639498 ], [ -118.393506430578995, 34.175496257747298 ], [ -118.393241963348004, 34.175436119182699 ], [ -118.392979899105001, 34.175369106200399 ], [ -118.392720496856001, 34.175295283551698 ], [ -118.392464013804997, 34.1752147240814 ], [ -118.392210702664002, 34.1751275087287 ], [ -118.391960812543999, 34.175033722029703 ], [ -118.391714590757999, 34.174933458413598 ], [ -118.391472280124006, 34.174826815006703 ], [ -118.391234119860997, 34.174713897929202 ], [ -118.391000345592005, 34.174594817797797 ], [ -118.390771187542001, 34.174469694222097 ], [ -118.390546872342, 34.174338648610899 ], [ -118.390327620326005, 34.1742018104663 ], [ -118.390113648227995, 34.174059316485398 ], [ -118.389905168290994, 34.173911306063097 ], [ -118.389702385559005, 34.1737579248895 ], [ -118.389505499680993, 34.173599325849402 ], [ -118.389314705811003, 34.173435663626101 ], [ -118.389130191907, 34.1732671018964 ], [ -118.388952140531003, 34.1730938052361 ], [ -118.388780726152007, 34.172915945415703 ], [ -118.388616118740998, 34.172733697802997 ], [ -118.388458480176993, 34.172547242262603 ], [ -118.388307966940999, 34.172356764054598 ], [ -118.388164727421994, 34.1721624493387 ], [ -118.388028901913998, 34.171964490569898 ], [ -118.387900625315993, 34.171763082901101 ], [ -118.387780023530993, 34.171558425981701 ], [ -118.387667216170996, 34.171350721259898 ], [ -118.387562314750994, 34.171140173781097 ], [ -118.387465421794005, 34.1709269921881 ], [ -118.387376634426005, 34.170711385123496 ], [ -118.387296038084003, 34.170493565726602 ], [ -118.387223713706007, 34.170273750734196 ], [ -118.387159732338006, 34.1700521550841 ], [ -118.387104156033999, 34.169828998210903 ], [ -118.387057041451001, 34.169604501347798 ], [ -118.387018433555994, 34.169378883929497 ], [ -118.386988371917994, 34.169152370786399 ], [ -118.386966884415997, 34.168925184051197 ], [ -118.386953992635, 34.168697548554199 ], [ -118.386949709164, 34.168469689125999 ], [ -118.386954039399001, 34.168241829697898 ], [ -118.386966977946003, 34.168014195999497 ], [ -118.386988511313007, 34.167787012861503 ], [ -118.387018619716002, 34.167560503315798 ], [ -118.387057272576996, 34.167334892192699 ], [ -118.387104431227002, 34.167110400725598 ], [ -118.387160049798993, 34.166887251946299 ], [ -118.387224073433998, 34.166665665289401 ], [ -118.387296438281993, 34.166445860189498 ], [ -118.387377073294999, 34.166228051584397 ], [ -118.387465898434996, 34.166012457110398 ], [ -118.387562825565993, 34.1657992872085 ], [ -118.387667761160003, 34.165588753219502 ], [ -118.387780599096999, 34.165381062886901 ], [ -118.387901228760995, 34.165176421256 ], [ -118.388029532339004, 34.164975029775 ], [ -118.388165381229001, 34.164777088093302 ], [ -118.388308642332007, 34.1645827904645 ], [ -118.388459174453999, 34.164392329343698 ], [ -118.388616828305999, 34.164205891789599 ], [ -118.388781449207002, 34.1640236630628 ], [ -118.388952873478004, 34.163845822128202 ], [ -118.389130932948007, 34.163672544353602 ], [ -118.389315451349006, 34.163504001509601 ], [ -118.389506247018005, 34.163340359071498 ], [ -118.389703131096994, 34.163181778017801 ], [ -118.389905909332001, 34.163028416629302 ], [ -118.390114382074998, 34.162880425092702 ], [ -118.390328343380006, 34.162737949098201 ], [ -118.390547581907001, 34.1626011307388 ], [ -118.390771881819006, 34.162470103113897 ], [ -118.391001020982003, 34.1623449966255 ], [ -118.391234774566996, 34.162225933581098 ], [ -118.391472910548003, 34.162113033590799 ], [ -118.391715194203002, 34.162006405472397 ], [ -118.391961387210003, 34.1619061571446 ], [ -118.392211246754002, 34.161812384834903 ], [ -118.392464525519998, 34.161725182971999 ], [ -118.392720973495997, 34.161644636991497 ], [ -118.392980337973995, 34.161570826034001 ], [ -118.393242362647001, 34.161503822944297 ], [ -118.393506790307995, 34.161443695171499 ], [ -118.393773359254993, 34.161390499373198 ], [ -118.394041805987001, 34.161344291307103 ], [ -118.394311865202994, 34.161305113241497 ], [ -118.394583272502004, 34.161273006545201 ], [ -118.394855758988001, 34.161248001795002 ], [ -118.395129054864, 34.161230123272702 ], [ -118.395402892131997, 34.161219388964703 ], [ -118.395676999195999, 34.161215809662998 ], [ -118.395951106260995, 34.161219388964703 ], [ -118.396224943527997, 34.161230123272702 ], [ -118.396498239403996, 34.161248001795002 ], [ -118.396770725889994, 34.161273006545201 ], [ -118.397042133189998, 34.161305113241497 ], [ -118.397137483809999, 34.161318945713901 ] ] ], [ [ [ -118.423422254336003, 34.1645392956531 ], [ -118.423690710960003, 34.164585504618501 ], [ -118.423957289799006, 34.164638699517603 ], [ -118.424221727353, 34.164698827290202 ], [ -118.424483761917998, 34.164765830379899 ], [ -118.424743136288996, 34.164839641337501 ], [ -118.424999594157995, 34.164920187317897 ], [ -118.425252881917004, 34.165007389180801 ], [ -118.425502750454001, 34.165101160591298 ], [ -118.425748953354002, 34.165201409818401 ], [ -118.425991246001004, 34.165308037037398 ], [ -118.426229390976005, 34.165420937927102 ], [ -118.426463153553996, 34.165540000072099 ], [ -118.426692301710005, 34.165665106560603 ], [ -118.426916609716002, 34.165796134185399 ], [ -118.427135856337003, 34.165932953444198 ], [ -118.427349825736002, 34.166075428539401 ], [ -118.427558306573005, 34.166223420075902 ], [ -118.427761092902003, 34.166376782363699 ], [ -118.427957984176004, 34.166535362518196 ], [ -118.428148787039007, 34.166699004056902 ], [ -118.428333311735003, 34.166867547800202 ], [ -118.428511378400003, 34.167040824675503 ], [ -118.428682808966997, 34.1672186656101 ], [ -118.428847436162002, 34.167400895236298 ], [ -118.429005095411, 34.167587331890999 ], [ -118.429155632928001, 34.167777793011901 ], [ -118.429212824413995, 34.167855355041802 ], [ -118.429278878719003, 34.167912006035401 ], [ -118.429463406113001, 34.168080548879402 ], [ -118.429641475476004, 34.168253825754597 ], [ -118.429812908740999, 34.168431666689202 ], [ -118.429977537734999, 34.168613895416101 ], [ -118.430135199681999, 34.1688003329701 ], [ -118.430285739897002, 34.168990794091101 ], [ -118.430429008193997, 34.169185091719697 ], [ -118.430564864279006, 34.169383033401402 ], [ -118.430693174153006, 34.169584423983103 ], [ -118.430813811011006, 34.169789065613998 ], [ -118.430926654344006, 34.169996755946698 ], [ -118.431031595334005, 34.170207289935597 ], [ -118.431128527861006, 34.170420458938203 ], [ -118.431217357497005, 34.170636054311601 ], [ -118.431297997006993, 34.170853862017303 ], [ -118.431370365451997, 34.171073668016497 ], [ -118.431434391785999, 34.171295254673403 ], [ -118.431490013954999, 34.171518402553403 ], [ -118.431537175301997, 34.171742894020497 ], [ -118.431548810731002, 34.171810802727599 ], [ -118.431608474453995, 34.171822707952799 ], [ -118.431872934490002, 34.171882835725398 ], [ -118.432134991539002, 34.171949838815202 ], [ -118.432394388391998, 34.172023649772797 ], [ -118.432650867844998, 34.1721041957531 ], [ -118.432904177187993, 34.172191397615997 ], [ -118.433154066409003, 34.172285169026502 ], [ -118.433400289993997, 34.172385418253597 ], [ -118.433642603326007, 34.172492045472701 ], [ -118.433880768983997, 34.172604945463 ], [ -118.434114550448001, 34.172724007607997 ], [ -118.434343718389997, 34.172849114096501 ], [ -118.434568045280997, 34.172980141721297 ], [ -118.434787310787996, 34.173116960080797 ], [ -118.435001298173006, 34.173259436075199 ], [ -118.435209796997, 34.1734074267126 ], [ -118.435412599513995, 34.173560788101 ], [ -118.435609507875, 34.173719368255398 ], [ -118.435800326926, 34.173883010693601 ], [ -118.435984867808997, 34.174051553537502 ], [ -118.436162948863, 34.174224830412797 ], [ -118.436334394718997, 34.174402671347302 ], [ -118.436499035403997, 34.174584900074201 ], [ -118.436656708143005, 34.174771336729002 ], [ -118.436807259150001, 34.174961797849903 ], [ -118.436950537339996, 34.175156095478599 ], [ -118.437086403316997, 34.175354037160297 ], [ -118.437214722183995, 34.175555427741998 ], [ -118.437335367136001, 34.175760069372899 ], [ -118.437448219461999, 34.175967758806202 ], [ -118.437497961863997, 34.176067546681097 ], [ -118.437502396420996, 34.1760750686107 ], [ -118.437615248746994, 34.176282758044003 ], [ -118.437720196932005, 34.176493292032902 ], [ -118.437817136654004, 34.176706461035501 ], [ -118.437905973484007, 34.176922056408898 ], [ -118.437986618389999, 34.177139863215302 ], [ -118.438058992231007, 34.177359669214503 ], [ -118.438123023960003, 34.177581254972097 ], [ -118.438178648828, 34.177804403751402 ], [ -118.438225813771993, 34.178028894319198 ], [ -118.438264472029999, 34.178254505442197 ], [ -118.438294584030004, 34.178481014088703 ], [ -118.438316120094996, 34.178708197226698 ], [ -118.438329060439997, 34.178935830924999 ], [ -118.438333390675993, 34.179163689453802 ], [ -118.438329107205007, 34.179391548882002 ], [ -118.438316213624006, 34.179619183479701 ], [ -118.438294723425003, 34.179846370214896 ], [ -118.438264657290006, 34.1800728833581 ], [ -118.438226044898002, 34.180298498977699 ], [ -118.438178924019994, 34.180522996740002 ], [ -118.438123341421004, 34.180746152713901 ], [ -118.438059351960007, 34.180967747464699 ], [ -118.437987018588004, 34.181187562457197 ], [ -118.437906412353001, 34.1814053809547 ], [ -118.437817612394994, 34.181620988019297 ], [ -118.437720707747005, 34.181834169612401 ], [ -118.437615792836993, 34.182044717091202 ], [ -118.437502971987001, 34.182252420913699 ], [ -118.437382354914007, 34.182457077833 ], [ -118.437254062126996, 34.182658484602499 ], [ -118.437118219531996, 34.182856442472001 ], [ -118.436974962026994, 34.1830507571878 ], [ -118.436824429905997, 34.183241235395798 ], [ -118.436666771556006, 34.183427690936398 ], [ -118.436502143460999, 34.183609937649699 ], [ -118.436330707498001, 34.183787797470004 ], [ -118.436152632740004, 34.183961093230998 ], [ -118.435968095453006, 34.184129655860097 ], [ -118.435777277301995, 34.184293317184 ], [ -118.435580367141995, 34.184451916224099 ], [ -118.435377558330003, 34.184605296498397 ], [ -118.435169052312006, 34.184753306920697 ], [ -118.434955054135003, 34.1848958009016 ], [ -118.434735774239002, 34.1850326381469 ], [ -118.434511430260002, 34.185163683758098 ], [ -118.434282243433003, 34.185288808233103 ], [ -118.434048439486006, 34.185407887465097 ], [ -118.433810249545004, 34.1855208036433 ], [ -118.433567908333998, 34.185627447050202 ], [ -118.433321655971994, 34.185727711565796 ], [ -118.433071734375005, 34.185821497365303 ], [ -118.432818390858003, 34.185908712718103 ], [ -118.432561874532993, 34.185989271289003 ], [ -118.432302440807007, 34.186063093937797 ], [ -118.432040343289003, 34.186130107819402 ], [ -118.431775841884004, 34.186190245484603 ], [ -118.431509198293, 34.186243449376903 ], [ -118.431240675119, 34.186289665536798 ], [ -118.430970536762999, 34.186328848998301 ], [ -118.430699050323, 34.186360961989998 ], [ -118.430426483797007, 34.186385970337398 ], [ -118.430153106982004, 34.186403852456998 ], [ -118.429879188775999, 34.186414587664203 ], [ -118.429604999873007, 34.186418167865298 ], [ -118.429330810970001, 34.186414587664302 ], [ -118.429056892763001, 34.186403852456998 ], [ -118.428783515948993, 34.186385970337398 ], [ -118.428510949423, 34.186360961989898 ], [ -118.428239462983001, 34.186328848998301 ], [ -118.427969324627, 34.186289665536798 ], [ -118.427700801453, 34.186243449376803 ], [ -118.427434157861995, 34.186190245484603 ], [ -118.427169656456996, 34.186130107819402 ], [ -118.426907558939007, 34.186063093937797 ], [ -118.426648125213006, 34.185989271289003 ], [ -118.426391608887997, 34.185908712718103 ], [ -118.426138265370994, 34.185821497365303 ], [ -118.425888343774005, 34.185727711565796 ], [ -118.425642091412001, 34.185627447050202 ], [ -118.4253997502, 34.185520803643399 ], [ -118.425161560259994, 34.185407887465203 ], [ -118.424927756312997, 34.185288808233103 ], [ -118.424698569485997, 34.185163683758098 ], [ -118.424474225506998, 34.1850326381469 ], [ -118.424254945610997, 34.1848958009017 ], [ -118.424040947433994, 34.184753306920697 ], [ -118.423832441415996, 34.184605296498397 ], [ -118.423629632604005, 34.184451916224099 ], [ -118.423432722444005, 34.184293317184 ], [ -118.423241904292993, 34.184129655860097 ], [ -118.423057367005995, 34.183961093230998 ], [ -118.422879292247998, 34.183787797470103 ], [ -118.422707856285001, 34.183609937649599 ], [ -118.422543228189994, 34.183427690936298 ], [ -118.422385569840003, 34.183241235395798 ], [ -118.422235037719005, 34.1830507571878 ], [ -118.422091780214004, 34.182856442472001 ], [ -118.421955937619003, 34.182658484602598 ], [ -118.421827644832007, 34.182457077833 ], [ -118.421707027758998, 34.182252420913699 ], [ -118.421594206909006, 34.182044717091202 ], [ -118.421544486090994, 34.181944935511503 ], [ -118.421540057829006, 34.181937421675798 ], [ -118.421427236979, 34.181729717853401 ], [ -118.421322322069997, 34.1815191703745 ], [ -118.421225417420999, 34.181305988781503 ], [ -118.421136618361999, 34.181090381716899 ], [ -118.421056013026998, 34.180872563219403 ], [ -118.420983679654995, 34.180652748226898 ], [ -118.420919690193998, 34.1804311534761 ], [ -118.420864107594994, 34.180207997502201 ], [ -118.420816987616007, 34.179983499739897 ], [ -118.420805443917999, 34.179916051485797 ], [ -118.420746318889996, 34.179904253279801 ], [ -118.420481837268994, 34.1798441156146 ], [ -118.420219759535996, 34.179777101733002 ], [ -118.419960343797001, 34.179703279084201 ], [ -118.419703847256997, 34.179622720513301 ], [ -118.419450522625993, 34.179535505160601 ], [ -118.419200619915003, 34.179441718461703 ], [ -118.418954385538996, 34.1793414548454 ], [ -118.418712062314, 34.179234811438498 ], [ -118.418473889460998, 34.179121894361103 ], [ -118.418240103499997, 34.179002815129003 ], [ -118.41801093286, 34.178877690653998 ], [ -118.417786605968999, 34.1787466450428 ], [ -118.417567343160002, 34.1786098077975 ], [ -118.417353360270994, 34.178467312917299 ], [ -118.417144869542, 34.178319302494998 ], [ -118.416942076018003, 34.1781659222207 ], [ -118.416745180248, 34.178007322281303 ], [ -118.416554376484996, 34.177843660957301 ], [ -118.416369852689002, 34.177675099227599 ], [ -118.416191791420005, 34.177501802567299 ], [ -118.416020368047995, 34.177323942746902 ], [ -118.415855751644003, 34.177141696033601 ], [ -118.415698105884999, 34.176955240493101 ], [ -118.415547584555, 34.176764761385797 ], [ -118.415490451525002, 34.176687261409199 ], [ -118.415424466467996, 34.176630661676903 ], [ -118.415239945368995, 34.176462099947102 ], [ -118.415061886798995, 34.176288803286802 ], [ -118.414890466124007, 34.176110943466398 ], [ -118.414725852418002, 34.175928695853798 ], [ -118.414568208457993, 34.175742241212603 ], [ -118.414417688927003, 34.1755517621053 ], [ -118.414274444011994, 34.175357447389501 ], [ -118.414138613109003, 34.175159489519999 ], [ -118.414010332013007, 34.174958081851202 ], [ -118.413889725732005, 34.174753425831099 ], [ -118.413776914774999, 34.174545721109297 ], [ -118.413672008858001, 34.174335173630503 ], [ -118.413575112304002, 34.1741219911382 ], [ -118.413486321338993, 34.173906384073597 ], [ -118.413405722297995, 34.173688565576001 ], [ -118.413333395221997, 34.173468750583503 ], [ -118.413269411157003, 34.173247154933399 ], [ -118.413213833054002, 34.1730239989596 ], [ -118.413166716673004, 34.172799501197197 ], [ -118.413128107877995, 34.172573884678201 ], [ -118.413098044441, 34.172347371535203 ], [ -118.413076556039996, 34.172120184799901 ], [ -118.413063663358997, 34.171892549302903 ], [ -118.413059380787999, 34.171664689874703 ], [ -118.413063710124007, 34.171436830446503 ], [ -118.413076649570002, 34.171209197647499 ], [ -118.413098183835999, 34.1709820136102 ], [ -118.413128293138001, 34.170755504963701 ], [ -118.413166947798004, 34.170529892941303 ], [ -118.413214108247004, 34.1703054023736 ], [ -118.413269728616996, 34.170082253594302 ], [ -118.413333754950997, 34.169860666937403 ], [ -118.413406122496994, 34.169640861837401 ], [ -118.413486760208002, 34.169423054131798 ], [ -118.413575588943999, 34.1692074587584 ], [ -118.413672520572007, 34.168994288856503 ], [ -118.413777458864999, 34.168783755766903 ], [ -118.413890301297997, 34.168576065434202 ], [ -118.414010936357997, 34.168371423803301 ], [ -118.414139243533, 34.168170032322301 ], [ -118.414275097819996, 34.167972090640603 ], [ -118.414418365217003, 34.167777793011801 ], [ -118.414568902734999, 34.167587331890999 ], [ -118.414726561983002, 34.167400895236298 ], [ -118.414891189179002, 34.1672186656101 ], [ -118.415062619745996, 34.167040824675503 ], [ -118.415240686410996, 34.166867547800202 ], [ -118.415425211107006, 34.166699004056902 ], [ -118.415616013969995, 34.166535362518097 ], [ -118.415812905243001, 34.166376782363798 ], [ -118.416015691572994, 34.166223420075902 ], [ -118.416224172409997, 34.166075428539401 ], [ -118.416438141808996, 34.165932953444198 ], [ -118.416657388429996, 34.165796134185399 ], [ -118.416881696434999, 34.165665106560603 ], [ -118.417110844592003, 34.165540000072099 ], [ -118.417344607169994, 34.165420937927102 ], [ -118.417582752144, 34.165308037037398 ], [ -118.417825044791996, 34.165201409818401 ], [ -118.418071247691998, 34.165101160591199 ], [ -118.418321116228995, 34.165007389180801 ], [ -118.418574403988003, 34.164920187317897 ], [ -118.418830861857003, 34.164839641337501 ], [ -118.419090236228001, 34.164765830379899 ], [ -118.419352270792999, 34.164698827290202 ], [ -118.419616708346993, 34.164638699517504 ], [ -118.419883287185996, 34.164585504618501 ], [ -118.420151743809996, 34.164539295653199 ], [ -118.420421813817995, 34.164500118486799 ], [ -118.420693231010006, 34.164468010891198 ], [ -118.420965727387994, 34.164443006140999 ], [ -118.421239034056001, 34.164425127618699 ], [ -118.421512881216998, 34.164414394210098 ], [ -118.421786999073007, 34.164410814908301 ], [ -118.422061116929001, 34.164414394210098 ], [ -118.422334964089004, 34.164425127618699 ], [ -118.422608270756996, 34.164443006140999 ], [ -118.422880767135993, 34.164468010891198 ], [ -118.423152184328004, 34.164500118486799 ], [ -118.423422254336003, 34.1645392956531 ] ] ], [ [ [ -118.368479078649003, 33.929025498329203 ], [ -118.368552234, 33.929025406598399 ], [ -118.368974417138006, 33.929024878696403 ], [ -118.378736554350994, 33.929012667701599 ], [ -118.378738216298004, 33.930195747436898 ], [ -118.378738891688997, 33.930909427829 ], [ -118.385128001957995, 33.930899819472302 ], [ -118.385725007904995, 33.930898921948902 ], [ -118.385791047821002, 33.930898823023398 ], [ -118.386214694155001, 33.930898185404097 ], [ -118.386194037627007, 33.930996889596003 ], [ -118.386138616905995, 33.931220054562999 ], [ -118.386074814503004, 33.931441659206399 ], [ -118.386002692472005, 33.931661483192002 ], [ -118.385922321859994, 33.931879309783398 ], [ -118.385833781805999, 33.932094925841298 ], [ -118.385737160443995, 33.932308116427599 ], [ -118.385632552203006, 33.932518672000299 ], [ -118.385520061403994, 33.932726384816 ], [ -118.385399796865002, 33.932931048929902 ], [ -118.385271879995003, 33.933132463793299 ], [ -118.385136434901, 33.933330430656 ], [ -118.384993595579999, 33.933524752566498 ], [ -118.384843503227003, 33.933715238868402 ], [ -118.384686307129002, 33.933901700703998 ], [ -118.384522160171997, 33.934083955511298 ], [ -118.384351226030006, 33.934261822526203 ], [ -118.384173671978999, 33.934435125481798 ], [ -118.383989675185006, 33.9346036944061 ], [ -118.383799415512996, 33.934767362025298 ], [ -118.383603080919997, 33.934925967360698 ], [ -118.383400865659993, 33.935079353930199 ], [ -118.383192969381994, 33.935227370647802 ], [ -118.382979597133001, 33.935369870923999 ], [ -118.382760959353007, 33.935506713565097 ], [ -118.382537271879997, 33.9356377636731 ], [ -118.382308755047006, 33.935762892644497 ], [ -118.382075635484, 33.935881977272601 ], [ -118.381838142518006, 33.935994898846602 ], [ -118.381596510872001, 33.936101545850903 ], [ -118.381350978867005, 33.936201813963699 ], [ -118.381101788419002, 33.936295604259897 ], [ -118.380849185943006, 33.936382823209897 ], [ -118.380593421450996, 33.936463384478799 ], [ -118.380334745854, 33.936537209825502 ], [ -118.380073415458, 33.936604226405102 ], [ -118.379809688368994, 33.936664366768298 ], [ -118.379543825389007, 33.936717572459202 ], [ -118.379276087324001, 33.9367637904177 ], [ -118.379006739472004, 33.936802975677899 ], [ -118.378736048031996, 33.936835089568902 ], [ -118.378464279205005, 33.936860099714998 ], [ -118.378424926671002, 33.9368626816686 ], [ -118.378236048356996, 33.936885089176698 ], [ -118.377964280428998, 33.936910099322802 ], [ -118.377691703112006, 33.936927981442302 ], [ -118.377418586201003, 33.936938717548898 ], [ -118.377145199493, 33.936942297750001 ], [ -118.376871812786007, 33.936938717548898 ], [ -118.376598695875003, 33.936927981442402 ], [ -118.376326118557998, 33.936910099322802 ], [ -118.37605435063, 33.936885089176698 ], [ -118.375783658290999, 33.936852975285703 ], [ -118.375687412846005, 33.936838973740798 ], [ -118.375471351624, 33.936819089730399 ], [ -118.375200659284999, 33.936786975839397 ], [ -118.374931311433002, 33.936747791478503 ], [ -118.374663574267004, 33.936701572620699 ], [ -118.374397710387996, 33.936648366929703 ], [ -118.374133983299004, 33.936588226566499 ], [ -118.373872653801996, 33.936521209986999 ], [ -118.373613978205, 33.936447384640303 ], [ -118.373358213713004, 33.936366823371301 ], [ -118.373105611236994, 33.936279604421301 ], [ -118.372856420789006, 33.936185814125203 ], [ -118.372610888783996, 33.936085546012301 ], [ -118.372369257138004, 33.935978899008099 ], [ -118.372131764171996, 33.935865977434098 ], [ -118.371898644609004, 33.935746892806002 ], [ -118.371670127776, 33.935621763834497 ], [ -118.371446440303004, 33.935490713726701 ], [ -118.371227802522995, 33.935353871085397 ], [ -118.371014430274002, 33.935211370809299 ], [ -118.370806533996003, 33.935063354091703 ], [ -118.370604318736, 33.934909967522103 ], [ -118.370407985043002, 33.934751362186802 ], [ -118.370217725369997, 33.934587694567597 ], [ -118.370132427371999, 33.934509548877699 ], [ -118.370132009187003, 33.9339827017414 ], [ -118.370131887778996, 33.933828963537003 ], [ -118.370131465995996, 33.933297547844703 ], [ -118.370129514468005, 33.930837172698503 ], [ -118.369063191015996, 33.930838390380501 ], [ -118.368644803916993, 33.930838867920599 ], [ -118.368552844640007, 33.930838973141299 ], [ -118.368388971976003, 33.9308391602002 ], [ -118.368386992568006, 33.929025613442398 ], [ -118.368479078649003, 33.929025498329203 ] ] ], [ [ [ -118.340647087495, 34.041226002279302 ], [ -118.340915155611995, 34.041272212144101 ], [ -118.341181347743003, 34.041325408841701 ], [ -118.341445401285995, 34.041385538413003 ], [ -118.341707056337995, 34.041452542402098 ], [ -118.341966054791996, 34.041526354258998 ], [ -118.342222141240995, 34.041606902038097 ], [ -118.342475062077, 34.041694105699598 ], [ -118.342724568186, 34.041787879807998 ], [ -118.342970413155996, 34.041888130833698 ], [ -118.343212355068005, 34.041994760750804 ], [ -118.343450155602, 34.042107663439097 ], [ -118.343683578237005, 34.042226728282003 ], [ -118.343912394542997, 34.042351837468502 ], [ -118.344136376994001, 34.042482866892001 ], [ -118.344355306154995, 34.042619688848703 ], [ -118.344568965288005, 34.042762167541198 ], [ -118.344777143952001, 34.042910161775701 ], [ -118.344979636203007, 34.0430635267615 ], [ -118.345176241491998, 34.043222110513199 ], [ -118.345366767364993, 34.043385755649297 ], [ -118.345551025860999, 34.043554302090598 ], [ -118.345728833520994, 34.043727583462399 ], [ -118.345900015875003, 34.043905427994197 ], [ -118.346064403851003, 34.044087660318397 ], [ -118.346221835571001, 34.044274101469803 ], [ -118.346372154552995, 34.044464566187997 ], [ -118.346515213309004, 34.044658867414 ], [ -118.346650870643003, 34.044856813592197 ], [ -118.346778992558995, 34.045058208670497 ], [ -118.34689945225, 34.045262854798104 ], [ -118.347012131007006, 34.045470548727998 ], [ -118.347116917313997, 34.045681087213602 ], [ -118.347213708647999, 34.0458942607127 ], [ -118.347302407881998, 34.046109860582803 ], [ -118.347382928681, 34.046327672784997 ], [ -118.347455191006006, 34.046547482381499 ], [ -118.347519123810997, 34.046769073535103 ], [ -118.347574664142002, 34.046992226811 ], [ -118.347621756240997, 34.047216722774699 ], [ -118.347660354243999, 34.047442338394298 ], [ -118.347690419478994, 34.047668851537502 ], [ -118.347711923169001, 34.0478960400714 ], [ -118.347724842828995, 34.0481236782663 ], [ -118.347729166769994, 34.048351542191099 ], [ -118.347724889594005, 34.048579406115898 ], [ -118.347712016697997, 34.048807046109403 ], [ -118.347690558874007, 34.049034237341402 ], [ -118.347660538604998, 34.049260754980999 ], [ -118.347621985567997, 34.049486375996601 ], [ -118.347574937535001, 34.049710877356297 ], [ -118.347519440371997, 34.0499340387261 ], [ -118.347455548937006, 34.050155637973397 ], [ -118.347383326181998, 34.050375458361898 ], [ -118.347302844053004, 34.050593281356001 ], [ -118.347214181691001, 34.050808892017898 ], [ -118.347117425430994, 34.051022079006898 ], [ -118.347012671499996, 34.051232630083 ], [ -118.346900024218996, 34.051440339301301 ], [ -118.346779592405994, 34.051644999818002 ], [ -118.346651497471001, 34.051846411084099 ], [ -118.346515863517993, 34.052044373450201 ], [ -118.346372826346993, 34.052238691763399 ], [ -118.346222525350996, 34.052429174467903 ], [ -118.346065109818994, 34.052615633605797 ], [ -118.345900734433002, 34.052797884815703 ], [ -118.345729562871, 34.052975747334003 ], [ -118.345551761506997, 34.053149047591603 ], [ -118.345367508406, 34.053317612918597 ], [ -118.345176984331999, 34.053481277839801 ], [ -118.344980376345006, 34.053639880477299 ], [ -118.344777880497006, 34.053793264348798 ], [ -118.344569694637997, 34.0539412774691 ], [ -118.344356025612001, 34.054083775047303 ], [ -118.344137082962007, 34.054220614990498 ], [ -118.343913084323006, 34.054351663299798 ], [ -118.343684250029995, 34.0544767895733 ], [ -118.343450805811997, 34.054595871503402 ], [ -118.343212981896002, 34.054708791278799 ], [ -118.342971013902996, 34.054815436484297 ], [ -118.342725140154997, 34.054915702798603 ], [ -118.342475602568996, 34.055009490396799 ], [ -118.342222649358007, 34.055096707548202 ], [ -118.342025777868997, 34.055158631266998 ], [ -118.342182942490993, 34.055127228739799 ], [ -118.342451053774994, 34.0550810188751 ], [ -118.342720776644995, 34.055041840809501 ], [ -118.342991844899998, 34.055009734113099 ], [ -118.343263990542994, 34.054984728463602 ], [ -118.343536944676003, 34.054966849941401 ], [ -118.343810440202006, 34.054956115633402 ], [ -118.344084204623996, 34.054952536331598 ], [ -118.344357969046996, 34.054956115633402 ], [ -118.344631464572998, 34.054966849941302 ], [ -118.344904418705994, 34.054984728463602 ], [ -118.345176564349003, 34.055009734113099 ], [ -118.345447632604007, 34.055041840809501 ], [ -118.345717355473994, 34.0550810188751 ], [ -118.345985466757995, 34.055127228739799 ], [ -118.346251702057003, 34.0551804245382 ], [ -118.346515798767001, 34.055240554109403 ], [ -118.346777496087, 34.055307558098498 ], [ -118.347036536809, 34.055381369955398 ], [ -118.347292664627005, 34.055461917734497 ], [ -118.347545626831007, 34.055549121395998 ], [ -118.347795173411001, 34.0556428946051 ], [ -118.348041058850001, 34.0557431456308 ], [ -118.348283040332007, 34.055849775547898 ], [ -118.348520878637999, 34.055962677336801 ], [ -118.348754339943, 34.056081742179799 ], [ -118.348983193121995, 34.056206851366298 ], [ -118.349207212444995, 34.056337880789798 ], [ -118.349426176679003, 34.056474702746499 ], [ -118.349639870884999, 34.056617180539597 ], [ -118.349848082825005, 34.0567651747741 ], [ -118.350050608350998, 34.0569185388606 ], [ -118.350247246015996, 34.057077121713 ], [ -118.350437803364002, 34.057240767748397 ], [ -118.350622090639007, 34.0574093132903 ], [ -118.350799927975999, 34.057582593762902 ], [ -118.350971138209999, 34.0577604382948 ], [ -118.351135552266001, 34.0579426706189 ], [ -118.351293009166994, 34.058129110870901 ], [ -118.351443353329998, 34.058319575589103 ], [ -118.351534804490001, 34.058443763869697 ], [ -118.351675114016999, 34.058621515771499 ], [ -118.351818197054001, 34.058815816997502 ], [ -118.351953876872003, 34.0590137622765 ], [ -118.352082019471993, 34.059215157354799 ], [ -118.352202498948003, 34.059419802583001 ], [ -118.352315196590993, 34.059627496512903 ], [ -118.352397417109003, 34.059792666899199 ], [ -118.352461733024995, 34.059663464898101 ], [ -118.352574430668, 34.059455770968199 ], [ -118.352694910143995, 34.059251125739998 ], [ -118.352823053642993, 34.059049730661698 ], [ -118.352958733460994, 34.058851785382799 ], [ -118.353101816497997, 34.058657484156697 ], [ -118.353252160661, 34.058467019438503 ], [ -118.353409618461001, 34.058280579186501 ], [ -118.353574033417004, 34.058098346862401 ], [ -118.353745244549998, 34.057920503229802 ], [ -118.353923081887004, 34.0577472227573 ], [ -118.354107370061001, 34.057578676315998 ], [ -118.354297928308995, 34.0574150311799 ], [ -118.354494566873001, 34.0572564483276 ], [ -118.354697092398993, 34.057103083341801 ], [ -118.354905306136999, 34.056955089107198 ], [ -118.355119000344004, 34.0568126113142 ], [ -118.355337966375998, 34.0566757893573 ], [ -118.355561986599, 34.0565447599339 ], [ -118.355790840677003, 34.0564196507475 ], [ -118.356024301982004, 34.0563005868038 ], [ -118.356262142085995, 34.0561876841155 ], [ -118.356504124468003, 34.056081055097799 ], [ -118.356750010805996, 34.055980804072 ], [ -118.356999558284997, 34.055887030862898 ], [ -118.357252521389, 34.055799827201398 ], [ -118.357508650105999, 34.055719279422398 ], [ -118.357767691728, 34.055645467565398 ], [ -118.358029389947006, 34.055578463576403 ], [ -118.358293488455999, 34.0555183340051 ], [ -118.358559724654, 34.055465138206699 ], [ -118.358827836836994, 34.0554189283421 ], [ -118.359097560606003, 34.055379750276401 ], [ -118.359368629760993, 34.0553476426808 ], [ -118.359640776302996, 34.055322637031203 ], [ -118.359913732235, 34.055304758509003 ], [ -118.360187227761003, 34.055294024200997 ], [ -118.360460993982002, 34.055290444899299 ], [ -118.360734760203002, 34.055294024200997 ], [ -118.361008255729004, 34.055304758509003 ], [ -118.361281211660994, 34.055322637031203 ], [ -118.361553358202997, 34.0553476426808 ], [ -118.361824427358002, 34.055379750276401 ], [ -118.362094151126001, 34.055418928342 ], [ -118.362362263310004, 34.055465138206699 ], [ -118.362628499508006, 34.0555183340051 ], [ -118.362892598016998, 34.055578463576403 ], [ -118.363154296236004, 34.055645467565398 ], [ -118.363413337856997, 34.055719279422398 ], [ -118.363669466575004, 34.055799827201398 ], [ -118.363922429677999, 34.055887030862898 ], [ -118.364171977157, 34.055980804072 ], [ -118.364417863496001, 34.056081055097799 ], [ -118.364659845877, 34.0561876841155 ], [ -118.364752206250998, 34.056231526964602 ], [ -118.364849658587005, 34.056265122038901 ], [ -118.365099207864006, 34.056358895248003 ], [ -118.365345095102001, 34.056459146273703 ], [ -118.365587078383001, 34.056565775291403 ], [ -118.365824918486993, 34.056678677979797 ], [ -118.366058381591003, 34.056797742822702 ], [ -118.366287236568994, 34.056922851109903 ], [ -118.366511258589995, 34.057053881432701 ], [ -118.366730224622003, 34.057190702490097 ], [ -118.366943920628003, 34.0573331811825 ], [ -118.367152134365995, 34.057481175417003 ], [ -118.367354660790994, 34.057634539503503 ], [ -118.367551301153995, 34.057793122355903 ], [ -118.367741859400994, 34.057956767492001 ], [ -118.367926148474993, 34.058125313933203 ], [ -118.368103986712001, 34.058298594405798 ], [ -118.368275198744001, 34.058476438937703 ], [ -118.368439614598998, 34.058658670362497 ], [ -118.368597073298005, 34.058845110614499 ], [ -118.368747418360996, 34.0590355753327 ], [ -118.368890501397999, 34.059229876558703 ], [ -118.369026182114993, 34.059427821837701 ], [ -118.369154325614005, 34.059629216916001 ], [ -118.369274805990003, 34.059833862144202 ], [ -118.369387503633007, 34.060041556074097 ], [ -118.369492308825002, 34.060252093660402 ], [ -118.369569582173, 34.060422251686703 ], [ -118.369631097598997, 34.060362314570298 ], [ -118.369815391168999, 34.060193768129103 ], [ -118.370005954812996, 34.060030122992998 ], [ -118.370202599671998, 34.059871540140598 ], [ -118.370405132393003, 34.059718176054197 ], [ -118.370613351526998, 34.059570181819602 ], [ -118.370827052927993, 34.059427704026497 ], [ -118.371046025256007, 34.059290882069703 ], [ -118.371270051774005, 34.059159852646196 ], [ -118.371498913047006, 34.059034743459797 ], [ -118.371732382445998, 34.058915679516197 ], [ -118.371970228845001, 34.058802776827903 ], [ -118.372212218420998, 34.058696147810103 ], [ -118.372458112854005, 34.058595896784396 ], [ -118.372707668426003, 34.058502123575401 ], [ -118.372960638725004, 34.058414919913801 ], [ -118.373216775535994, 34.058334372134702 ], [ -118.373475825251006, 34.058260560277802 ], [ -118.373737531564004, 34.0581935562887 ], [ -118.374001638167002, 34.058133426717397 ], [ -118.374267882458994, 34.058080230919103 ], [ -118.374536003635995, 34.058034021054397 ], [ -118.374805735498001, 34.057994842988798 ], [ -118.375076812746997, 34.057962735393097 ], [ -118.375348967383005, 34.057937730642898 ], [ -118.375621931409, 34.057919851221399 ], [ -118.375895435928001, 34.057909117812699 ], [ -118.376169210243006, 34.057905538510902 ], [ -118.376442984557997, 34.057909117812699 ], [ -118.376716489076998, 34.0579198512213 ], [ -118.376989453102993, 34.057937730642898 ], [ -118.377261607739001, 34.057962735393097 ], [ -118.377532684987997, 34.057994842988798 ], [ -118.377802416850002, 34.058034021054397 ], [ -118.378070538027004, 34.058080230919103 ], [ -118.378336782318996, 34.058133426717397 ], [ -118.378600888921994, 34.0581935562887 ], [ -118.378862595235006, 34.058260560277802 ], [ -118.379121644950004, 34.058334372134702 ], [ -118.379377781760994, 34.058414919913801 ], [ -118.379630752059995, 34.058502123575302 ], [ -118.379880307632007, 34.058595896784396 ], [ -118.380126202065, 34.058696147810103 ], [ -118.380368191640997, 34.058802776827797 ], [ -118.38060603804, 34.058915679516097 ], [ -118.380839507439006, 34.059034743459797 ], [ -118.381068368711993, 34.059159852646196 ], [ -118.381292395230005, 34.059290882069703 ], [ -118.381511367558005, 34.059427704026497 ], [ -118.381725068959, 34.059570181819602 ], [ -118.381933288092995, 34.059718176054098 ], [ -118.382135820814, 34.059871540140598 ], [ -118.382332465673002, 34.060030122992899 ], [ -118.382523029316005, 34.060193768128997 ], [ -118.382707322887001, 34.060362314570298 ], [ -118.382885166519003, 34.0605355950429 ], [ -118.383056382147998, 34.0607134386754 ], [ -118.383220802500006, 34.060895670999599 ], [ -118.383378264797003, 34.061082111251601 ], [ -118.383485804827998, 34.061218344152401 ], [ -118.383472376151005, 34.061812810413997 ], [ -118.383466043124997, 34.062093163269999 ], [ -118.383446964008002, 34.062941938021197 ], [ -118.379464773183003, 34.062952838703701 ], [ -118.377341742729001, 34.062958913624101 ], [ -118.377326403892994, 34.062095546473401 ], [ -118.377280302846003, 34.059527005368203 ], [ -118.377181364829994, 34.059533946335698 ], [ -118.376018703303004, 34.059616235202199 ], [ -118.376013107720993, 34.059969584230103 ], [ -118.373084687610003, 34.061711905581099 ], [ -118.372957984825007, 34.061787570041503 ], [ -118.372753482589005, 34.061908951538101 ], [ -118.372256424596003, 34.062204662116599 ], [ -118.372241614561005, 34.062292334324901 ], [ -118.372039319261006, 34.063871474590101 ], [ -118.372147403382002, 34.064047380183602 ], [ -118.372351089933005, 34.064381194137901 ], [ -118.375821103362995, 34.070056545774101 ], [ -118.375885841959999, 34.070029120948398 ], [ -118.376050641825998, 34.069813935665699 ], [ -118.376042532639005, 34.069578733273097 ], [ -118.376196913859005, 34.069581159643903 ], [ -118.376191233740997, 34.069408366604002 ], [ -118.377264708601999, 34.069397528873999 ], [ -118.377268178186, 34.069397612510997 ], [ -118.377270753844002, 34.069397788778097 ], [ -118.377272474246993, 34.069397970441102 ], [ -118.377275031020005, 34.069398336465198 ], [ -118.377276711853, 34.069398645832003 ], [ -118.377279221861002, 34.069399196217098 ], [ -118.377280881109996, 34.0693996197978 ], [ -118.377284111475007, 34.069400618045201 ], [ -118.377287268095003, 34.069401798855097 ], [ -118.377290301507998, 34.069403168522598 ], [ -118.377293238693994, 34.069404706363201 ], [ -118.377296024794006, 34.0694064114778 ], [ -118.377298651714, 34.069408266779298 ], [ -118.377301123050998, 34.069410289354501 ], [ -118.377303419019995, 34.069412425244401 ], [ -118.377305534225002, 34.069414711321102 ], [ -118.377307447982005, 34.069417106215603 ], [ -118.377309159391999, 34.069419598236998 ], [ -118.377310669354003, 34.069422202673699 ], [ -118.377311936498998, 34.069424863767701 ], [ -118.377312982410004, 34.069427596807301 ], [ -118.377313432970993, 34.0694289943538 ], [ -118.377313978858993, 34.069431117653103 ], [ -118.377314507660998, 34.069433947819597 ], [ -118.377314742384002, 34.069436107991201 ], [ -118.377314815228999, 34.069437541510503 ], [ -118.377324565677995, 34.069713727807397 ], [ -118.377522709706994, 34.069713592909103 ], [ -118.378381414773003, 34.069708894850798 ], [ -118.378579572291997, 34.069707544069097 ], [ -118.379438348402999, 34.069707237400202 ], [ -118.379637817133997, 34.0697047453789 ], [ -118.382949685681993, 34.069692022669898 ], [ -118.382974265051999, 34.069691928241099 ], [ -118.382885895870004, 34.069783733733502 ], [ -118.382708060330998, 34.069957033091796 ], [ -118.382681438600002, 34.069981383135499 ], [ -118.382625067294995, 34.070039946087803 ], [ -118.382447231756004, 34.070213245446098 ], [ -118.382262940884004, 34.0703818107731 ], [ -118.382072378139995, 34.070545474794997 ], [ -118.381875731481998, 34.070704077432403 ], [ -118.381673194265005, 34.070857460404604 ], [ -118.381464967037004, 34.071005473524998 ], [ -118.381251254844003, 34.071147970203803 ], [ -118.381032269025994, 34.071284810147098 ], [ -118.380808225421006, 34.0714158575569 ], [ -118.380579345263001, 34.071540983830502 ], [ -118.380345854279994, 34.071660065760597 ], [ -118.380107982699002, 34.071772984636603 ], [ -118.379865966143996, 34.071879629842201 ], [ -118.379620042932999, 34.071979895257101 ], [ -118.379370455884001, 34.072073683754702 ], [ -118.379117451411005, 34.072160900006701 ], [ -118.378861278626999, 34.072241460376297 ], [ -118.378602192040006, 34.072315284823702 ], [ -118.378340445256995, 34.0723822987053 ], [ -118.378076298184993, 34.072442438169098 ], [ -118.377810011625002, 34.072495642960703 ], [ -118.377541847280995, 34.072541860020003 ], [ -118.377272070451994, 34.072581044380897 ], [ -118.377000947338004, 34.072613157372501 ], [ -118.376728746835994, 34.072638167518598 ], [ -118.376455735145996, 34.0726560487388 ], [ -118.376182183862994, 34.072666784845403 ], [ -118.375908361884001, 34.072670365046498 ], [ -118.375634539903999, 34.072666784845403 ], [ -118.375360988620997, 34.0726560487388 ], [ -118.375087976930999, 34.072638167518598 ], [ -118.374815776429003, 34.072613157372501 ], [ -118.374544653314999, 34.072581044380897 ], [ -118.374274876485998, 34.072541860020003 ], [ -118.374006712142005, 34.072495642960703 ], [ -118.373740425582, 34.072442438169098 ], [ -118.373476278509997, 34.0723822987053 ], [ -118.373214531727001, 34.072315284823702 ], [ -118.372955445139993, 34.072241460376198 ], [ -118.372699272356002, 34.072160900006701 ], [ -118.372446267883006, 34.072073683754702 ], [ -118.372196680833994, 34.071979895257101 ], [ -118.371950757622997, 34.071879629842201 ], [ -118.371708741068005, 34.071772984636702 ], [ -118.371470869486998, 34.071660065760597 ], [ -118.371237378504006, 34.071540983830502 ], [ -118.371008498346001, 34.0714158575569 ], [ -118.370784454740999, 34.071284810146999 ], [ -118.370565468923004, 34.071147970203803 ], [ -118.370351756730003, 34.071005473524899 ], [ -118.370143529502002, 34.070857460404703 ], [ -118.369940992284995, 34.070704077432403 ], [ -118.369744345626998, 34.070545474794997 ], [ -118.369553782883003, 34.0703818107731 ], [ -118.369369492011003, 34.070213245446098 ], [ -118.369191656471997, 34.070039946087803 ], [ -118.369020449836, 34.069862083569497 ], [ -118.368856042074995, 34.069679833258803 ], [ -118.368698595065993, 34.069493374121102 ], [ -118.368548263494006, 34.069302892315797 ], [ -118.368405197544007, 34.069108574901897 ], [ -118.368269536612004, 34.068910612535902 ], [ -118.368141415596, 34.068709202169103 ], [ -118.368020960400997, 34.068504541652501 ], [ -118.367908289737997, 34.068296833333299 ], [ -118.367803515122006, 34.068086282257198 ], [ -118.367721862975998, 34.067906412452103 ], [ -118.367552043993996, 34.068052265400901 ], [ -118.367355402732002, 34.0682108680383 ], [ -118.367152870910004, 34.0683642510106 ], [ -118.366944649977995, 34.068512264130902 ], [ -118.366730944080004, 34.068654761708999 ], [ -118.366511964558001, 34.068791600752903 ], [ -118.366287927247996, 34.068922649062202 ], [ -118.366059054283994, 34.069047775335797 ], [ -118.365825569595998, 34.069166857265799 ], [ -118.365587705210999, 34.069279776141997 ], [ -118.365345695849001, 34.069386421347403 ], [ -118.365099779833002, 34.069486686762403 ], [ -118.364850199979003, 34.069580475259897 ], [ -118.364597202701006, 34.069667692411201 ], [ -118.364341038011005, 34.069748251881499 ], [ -118.364081958618002, 34.069822076328897 ], [ -118.363820219928996, 34.0698890911098 ], [ -118.363556080950005, 34.0699492296744 ], [ -118.363289801584997, 34.070002434465898 ], [ -118.363021645334996, 34.070048651525198 ], [ -118.362751876600001, 34.070087836785397 ], [ -118.362480761580002, 34.070119948877696 ], [ -118.362208568273005, 34.0701449590238 ], [ -118.361935564676998, 34.070162840244102 ], [ -118.361662021487007, 34.070173576350598 ], [ -118.361388207602005, 34.070177156551701 ], [ -118.361114393715994, 34.070173576350598 ], [ -118.360840850526998, 34.070162840244002 ], [ -118.360567846931005, 34.0701449590238 ], [ -118.360295653623993, 34.070119948877696 ], [ -118.360024538603994, 34.070087836785397 ], [ -118.359754769868999, 34.070048651525198 ], [ -118.359486613618003, 34.070002434465898 ], [ -118.359220334252996, 34.0699492296744 ], [ -118.358956195274004, 34.0698890911099 ], [ -118.358694456585994, 34.069822076328897 ], [ -118.358435377193004, 34.069748251881499 ], [ -118.358179212503003, 34.069667692411201 ], [ -118.357926215225007, 34.069580475259897 ], [ -118.357676635371007, 34.069486686762403 ], [ -118.357430719353999, 34.069386421347403 ], [ -118.357188709992997, 34.069279776141897 ], [ -118.357096407176002, 34.069235958473897 ], [ -118.356999016892999, 34.069202384084001 ], [ -118.356749437938007, 34.069108596485698 ], [ -118.356503522821001, 34.0690083301714 ], [ -118.35626151436, 34.068901684965901 ], [ -118.356023651772006, 34.068788766089803 ], [ -118.355790167983997, 34.068669685059 ], [ -118.355561295919003, 34.068544557886199 ], [ -118.355337259509, 34.068413510476297 ], [ -118.355118280886003, 34.068276670533102 ], [ -118.354904575888, 34.068134173854197 ], [ -118.354696355854003, 34.067986160733902 ], [ -118.354493825831995, 34.067832776862403 ], [ -118.354297185468994, 34.067674175124303 ], [ -118.354106629019995, 34.067510510203 ], [ -118.353922345341999, 34.067341945775297 ], [ -118.353744515198997, 34.067168645517697 ], [ -118.353573313959004, 34.066990782999397 ], [ -118.353408911594002, 34.066808532688803 ], [ -118.353251469981004, 34.066622074450301 ], [ -118.353101143805006, 34.066431591745697 ], [ -118.352958082352004, 34.066237274331797 ], [ -118.352822426816005, 34.066039311965902 ], [ -118.352694309396995, 34.065837901598996 ], [ -118.352573858699003, 34.065633241082402 ], [ -118.352461191632997, 34.0654255327633 ], [ -118.352379516103994, 34.065261394798704 ], [ -118.352315737983005, 34.065389564378101 ], [ -118.352203071816007, 34.065597272697097 ], [ -118.352082620218994, 34.065801933213798 ], [ -118.351954503699005, 34.066003343580597 ], [ -118.351818847263999, 34.066201305946699 ], [ -118.351675785810997, 34.066395623360499 ], [ -118.351525460534006, 34.066586106065103 ], [ -118.351368018920994, 34.066772564303498 ], [ -118.351203616556006, 34.066954814614199 ], [ -118.351032415315998, 34.067132677132498 ], [ -118.350854585172996, 34.067305977390099 ], [ -118.350670301495001, 34.067474541817802 ], [ -118.350479745046002, 34.067638206738998 ], [ -118.350283104683996, 34.067796808477098 ], [ -118.350080574661007, 34.067950192348697 ], [ -118.349872354628005, 34.0680982054689 ], [ -118.349658649629006, 34.068240702147897 ], [ -118.349439671005996, 34.068377542091 ], [ -118.349215635495, 34.068508589501 ], [ -118.348986762530998, 34.068633716673901 ], [ -118.348753279641997, 34.068752797704597 ], [ -118.348515417054998, 34.068865716580703 ], [ -118.348273408593002, 34.068972361786301 ], [ -118.348027493475996, 34.0690726281005 ], [ -118.347777914521004, 34.069166415698703 ], [ -118.347524919042002, 34.06925363285 ], [ -118.347268755250994, 34.069334193219603 ], [ -118.347216186279994, 34.069349172327598 ], [ -118.347009677656999, 34.069408016767703 ], [ -118.346747939867996, 34.069475031548698 ], [ -118.346483801787997, 34.069535171012497 ], [ -118.346217524221004, 34.069588375804102 ], [ -118.345949368869995, 34.069634592863302 ], [ -118.345679601035002, 34.069673777224203 ], [ -118.345408487813998, 34.0697058902159 ], [ -118.345136295405993, 34.069730899462598 ], [ -118.344863293608, 34.069748781582099 ], [ -118.344589751317997, 34.069759517688802 ], [ -118.344315939230995, 34.069763096990499 ], [ -118.344042127145002, 34.069759517688802 ], [ -118.343768584854004, 34.069748781582099 ], [ -118.343495583057006, 34.069730899462598 ], [ -118.343223390649001, 34.069705890215801 ], [ -118.342952277427997, 34.069673777224203 ], [ -118.342682509591995, 34.069634592863402 ], [ -118.342414354241001, 34.069588375804003 ], [ -118.342148076673993, 34.069535171012497 ], [ -118.341883938595004, 34.069475031548698 ], [ -118.341622200806, 34.069408016767703 ], [ -118.341363123212005, 34.069334193219603 ], [ -118.341106959420998, 34.06925363285 ], [ -118.341085989928999, 34.069246404099403 ], [ -118.340853963941001, 34.069166415698703 ], [ -118.340604384987003, 34.0690726281005 ], [ -118.340358469869997, 34.068972361786301 ], [ -118.340116461408002, 34.068865716580703 ], [ -118.339878598819993, 34.068752797704597 ], [ -118.339645115931006, 34.068633716673901 ], [ -118.339416242967005, 34.068508589501 ], [ -118.339192207457003, 34.068377542091 ], [ -118.338973228834007, 34.068240702147797 ], [ -118.338759523834995, 34.0680982054689 ], [ -118.338551303802006, 34.067950192348697 ], [ -118.338348773779003, 34.067796808477098 ], [ -118.338152133416003, 34.067638206738998 ], [ -118.337961576967004, 34.067474541817802 ], [ -118.337777293290003, 34.067305977390099 ], [ -118.337599463147001, 34.067132677132498 ], [ -118.337543939903, 34.067074993717199 ], [ -118.337480579967007, 34.067017037807197 ], [ -118.337302750722998, 34.066843738448902 ], [ -118.337131550383006, 34.066665875031198 ], [ -118.336967148916997, 34.066483624720703 ], [ -118.336809708204001, 34.066297166482201 ], [ -118.336659382926001, 34.066106683777598 ], [ -118.336516321472999, 34.065912366363797 ], [ -118.336380665937, 34.065714403997703 ], [ -118.336252549418006, 34.065512993630897 ], [ -118.33613209872, 34.065308333114302 ], [ -118.336019432553002, 34.0651006247952 ], [ -118.335914661534005, 34.064890073719098 ], [ -118.335817889986004, 34.064676887629403 ], [ -118.335729213234998, 34.064461276967499 ], [ -118.335648717615996, 34.064243454872702 ], [ -118.335576483170001, 34.064023635383599 ], [ -118.335512581841996, 34.063802036136202 ], [ -118.335457075685994, 34.063578875665698 ], [ -118.335410019559006, 34.063354374306101 ], [ -118.335371460226995, 34.063128753290499 ], [ -118.335341435461004, 34.062902236550102 ], [ -118.335319974040004, 34.062675045318201 ], [ -118.335307098445995, 34.062447406224003 ], [ -118.335302821270005, 34.062219542299196 ], [ -118.335307145211004, 34.061991679273703 ], [ -118.335320067569, 34.061764041978101 ], [ -118.335341573956995, 34.061536854343501 ], [ -118.335371644587994, 34.061310341200397 ], [ -118.335410248886006, 34.061084725580798 ], [ -118.335457349080002, 34.060860231415703 ], [ -118.335512898404005, 34.060637078139798 ], [ -118.335576841100007, 34.060415487885599 ], [ -118.335649115116993, 34.060195678289098 ], [ -118.335729649406005, 34.059977866086797 ], [ -118.335818363927999, 34.059762267116099 ], [ -118.335915170551004, 34.059549093616901 ], [ -118.336019973945, 34.059338556930101 ], [ -118.336132670688002, 34.0591308630001 ], [ -118.336253150165007, 34.0589262168725 ], [ -118.336381292764997, 34.058724822693598 ], [ -118.336516972582004, 34.0585268774146 ], [ -118.336660054719999, 34.058332576188597 ], [ -118.336810397983996, 34.058142111470403 ], [ -118.336967854885003, 34.057955671218402 ], [ -118.337132269839998, 34.057773438894301 ], [ -118.337303480073999, 34.057595594362297 ], [ -118.337481317411005, 34.057422313889802 ], [ -118.337665604685995, 34.057253768347898 ], [ -118.337856162034001, 34.057090122312502 ], [ -118.338052799699, 34.056931539460102 ], [ -118.338255325225006, 34.056778175373601 ], [ -118.338463537164998, 34.056630181139099 ], [ -118.338677231370994, 34.056487703346001 ], [ -118.338896195605003, 34.0563508813892 ], [ -118.339120215826995, 34.0562198519658 ], [ -118.339349069006005, 34.056094742779301 ], [ -118.339582529411999, 34.055975677936402 ], [ -118.339820368616998, 34.055862776147301 ], [ -118.340062349199997, 34.055756146230301 ], [ -118.340308234638997, 34.055655895204602 ], [ -118.340557782117997, 34.0555621219955 ], [ -118.340810743423006, 34.055474918333999 ], [ -118.341007338820006, 34.055413092641302 ], [ -118.340915471274002, 34.055431451401503 ], [ -118.340647360888994, 34.055477668460803 ], [ -118.340377638020001, 34.055516852821697 ], [ -118.340106569764004, 34.055548965813301 ], [ -118.339834423222001, 34.055573975959398 ], [ -118.339561466391004, 34.0555918571796 ], [ -118.339287969965994, 34.055602593286203 ], [ -118.339014202844993, 34.055606173487298 ], [ -118.338740435725001, 34.055602593286302 ], [ -118.338466939300005, 34.055591857179699 ], [ -118.338193982467999, 34.055573975959398 ], [ -118.337921835925997, 34.055548965813301 ], [ -118.337650767670993, 34.055516852821697 ], [ -118.337381044802001, 34.055477668460803 ], [ -118.337112934415998, 34.055431451401503 ], [ -118.336846700916993, 34.055378246609898 ], [ -118.336582606904003, 34.0553181071461 ], [ -118.336320913182007, 34.055251092365197 ], [ -118.336061877855002, 34.055177267917799 ], [ -118.335805756333002, 34.055096707548202 ], [ -118.335552803121004, 34.055009490396799 ], [ -118.335303265535003, 34.054915702798603 ], [ -118.335057391787004, 34.054815436484297 ], [ -118.334815423795007, 34.054708791278799 ], [ -118.334577599878003, 34.054595871503402 ], [ -118.334344155660006, 34.0544767895733 ], [ -118.334115321366994, 34.054351663299798 ], [ -118.333891322727993, 34.054220614990598 ], [ -118.333672380077999, 34.054083775047403 ], [ -118.333458711052998, 34.0539412774691 ], [ -118.333250525194003, 34.053793264348897 ], [ -118.333048029344994, 34.053639880477299 ], [ -118.332851421358001, 34.053481277839801 ], [ -118.332660897284995, 34.053317612918697 ], [ -118.332476644183998, 34.053149047591603 ], [ -118.332298842819, 34.052975747334102 ], [ -118.332127671256998, 34.052797884815703 ], [ -118.331963295872001, 34.052615633605797 ], [ -118.331805880339004, 34.052429174468003 ], [ -118.331655579344002, 34.052238691763399 ], [ -118.331512542172007, 34.0520443734503 ], [ -118.331376908219994, 34.051846411084099 ], [ -118.331248813284006, 34.051644999818002 ], [ -118.331128381471999, 34.051440339301401 ], [ -118.331015734190999, 34.051232630083 ], [ -118.330910980260001, 34.051022079006898 ], [ -118.330814223998999, 34.050808892017898 ], [ -118.330725561636996, 34.050593281356001 ], [ -118.330645079508997, 34.050375458361799 ], [ -118.330572856754003, 34.050155637973397 ], [ -118.330508965318998, 34.0499340387261 ], [ -118.330453468155, 34.049710877356198 ], [ -118.330406420122003, 34.049486375996601 ], [ -118.330367867085002, 34.049260754980999 ], [ -118.330337846815993, 34.049034237341303 ], [ -118.330316388992003, 34.048807046109502 ], [ -118.330303516097004, 34.048579406115799 ], [ -118.330299238921, 34.048351542191099 ], [ -118.330303562861005, 34.0481236782663 ], [ -118.330316482521994, 34.0478960400714 ], [ -118.330337986211006, 34.047668851537502 ], [ -118.330368051446996, 34.047442338394397 ], [ -118.330406649449003, 34.047216722774699 ], [ -118.330453741548993, 34.046992226811 ], [ -118.330509281879998, 34.046769073535103 ], [ -118.330573214683994, 34.046547482381598 ], [ -118.330645477009, 34.046327672784997 ], [ -118.330725997808997, 34.046109860582803 ], [ -118.330814697042996, 34.0458942607127 ], [ -118.330911488376998, 34.045681087213602 ], [ -118.331016274682995, 34.045470548727998 ], [ -118.331128953440995, 34.045262854798104 ], [ -118.331249413131999, 34.045058208670497 ], [ -118.331377535046997, 34.044856813592197 ], [ -118.331513192382005, 34.044658867414 ], [ -118.331656251137005, 34.044464566187997 ], [ -118.331806570118999, 34.044274101469803 ], [ -118.331964001838998, 34.044087660318397 ], [ -118.332128389814997, 34.043905427994197 ], [ -118.332299572170001, 34.043727583462399 ], [ -118.332477379829001, 34.043554302090598 ], [ -118.332661638326002, 34.043385755649297 ], [ -118.332852164198002, 34.043222110513099 ], [ -118.333048769486993, 34.0430635267615 ], [ -118.333251261737999, 34.042910161775701 ], [ -118.333459440403004, 34.042762167541198 ], [ -118.333673099536, 34.042619688848703 ], [ -118.333892028695999, 34.042482866891902 ], [ -118.334116011147003, 34.042351837468502 ], [ -118.334344827454004, 34.042226728282003 ], [ -118.334578250088001, 34.042107663438998 ], [ -118.334816050621995, 34.041994760750804 ], [ -118.335057992534004, 34.041888130833698 ], [ -118.335303837504, 34.041787879807998 ], [ -118.335553343613995, 34.041694105699598 ], [ -118.33580626445, 34.041606902037998 ], [ -118.336062350898999, 34.041526354258998 ], [ -118.336321349353, 34.041452542402098 ], [ -118.336583004404005, 34.041385538413003 ], [ -118.336847057946997, 34.041325408841701 ], [ -118.337113250079, 34.041272212144101 ], [ -118.337381318195, 34.041226002279302 ], [ -118.337650996997994, 34.041186824213703 ], [ -118.337922020286996, 34.041154716618003 ], [ -118.338194121862998, 34.041129711867796 ], [ -118.338467031929994, 34.041111832446198 ], [ -118.338740482489001, 34.041101098138398 ], [ -118.339014202844993, 34.041097518836601 ], [ -118.339287923200999, 34.041101098138299 ], [ -118.339561373761001, 34.041111832446298 ], [ -118.339834283827003, 34.041129711867796 ], [ -118.340106385403004, 34.041154716618003 ], [ -118.340377408693001, 34.041186824213803 ], [ -118.340647087495, 34.041226002279302 ] ] ], [ [ [ -118.335834149728001, 34.093131878734397 ], [ -118.335745442399997, 34.092916268971798 ], [ -118.335664920702001, 34.0926984477763 ], [ -118.335592661974005, 34.092478629186601 ], [ -118.335528739061999, 34.092257030838503 ], [ -118.335473214019999, 34.092033872166603 ], [ -118.335426142605002, 34.091809371706297 ], [ -118.335387570682002, 34.091583751590001 ], [ -118.335357535124004, 34.091357235749001 ], [ -118.335336067407994, 34.091130046315698 ], [ -118.335323187317002, 34.090902408120797 ], [ -118.335318908342998, 34.090674545095297 ], [ -118.335323234081997, 34.090446682969201 ], [ -118.335336160937004, 34.090219046572898 ], [ -118.335357674519003, 34.089991859837603 ], [ -118.335387755043001, 34.089765347593897 ], [ -118.335426372830995, 34.089539733772902 ], [ -118.335473488312999, 34.089315239607799 ], [ -118.335529055623994, 34.089092088130499 ], [ -118.335593020803003, 34.088870498775698 ], [ -118.335665319100997, 34.088650690078403 ], [ -118.335745880369998, 34.088432879674798 ], [ -118.335834623671005, 34.088217281603498 ], [ -118.335931462668995, 34.088004109003599 ], [ -118.336036301137, 34.087793572316698 ], [ -118.336149036551006, 34.087585879286102 ], [ -118.336269555597994, 34.087381234957199 ], [ -118.336397741365005, 34.087179841677496 ], [ -118.336533466149007, 34.086981896398498 ], [ -118.336676595949996, 34.086787596971199 ], [ -118.336826990475004, 34.086597133152303 ], [ -118.336984499536996, 34.086410693799699 ], [ -118.337148969352, 34.086228462374798 ], [ -118.337320237141, 34.086050618742199 ], [ -118.337498133834004, 34.085877339169002 ], [ -118.337682483161998, 34.085708793627099 ], [ -118.337873103462996, 34.085545149390299 ], [ -118.338069807677996, 34.085386566537998 ], [ -118.338272400652997, 34.085233203350803 ], [ -118.338480681839997, 34.085085210015599 ], [ -118.338694447991998, 34.084942732222402 ], [ -118.338913485971005, 34.084805911164999 ], [ -118.339137579937002, 34.084674881741599 ], [ -118.339366509558999, 34.084549773454398 ], [ -118.339600049105002, 34.084430710410203 ], [ -118.339837966551002, 34.084317807721803 ], [ -118.340080028971997, 34.084211178704102 ], [ -118.340325997148994, 34.084110928577601 ], [ -118.340575627364998, 34.084017155368599 ], [ -118.340828674106007, 34.083929952606397 ], [ -118.341084887359997, 34.083849405726703 ], [ -118.341344014417004, 34.083775593869703 ], [ -118.341605799869996, 34.0837085898807 ], [ -118.341869984713995, 34.083648460309398 ], [ -118.342136309045998, 34.083595265410302 ], [ -118.342404510262, 34.083549055545603 ], [ -118.342674323064003, 34.083509877479997 ], [ -118.342945481250993, 34.083477770783702 ], [ -118.343217718624999, 34.083452765134197 ], [ -118.343490764489005, 34.083434886611897 ], [ -118.343764350846001, 34.083424152303898 ], [ -118.344038207, 34.083420573002201 ], [ -118.344312063152998, 34.083424152303898 ], [ -118.344585649509995, 34.083434886611897 ], [ -118.344858695374995, 34.083452765134197 ], [ -118.345130932748006, 34.083477770783702 ], [ -118.345402090936005, 34.083509877479997 ], [ -118.345671903736999, 34.083549055545603 ], [ -118.345940104953996, 34.083595265410302 ], [ -118.346206429285004, 34.083648460309398 ], [ -118.346470614129998, 34.0837085898807 ], [ -118.346732399583004, 34.083775593869703 ], [ -118.346991526639997, 34.083849405726703 ], [ -118.347247739893007, 34.083929952606397 ], [ -118.347500786634001, 34.0840171553685 ], [ -118.347750416850005, 34.084110928577601 ], [ -118.347996385027002, 34.084211178704102 ], [ -118.348238447447997, 34.084317807721803 ], [ -118.348476364893997, 34.084430710410103 ], [ -118.348709904440994, 34.084549773454398 ], [ -118.348938834061997, 34.084674881741499 ], [ -118.349162928029003, 34.084805911164999 ], [ -118.349381966007002, 34.084942732222501 ], [ -118.349595732159003, 34.085085210015599 ], [ -118.349804013346997, 34.085233203350803 ], [ -118.350006606321998, 34.085386566537899 ], [ -118.350203310536003, 34.085545149390299 ], [ -118.350393930837001, 34.085708793627099 ], [ -118.350578280166005, 34.085877339169002 ], [ -118.350756176857999, 34.086050618742199 ], [ -118.350927444647994, 34.086228462374798 ], [ -118.351091914462003, 34.0864106937996 ], [ -118.351249423523996, 34.086597133152303 ], [ -118.351399818049003, 34.086787596971199 ], [ -118.351542947851001, 34.086981896398598 ], [ -118.351678672635003, 34.087179841677496 ], [ -118.351806858402, 34.087381234957199 ], [ -118.351927377449002, 34.087585879286102 ], [ -118.352040112862994, 34.087793572316698 ], [ -118.352144951330999, 34.088004109003599 ], [ -118.352241790327994, 34.088217281603399 ], [ -118.352330533629001, 34.088432879674798 ], [ -118.352411094898002, 34.088650690078403 ], [ -118.352483393195996, 34.088870498775599 ], [ -118.352510628264994, 34.088964845752201 ], [ -118.352378115858997, 34.088963788149499 ], [ -118.351227428805004, 34.088954725681198 ], [ -118.348576239104005, 34.088933679746702 ], [ -118.344153475804006, 34.088898530643803 ], [ -118.343399978828003, 34.088899445254398 ], [ -118.343402476245004, 34.090181209396498 ], [ -118.343412764489997, 34.090181183316197 ], [ -118.343412836434993, 34.090222396547503 ], [ -118.343391802192002, 34.090222436117699 ], [ -118.343392461394998, 34.0905851578799 ], [ -118.343392076485003, 34.090593405562402 ], [ -118.343391003593993, 34.090813232245999 ], [ -118.343392301316001, 34.092503210356099 ], [ -118.343392128646002, 34.092640615073499 ], [ -118.343393551372998, 34.094291625559201 ], [ -118.343394455191998, 34.094415269750002 ], [ -118.343999411146001, 34.094414220241198 ], [ -118.344165975481999, 34.094442378913797 ], [ -118.344264035758997, 34.094442629824698 ], [ -118.344642023513003, 34.094445530138202 ], [ -118.346320472314005, 34.094458390443499 ], [ -118.349434533178993, 34.094481966170903 ], [ -118.349649061956995, 34.094483612829599 ], [ -118.350725903880004, 34.094491871304001 ], [ -118.351447821161997, 34.094497401235301 ], [ -118.351400490741995, 34.094561668587403 ], [ -118.351250115102999, 34.094752150392502 ], [ -118.351092621329997, 34.094938607731699 ], [ -118.350928165005001, 34.095120857143002 ], [ -118.350756907108007, 34.0952987196614 ], [ -118.350579018508995, 34.095472018120297 ], [ -118.350394672777995, 34.095640582548 ], [ -118.350204054276006, 34.0958042456705 ], [ -118.350007349161999, 34.0959628474086 ], [ -118.349804751690002, 34.0961162303809 ], [ -118.349596462408996, 34.096264242601897 ], [ -118.349382686363995, 34.096406739280802 ], [ -118.349163635794994, 34.096543578324599 ], [ -118.348939525641001, 34.096674625734501 ], [ -118.348710577134, 34.096799751108797 ], [ -118.348477016903004, 34.0969188321396 ], [ -118.348239075175002, 34.097031751015699 ], [ -118.347996986674005, 34.097138395321799 ], [ -118.347750990617996, 34.097238660736799 ], [ -118.347501328925006, 34.097332448335003 ], [ -118.347248249808999, 34.097419665486399 ], [ -118.346992001481993, 34.097500224956597 ], [ -118.346732836653004, 34.097574048504697 ], [ -118.346725494588, 34.097575928087799 ], [ -118.346751793463, 34.097617242043299 ], [ -118.346872327797996, 34.097821886372103 ], [ -118.346985076701998, 34.0980295785034 ], [ -118.347089927759995, 34.0982401151904 ], [ -118.347186778449, 34.098453286890802 ], [ -118.347275532542, 34.098668884962201 ], [ -118.347356103703007, 34.098886695365799 ], [ -118.347428410994993, 34.099106503163803 ], [ -118.347492383369001, 34.099328092518597 ], [ -118.347547957873999, 34.099551243995897 ], [ -118.347595078751993, 34.099775737261602 ], [ -118.347633701036997, 34.100001351082597 ], [ -118.347663785158005, 34.100227862427097 ], [ -118.347685301438005, 34.100455049162399 ], [ -118.347698229192005, 34.100682684659297 ], [ -118.347702555829997, 34.1009105467854 ], [ -118.347698275957001, 34.101138408911602 ], [ -118.347685394967002, 34.101366047106602 ], [ -118.347663924553004, 34.1015932356405 ], [ -118.347633885397997, 34.1018197514815 ], [ -118.347595308978001, 34.102045371597796 ], [ -118.347548231267993, 34.102269871158803 ], [ -118.347492699930001, 34.102493029830697 ], [ -118.347428768924999, 34.102714628178703 ], [ -118.347356502102997, 34.102934445869202 ], [ -118.347275970512001, 34.103152267064701 ], [ -118.347187252392004, 34.103367875927901 ], [ -118.347121331186997, 34.103513031902096 ], [ -118.347110592381995, 34.103512977043501 ], [ -118.346993949413005, 34.103512350215901 ], [ -118.346951104812007, 34.103512130781297 ], [ -118.346935578016996, 34.103512050741699 ], [ -118.346800667118998, 34.103511338478597 ], [ -118.346784580046005, 34.103511385243401 ], [ -118.346768493873, 34.103511651442702 ], [ -118.346760567247998, 34.103511893360398 ], [ -118.346752408599002, 34.103512137076599 ], [ -118.346736357498997, 34.103512870024097 ], [ -118.346720307298, 34.103513850285097 ], [ -118.346704291272005, 34.103515023001101 ], [ -118.346688309420003, 34.103516470010298 ], [ -118.346672328466994, 34.103518137353298 ], [ -118.346656414064, 34.103520024131001 ], [ -118.346640533835995, 34.103522158222198 ], [ -118.346624720156996, 34.103524511747899 ], [ -118.346608941552006, 34.103527084708297 ], [ -118.346593196220994, 34.103529904982302 ], [ -118.346585505218997, 34.103531383467697 ], [ -118.346577550714997, 34.103532945590104 ], [ -118.346561939384003, 34.103536204733203 ], [ -118.346546428777003, 34.103539712089201 ], [ -118.346530983820003, 34.1035434110008 ], [ -118.346515607211998, 34.103547357225899 ], [ -118.346500329528993, 34.103551522885603 ], [ -118.346485119294996, 34.103555907979903 ], [ -118.346470009784994, 34.1035605125088 ], [ -118.346455032476001, 34.103565337371599 ], [ -118.346440121716, 34.103570380769597 ], [ -118.346425344956003, 34.103575644501497 ], [ -118.346410403619004, 34.1035812104057 ], [ -118.346410328976006, 34.103610969871497 ], [ -118.346394951468, 34.103614723641698 ], [ -118.346379640509994, 34.103618696846603 ], [ -118.346364429377005, 34.103622890385303 ], [ -118.346349284794002, 34.103627302459202 ], [ -118.346334240934993, 34.103631934867103 ], [ -118.346319330175007, 34.103636786709501 ], [ -118.346304485965007, 34.103641830107499 ], [ -118.346289774854995, 34.103647120819197 ], [ -118.346275163569999, 34.103652603086303 ], [ -118.346260685383996, 34.103658305687503 ], [ -118.346246307922996, 34.103664226823803 ], [ -118.346235195, 34.1036689851367 ], [ -118.346232062661997, 34.1036703404151 ], [ -118.346217950500005, 34.103676646461302 ], [ -118.346203971438001, 34.103683198921601 ], [ -118.346190125475999, 34.103689915958 ], [ -118.346176444988998, 34.103696852428897 ], [ -118.346166654968997, 34.103701964175499 ], [ -118.346031712596002, 34.103773548411603 ], [ -118.346030856441004, 34.1037740448375 ], [ -118.346029966111999, 34.103774542162597 ], [ -118.346029109057994, 34.103775039487701 ], [ -118.346028252904006, 34.103775536812797 ], [ -118.346027429125002, 34.103776088097199 ], [ -118.346026572070997, 34.1037766133012 ], [ -118.346025781566993, 34.103777164585601 ], [ -118.346024958686996, 34.103777743748999 ], [ -118.346024168183007, 34.103778295932798 ], [ -118.346023377679003, 34.103778902975201 ], [ -118.34602262045, 34.103779482138599 ], [ -118.346021863220997, 34.103780088281603 ], [ -118.346021105990999, 34.103780723202902 ], [ -118.346020382036997, 34.103781357225003 ], [ -118.346019658082994, 34.103781991247097 ], [ -118.346018966504005, 34.103782652248803 ], [ -118.346018275825003, 34.103783314149801 ], [ -118.346017585146001, 34.103783975151501 ], [ -118.346016926841997, 34.103784664032197 ], [ -118.346016269437001, 34.103785352912901 ], [ -118.346015644408993, 34.103786041793498 ], [ -118.346015019380005, 34.103786758553198 ], [ -118.346014427626002, 34.1037874744136 ], [ -118.346013836770993, 34.103788190274003 ], [ -118.346013278292006, 34.103788934013203 ], [ -118.346012719813004, 34.103789677752602 ], [ -118.346012161334002, 34.103790421491901 ], [ -118.346011635230994, 34.103791192210899 ], [ -118.346011143301993, 34.103791962929897 ], [ -118.346010618098006, 34.103792733648902 ], [ -118.346010158544004, 34.1037935043679 ], [ -118.346009699890004, 34.103794302965902 ], [ -118.346009240336002, 34.103795100664499 ], [ -118.346008814057996, 34.103795899262501 ], [ -118.346008421053995, 34.103796696961098 ], [ -118.346008028049994, 34.103797522538699 ], [ -118.346007635046007, 34.103798348116399 ], [ -118.346007275318001, 34.103799173694 ], [ -118.346006947964, 34.103799971392696 ], [ -118.346006621510995, 34.103800823950003 ], [ -118.346006327431994, 34.103801649527597 ], [ -118.346006033354001, 34.103802502085003 ], [ -118.346005740175002, 34.103803354642302 ], [ -118.346005479371001, 34.103804207199502 ], [ -118.346005251842996, 34.103805059756802 ], [ -118.346005023415003, 34.103805912314201 ], [ -118.346004829161998, 34.103806764871401 ], [ -118.346004667284006, 34.103807644408398 ], [ -118.346004506304993, 34.103808496965698 ], [ -118.346004344427001, 34.103809376502703 ], [ -118.346004215823996, 34.103810228160697 ], [ -118.346004120496005, 34.103811108597 ], [ -118.346004025168, 34.103811988133899 ], [ -118.346003928939993, 34.1038128397918 ], [ -118.346003900162003, 34.103813719328798 ], [ -118.346003837208997, 34.103814598865803 ], [ -118.346003840807001, 34.103815478402801 ], [ -118.346003844403995, 34.103816357040401 ], [ -118.346003848001004, 34.103817236577399 ], [ -118.346003884873994, 34.103818116114397 ], [ -118.346003955021004, 34.103818994751897 ], [ -118.346004024267998, 34.103819846409998 ], [ -118.346004126791001, 34.103820725947003 ], [ -118.346004230212998, 34.103821604584603 ], [ -118.346004365111, 34.103822456242497 ], [ -118.346004500909004, 34.103823334880197 ], [ -118.346004669981994, 34.103824296255503 ], [ -118.346014615583996, 34.103872630318797 ], [ -118.345866305688006, 34.103979123538899 ], [ -118.345852743012003, 34.1039345090715 ], [ -118.345832549635006, 34.103924097620201 ], [ -118.345520649459999, 34.103980469824002 ], [ -118.345418090774004, 34.103998981468997 ], [ -118.345229643235996, 34.1040330441908 ], [ -118.344977355523, 34.104078610140903 ], [ -118.344951648402002, 34.104116769274597 ], [ -118.344966494410002, 34.104152339260203 ], [ -118.344800656727003, 34.104173971552697 ], [ -118.344776034188996, 34.104114989516297 ], [ -118.344291528034006, 34.1042025448128 ], [ -118.344291459684996, 34.1042018577307 ], [ -118.344082722541998, 34.104202425202899 ], [ -118.344081302511995, 34.104202456679197 ], [ -118.344079849208001, 34.104202488155401 ], [ -118.344078429177998, 34.104202546611397 ], [ -118.344076975874003, 34.104202633845603 ], [ -118.344075522569, 34.104202720180602 ], [ -118.344074102540006, 34.1042028343944 ], [ -118.344072650135004, 34.104202975588002 ], [ -118.344071230105001, 34.104203144660502 ], [ -118.344069810075993, 34.104203313733102 ], [ -118.344068390946006, 34.104203537664297 ], [ -118.344066970916003, 34.1042037615955 ], [ -118.344065585061003, 34.104203984627297 ], [ -118.344064165031, 34.104204236437504 ], [ -118.344062745900999, 34.104204542207 ], [ -118.344061360045998, 34.104204848875803 ], [ -118.344059974190998, 34.1042051546453 ], [ -118.344058587435995, 34.104205516172797 ], [ -118.344057234855995, 34.104205877700203 ], [ -118.344055849, 34.104206266207399 ], [ -118.34405449642, 34.104206654714503 ], [ -118.34405314384, 34.104207098080302 ], [ -118.344051824534006, 34.104207541446002 ], [ -118.344050471954006, 34.104207984811801 ], [ -118.344049152647997, 34.104208483036203 ], [ -118.344047866617998, 34.104208981260697 ], [ -118.344046547312004, 34.104209507364097 ], [ -118.344045261282005, 34.104210033467403 ], [ -118.344044007627005, 34.104210586550501 ], [ -118.344042721595997, 34.104211167512602 ], [ -118.344041468840999, 34.104211747575199 ], [ -118.344040249360006, 34.104212355516999 ], [ -118.344038996603999, 34.104212991337597 ], [ -118.344037810399001, 34.104213654138 ], [ -118.344036590917995, 34.104214316938297 ], [ -118.344035403812995, 34.1042149797386 ], [ -118.344034250882004, 34.104215697397699 ], [ -118.344033097950998, 34.104216415056698 ], [ -118.344031944120999, 34.104217133615002 ], [ -118.344030824464994, 34.104217906132597 ], [ -118.344029704809003, 34.104218650771301 ], [ -118.344028617529005, 34.1042194511679 ], [ -118.344027531148001, 34.1042202506652 ], [ -118.344026477141995, 34.104221051061799 ], [ -118.344025456411998, 34.104221878438103 ], [ -118.344024403305994, 34.104222732794099 ], [ -118.344023414950996, 34.104223587149903 ], [ -118.344022427495005, 34.104224442405297 ], [ -118.344021440939002, 34.104225351619803 ], [ -118.344020485859005, 34.104226233854803 ], [ -118.344019564953001, 34.104227143069402 ], [ -118.344018644046997, 34.104228080162898 ], [ -118.344017755517001, 34.1042290172565 ], [ -118.344016901160998, 34.104229981329702 ], [ -118.344016045906002, 34.104230945403003 ], [ -118.34401519155, 34.104231909476198 ], [ -118.344014402845005, 34.104232901428396 ], [ -118.344013614139001, 34.104233920360301 ], [ -118.344012825434007, 34.104234939292198 ], [ -118.344012070003004, 34.104235958224002 ], [ -118.344011346947994, 34.104236976256601 ], [ -118.344010658068001, 34.104238023067502 ], [ -118.344009968288006, 34.104239095958697 ], [ -118.344009311782003, 34.104240142769498 ], [ -118.344008656176996, 34.1042412156607 ], [ -118.344008032945993, 34.104242317330197 ], [ -118.344007442092007, 34.104243390221399 ], [ -118.344006885412, 34.104244490991597 ], [ -118.344006328730998, 34.1042456196408 ], [ -118.344005804426004, 34.1042467195116 ], [ -118.344005313397005, 34.104247848160803 ], [ -118.344004822366998, 34.1042489759107 ], [ -118.344004365510997, 34.104250131539501 ], [ -118.344003940131998, 34.104251259289299 ], [ -118.344003842106005, 34.1042515066029 ], [ -118.343797595184995, 34.104263168111899 ], [ -118.343797358662997, 34.104261876685399 ], [ -118.343797123041, 34.104260695875602 ], [ -118.343796886519002, 34.104259515065699 ], [ -118.343796584347004, 34.104258334255903 ], [ -118.343796282175006, 34.104257181325004 ], [ -118.343795980002994, 34.1042560005152 ], [ -118.343795612180003, 34.104254847584301 ], [ -118.343795244356997, 34.104253693754103 ], [ -118.34379484326, 34.104252540823197 ], [ -118.343794408887007, 34.104251388791702 ], [ -118.343793974514, 34.104250235860803 ], [ -118.343793507765994, 34.104249109909702 ], [ -118.343793007743002, 34.1042479848578 ], [ -118.343792474444996, 34.104246859805897 ], [ -118.343791941147003, 34.104245762632999 ], [ -118.343791374573996, 34.104244664560802 ], [ -118.343790775626005, 34.104243567387897 ], [ -118.343790176677004, 34.104242470214999 ], [ -118.343789544453998, 34.104241400021799 ], [ -118.343788879854998, 34.1042403298285 ], [ -118.343788214357005, 34.104239287514297 ], [ -118.343787516483005, 34.104238218220303 ], [ -118.343786785334004, 34.104237203784997 ], [ -118.343786055083996, 34.104236161470801 ], [ -118.343785257386003, 34.104235147035503 ], [ -118.343784493860994, 34.104234132600297 ], [ -118.343783663786994, 34.104233145144697 ], [ -118.343782833712993, 34.104232158588403 ], [ -118.343782004537999, 34.104231199011799 ], [ -118.343781141188998, 34.104230240334502 ], [ -118.343780245464004, 34.104229307737597 ], [ -118.343779316463994, 34.104228376939197 ], [ -118.343778420739994, 34.104227445241499 ], [ -118.343777459364006, 34.104226540523598 ], [ -118.343776497988998, 34.1042256645839 ], [ -118.343775503339003, 34.104224787744897 ], [ -118.343774508688995, 34.104223910905901 ], [ -118.343773480764, 34.104223061945902 ], [ -118.343772453737998, 34.1042222408649 ], [ -118.343771393436995, 34.104221419783798 ], [ -118.343770299862001, 34.104220625682501 ], [ -118.343769239560999, 34.104219831581098 ], [ -118.343768113609997, 34.104219065358699 ], [ -118.343766986758993, 34.104218327015303 ], [ -118.343765860808006, 34.104217587772602 ], [ -118.343764701582003, 34.104216877308197 ], [ -118.343763542356001, 34.1042161659445 ], [ -118.343762350754005, 34.104215482459701 ], [ -118.343761158253002, 34.104214798974901 ], [ -118.343759966651007, 34.1042141424699 ], [ -118.343758741775005, 34.104213513843803 ], [ -118.343757484522001, 34.104212913096603 ], [ -118.343756259646, 34.104212312349503 ], [ -118.343754969119004, 34.104211738582102 ], [ -118.343753710966993, 34.1042111648146 ], [ -118.343752420439998, 34.104210618926103 ], [ -118.343751129913002, 34.104210100916603 ], [ -118.343749807009999, 34.104209582907103 ], [ -118.343748483208003, 34.1042091188569 ], [ -118.343747160305, 34.104208628726397 ], [ -118.343745836503004, 34.104208192555198 ], [ -118.343744480325995, 34.104207756384 ], [ -118.343743125046998, 34.104207348091798 ], [ -118.343741768870004, 34.1042069676786 ], [ -118.343740412692, 34.104206586365997 ], [ -118.343739024138998, 34.104206260811402 ], [ -118.343737635585995, 34.1042059352569 ], [ -118.343736246133005, 34.104205608802999 ], [ -118.343734857580003, 34.104205338107001 ], [ -118.343733436650993, 34.104205067411101 ], [ -118.343732014823004, 34.104204824594099 ], [ -118.343730626270002, 34.104204580877798 ], [ -118.343729205341006, 34.104204392919598 ], [ -118.343727751136996, 34.104204204061901 ], [ -118.343726330208, 34.104204016103601 ], [ -118.343724909279004, 34.104203883003997 ], [ -118.343723488349994, 34.1042037499043 ], [ -118.343722034147007, 34.104203670764001 ], [ -118.343720613217997, 34.104203592523 ], [ -118.343719159912993, 34.104203514281899 ], [ -118.343717738985006, 34.104203463919902 ], [ -118.343716285680003, 34.104203467517202 ], [ -118.343715426827998, 34.1042034423361 ], [ -118.343482575262996, 34.104204105136503 ], [ -118.342904494649005, 34.104205691540599 ], [ -118.342888066732996, 34.104219477248201 ], [ -118.342888405777003, 34.104277869329401 ], [ -118.342756272886007, 34.104278244346702 ], [ -118.342755934741007, 34.104219852265501 ], [ -118.342739328758995, 34.104206160087401 ], [ -118.342326413136007, 34.104207276145999 ], [ -118.342095181250002, 34.104207930852503 ], [ -118.341444426421006, 34.1042097160068 ], [ -118.341433987990001, 34.104209745684301 ], [ -118.340795918999007, 34.1042114921677 ], [ -118.340773323532005, 34.1042115560196 ], [ -118.340575124644005, 34.104212086619597 ], [ -118.340409958755004, 34.104212552468503 ], [ -118.340260252210996, 34.104212946371497 ], [ -118.340243824295001, 34.104226732079198 ], [ -118.340244167836005, 34.1042787488663 ], [ -118.340112034045006, 34.104278736275702 ], [ -118.340111691404005, 34.104227104398497 ], [ -118.340095086321, 34.104213411320998 ], [ -118.339847105461999, 34.104214081316002 ], [ -118.339771657737998, 34.104214293555899 ], [ -118.339491502732997, 34.104215053483102 ], [ -118.339475074817003, 34.104228839190696 ], [ -118.339475376089993, 34.104278575297201 ], [ -118.339343241400002, 34.104278561807298 ], [ -118.339342853792004, 34.104215553506101 ], [ -118.339023528815005, 34.104218153446197 ], [ -118.338962055655998, 34.104218656167198 ], [ -118.338932128916994, 34.104219124714 ], [ -118.338902237251006, 34.1042200330293 ], [ -118.338872347383003, 34.104221353234003 ], [ -118.338842491690002, 34.104223113207297 ], [ -118.338812704345003, 34.104225312948998 ], [ -118.338782952073998, 34.104227951559899 ], [ -118.338753233977002, 34.104231002959601 ], [ -118.338723617503007, 34.104234493228397 ], [ -118.338704336038006, 34.104237020323403 ], [ -118.338704494319003, 34.104267988478099 ], [ -118.338605693900007, 34.104268787076002 ], [ -118.338587821673002, 34.104268425548497 ], [ -118.338569949445997, 34.104268310435302 ], [ -118.338552079017006, 34.1042684426357 ], [ -118.338534209488003, 34.104268850028603 ], [ -118.338516374132993, 34.104269531714699 ], [ -118.338498539678, 34.104270461613602 ], [ -118.338480706121999, 34.1042716379269 ], [ -118.338462940015006, 34.104273089432702 ], [ -118.338444976955998, 34.104274788251999 ], [ -118.338430184008004, 34.104284419991103 ], [ -118.338416773318002, 34.104292838544801 ], [ -118.338414038479002, 34.104294549954702 ], [ -118.338397693301005, 34.104304460483597 ], [ -118.338381150271999, 34.104314124598403 ], [ -118.338364406693998, 34.104323541399403 ], [ -118.338347464365995, 34.104332711786398 ], [ -118.338330323288005, 34.104341635758999 ], [ -118.338313015834999, 34.104350312418198 ], [ -118.338295508732998, 34.104358742663003 ], [ -118.338277836155001, 34.104366897715302 ], [ -118.338259997202996, 34.104374807252697 ], [ -118.338241990976996, 34.104382441597501 ], [ -118.338223820175003, 34.104389856507801 ], [ -118.338205514475007, 34.104396970145302 ], [ -118.338190409462001, 34.104402893080199 ], [ -118.338175404273997, 34.104409062429397 ], [ -118.338162510692996, 34.104414594159401 ], [ -118.338160531285993, 34.104415424233601 ], [ -118.338145825571999, 34.104422005472301 ], [ -118.338131218783005, 34.104428806145698 ], [ -118.338116778368999, 34.104435798374602 ], [ -118.338102273203006, 34.1044431206547 ], [ -118.338088362489998, 34.1044504420354 ], [ -118.338074353750997, 34.104458065588403 ], [ -118.338060544661005, 34.104465907676698 ], [ -118.338046901045999, 34.104473915240199 ], [ -118.338033423805996, 34.104482141338899 ], [ -118.338020112040994, 34.104490559892596 ], [ -118.338006966649999, 34.104499170001901 ], [ -118.337994020010001, 34.104507971666699 ], [ -118.337981272120004, 34.104516965786502 ], [ -118.337968689704994, 34.1045261235829 ], [ -118.337956306940001, 34.104535473834197 ], [ -118.337944122924995, 34.104545015641101 ], [ -118.337932170935005, 34.1045547211247 ], [ -118.337920385320004, 34.104564591184101 ], [ -118.337908830830003, 34.1045746536984 ], [ -118.337897475090998, 34.104584852909802 ], [ -118.337886352275007, 34.104595243676698 ], [ -118.337875427311005, 34.104605771140498 ], [ -118.337864734372005, 34.104616462281101 ], [ -118.337854273458007, 34.104627317997497 ], [ -118.337844044568996, 34.104638311310197 ], [ -118.337834047705002, 34.104649440420502 ], [ -118.337824281967002, 34.104660734106801 ], [ -118.337814748254004, 34.104672164489997 ], [ -118.337805446565994, 34.104683731570098 ], [ -118.337796409278994, 34.104695407468299 ], [ -118.337787604016995, 34.104707247942301 ], [ -118.337779064054999, 34.104719198133701 ], [ -118.337770755218003, 34.1047312841226 ], [ -118.337762710782997, 34.104743479828898 ], [ -118.337754931646998, 34.104755784353102 ], [ -118.337747416911995, 34.104768198594698 ], [ -118.337740134201994, 34.104780721654102 ], [ -118.337733149168002, 34.104793354430903 ], [ -118.337726395258997, 34.104806096025698 ], [ -118.337719939924995, 34.104818918559403 ], [ -118.337713748092995, 34.1048318238308 ], [ -118.337707821560997, 34.104844837919998 ], [ -118.337702192704, 34.104857933847697 ], [ -118.337696795873001, 34.1048710837347 ], [ -118.337691695817, 34.104884342439597 ], [ -118.337686893438004, 34.104897656003203 ], [ -118.337682356358002, 34.104911050505798 ], [ -118.337678082778993, 34.104924499867003 ], [ -118.337674106877003, 34.104938003187499 ], [ -118.337670429548993, 34.104951560467299 ], [ -118.337667015722005, 34.104965171706503 ], [ -118.337663899570998, 34.104978837804303 ], [ -118.337661663857006, 34.1049895883 ], [ -118.337708838693999, 34.105031086616499 ], [ -118.337746241497996, 34.105033317834497 ], [ -118.337733569150998, 34.105093586800699 ], [ -118.337649167777002, 34.105093794544203 ], [ -118.337648762182994, 34.105107700761003 ], [ -118.337648544546994, 34.105119407236003 ], [ -118.337648244172996, 34.105135042849099 ], [ -118.337648751391001, 34.105219758985903 ], [ -118.337319291954003, 34.1053642008983 ], [ -118.337319264075006, 34.105357303997501 ], [ -118.337319260477997, 34.1053563696019 ], [ -118.337319223604993, 34.1053554082266 ], [ -118.337319153457997, 34.1053544468514 ], [ -118.337319083311002, 34.105353484576803 ], [ -118.337318980787998, 34.105352523201603 ], [ -118.337318877366002, 34.105351561826303 ], [ -118.337318741569007, 34.105350628330001 ], [ -118.337318572496002, 34.105349666954702 ], [ -118.337318403424007, 34.105348732559101 ], [ -118.337318201976004, 34.105347772083199 ], [ -118.337317999627999, 34.105346837687598 ], [ -118.337317764904995, 34.105345904191303 ], [ -118.337317496907005, 34.1053449706951 ], [ -118.337317228909001, 34.105344037198698 ], [ -118.337316927635996, 34.105343103702502 ], [ -118.337316626363005, 34.1053421702062 ], [ -118.337316292715002, 34.105341264588901 ], [ -118.337315925791003, 34.105340331092499 ], [ -118.337315557969006, 34.1053394254753 ], [ -118.337315158669995, 34.105338547736999 ], [ -118.337314758470995, 34.105337642119601 ], [ -118.337314324998005, 34.105336763482001 ], [ -118.337313892424007, 34.105335857864702 ], [ -118.337313426574994, 34.105334980126401 ], [ -118.337312927452004, 34.105334102387999 ], [ -118.337312428328005, 34.105333251629403 ], [ -118.337311929204006, 34.1053324008708 ], [ -118.337311397704994, 34.105331551011403 ], [ -118.337310832030994, 34.1053307002528 ], [ -118.337310267256996, 34.105329877373102 ], [ -118.337309669207997, 34.105329055392801 ], [ -118.337309038783005, 34.105328232513102 ], [ -118.337308440734006, 34.1053274375124 ], [ -118.337307777033999, 34.105326642511699 ], [ -118.33730714571, 34.105325847510997 ], [ -118.337306449634994, 34.105325079490001 ], [ -118.337305752660001, 34.105324284489299 ], [ -118.337305055686002, 34.1053235443473 ], [ -118.337304325435994, 34.1053228051045 ], [ -118.337303596086002, 34.1053220649625 ], [ -118.337302833460996, 34.105321324820501 ], [ -118.337302070836003, 34.105320612557399 ], [ -118.337301308210996, 34.105319900294397 ], [ -118.337300512311003, 34.105319215910299 ], [ -118.337299684035003, 34.105318530626903 ], [ -118.337298855759997, 34.105317874121802 ], [ -118.337298026585003, 34.105317216717303 ], [ -118.337297165034002, 34.105316559312897 ], [ -118.337296303483996, 34.105315929787501 ], [ -118.337295409557996, 34.105315300261999 ], [ -118.337294515631001, 34.1053147255952 ], [ -118.337293620805994, 34.105314123948801 ], [ -118.337292693604994, 34.105313522302403 ], [ -118.337291766403993, 34.105312974615302 ], [ -118.337290839203007, 34.105312427827499 ], [ -118.337289878727006, 34.105311881039597 ], [ -118.337288919149998, 34.1053113612315 ], [ -118.337287925400005, 34.105310842322602 ], [ -118.337286932547997, 34.105310350393601 ], [ -118.337285939696002, 34.105309858464402 ], [ -118.337284946845003, 34.105309394414199 ], [ -118.337283920717994, 34.105308930363996 ], [ -118.337282895491001, 34.105308493293499 ], [ -118.337281869365, 34.105308084101999 ], [ -118.337280810863007, 34.105307674910499 ], [ -118.337279784735998, 34.105307265718899 ], [ -118.337278726234004, 34.105306911386002 ], [ -118.337277634456996, 34.105306529174101 ], [ -118.337276575955002, 34.1053062027202 ], [ -118.337275485077996, 34.105305848387403 ], [ -118.337274393301001, 34.105305548913101 ], [ -118.337273302423, 34.105305250338198 ], [ -118.337272210646006, 34.105304950863903 ], [ -118.337271086493999, 34.105304706248297 ], [ -118.337269995615998, 34.1053044346531 ], [ -118.337268871462996, 34.105304217916498 ], [ -118.337267747311003, 34.105303974200197 ], [ -118.337266623158001, 34.105303784443201 ], [ -118.337265499905001, 34.105303595585603 ], [ -118.337264342477994, 34.105303433707597 ], [ -118.337263219223999, 34.105303271829698 ], [ -118.337262061797006, 34.105303137830703 ], [ -118.337260938544006, 34.1053030038317 ], [ -118.337259782014996, 34.105302924691401 ], [ -118.337258625486996, 34.105302817672097 ], [ -118.337257468958995, 34.105302738531698 ], [ -118.337256312430995, 34.105302714250001 ], [ -118.337255189177995, 34.105302662988699 ], [ -118.337254032649994, 34.105302638707002 ], [ -118.337252711546, 34.105302642304302 ], [ -118.336724411104996, 34.105305818709802 ], [ -118.336724080153999, 34.105264628860702 ], [ -118.336426781373007, 34.105266391531899 ], [ -118.336378916756004, 34.105266689207497 ], [ -118.336201330329004, 34.105267733320403 ], [ -118.336250830813, 34.105353796641502 ], [ -118.336104024582994, 34.1053532156795 ], [ -118.336055389246994, 34.105268606562099 ], [ -118.335935809092007, 34.105269323321799 ], [ -118.335935919709001, 34.1053050461921 ], [ -118.335440421141001, 34.105308015753501 ], [ -118.335440311423, 34.105272293782498 ], [ -118.335275145533998, 34.105273301922502 ], [ -118.335109978744995, 34.105274282183501 ], [ -118.335110110944996, 34.105315499911597 ], [ -118.334779779165999, 34.105317487413302 ], [ -118.334779646965004, 34.105276269685298 ], [ -118.334449315186006, 34.1052782284087 ], [ -118.334218082400994, 34.105279609767301 ], [ -118.333986850515004, 34.105280991126001 ], [ -118.333953816616997, 34.105281192574097 ], [ -118.333755617730006, 34.105282399464301 ], [ -118.333458021273003, 34.105284182819901 ], [ -118.333458489820003, 34.105376730253099 ], [ -118.333260387159001, 34.105394011625499 ], [ -118.333260117362997, 34.105342708899997 ], [ -118.333240397029002, 34.105326495922199 ], [ -118.333226941372004, 34.105315459441996 ], [ -118.333074989221998, 34.105316454991602 ], [ -118.333022406761003, 34.105316793136701 ], [ -118.332903216012994, 34.105317560258399 ], [ -118.332861584596998, 34.105317834551599 ], [ -118.332748870765997, 34.105318578290898 ], [ -118.332731411327998, 34.105318693404101 ], [ -118.332731541729004, 34.105342104555703 ], [ -118.332731641554005, 34.105359911132197 ], [ -118.332718362164997, 34.105359998366303 ], [ -118.332579721778998, 34.105360905782298 ], [ -118.332579491551996, 34.105319688953699 ], [ -118.332236541385001, 34.105321923768898 ], [ -118.332203650479997, 34.105349603102802 ], [ -118.332203920276996, 34.105409148114802 ], [ -118.332138455028002, 34.105405693818902 ], [ -118.332071755908999, 34.105402174771697 ], [ -118.332071517589, 34.105350488035803 ], [ -118.332038342497995, 34.105323209799501 ], [ -118.331542844829002, 34.105326467143897 ], [ -118.331393534886004, 34.105327425821201 ], [ -118.331225231261996, 34.105328519396799 ], [ -118.331222621429006, 34.105328553571098 ], [ -118.331220045771005, 34.105328643503199 ], [ -118.331217469213001, 34.105328760415098 ], [ -118.331214860279999, 34.105328905206001 ], [ -118.331212284621003, 34.105329076976503 ], [ -118.331209708063994, 34.1053293036057 ], [ -118.331207133305, 34.105329585992699 ], [ -118.331204557646004, 34.105329867480499 ], [ -118.331201981988002, 34.1053302047263 ], [ -118.331199439605001, 34.105330568052402 ], [ -118.331196898119998, 34.105330988035902 ], [ -118.331194355736997, 34.105331434099597 ], [ -118.331191814253003, 34.105331908042302 ], [ -118.331189306043996, 34.105332437743002 ], [ -118.331186797835002, 34.105332993524001 ], [ -118.331184322000993, 34.105333578083297 ], [ -118.331181813792, 34.105334216602003 ], [ -118.331179338856998, 34.1053348829996 ], [ -118.331176897198006, 34.105335576376902 ], [ -118.331174455538999, 34.105336325512198 ], [ -118.331172047153999, 34.105337100727802 ], [ -118.331169639669, 34.105337904721701 ], [ -118.331167231284994, 34.105338735695298 ], [ -118.331164889449994, 34.105339621527499 ], [ -118.331162514341003, 34.105340534339398 ], [ -118.331160172506003, 34.105341475030201 ], [ -118.331157863946004, 34.105342443600001 ], [ -118.331155588662, 34.105343466129199 ], [ -118.331153313377001, 34.105344489557702 ], [ -118.331151071367003, 34.105345566945502 ], [ -118.331148829357005, 34.105346700091303 ], [ -118.331146620621993, 34.105347832337699 ], [ -118.331144445161996, 34.105348992463199 ], [ -118.331142302977, 34.105350207447302 ], [ -118.331141675249995, 34.105350577068599 ], [ -118.331140193167002, 34.105351450310302 ], [ -118.331138084257006, 34.1053527201531 ], [ -118.331136008621996, 34.105354016975397 ], [ -118.331133965362, 34.105355341676798 ], [ -118.331131955377998, 34.105356693357898 ], [ -118.331129946291995, 34.105358072917902 ], [ -118.331128002857, 34.105359507336502 ], [ -118.331126059422004, 34.105360941755201 ], [ -118.331124149261996, 34.105362403153499 ], [ -118.331122305652002, 34.105363891531503 ], [ -118.331120461142007, 34.105365435667501 ], [ -118.331118650806999, 34.105366979803499 ], [ -118.331116906122006, 34.105368550919003 ], [ -118.331115161438007, 34.105370149014298 ], [ -118.331113450027999, 34.105371774988598 ], [ -118.331111771893006, 34.105373428841801 ], [ -118.331110160308, 34.105375108775398 ], [ -118.331108548722995, 34.105376817487297 ], [ -118.331106969513002, 34.105378552279497 ], [ -118.331105456852995, 34.105380287971101 ], [ -118.331103977468999, 34.105382050642298 ], [ -118.331102498083993, 34.105383841192499 ], [ -118.331101084349996, 34.105385658722298 ], [ -118.331099703890004, 34.105387475352899 ], [ -118.331098389980994, 34.105389320761702 ], [ -118.331097076071003, 34.105391192250899 ], [ -118.331095828711994, 34.105393091619099 ], [ -118.331094613727998, 34.1053949909872 ], [ -118.331093432017994, 34.105396918234298 ], [ -118.331092283583999, 34.105398844582197 ], [ -118.331091201700005, 34.105400798809001 ], [ -118.331090152190995, 34.105402725156701 ], [ -118.331087332815997, 34.105408201128697 ], [ -118.330839043488993, 34.105415283289801 ], [ -118.330868791263995, 34.105369477220698 ], [ -118.330860155074006, 34.105357465875599 ], [ -118.330667933081003, 34.105358349009798 ], [ -118.330658270764999, 34.105370905344202 ], [ -118.330685056172001, 34.105419689967903 ], [ -118.330348939954007, 34.1054292650497 ], [ -118.330315433012998, 34.105368243350902 ], [ -118.330315067887994, 34.105367585047198 ], [ -118.330314635313997, 34.105366981602103 ], [ -118.330314170365, 34.105366351177302 ], [ -118.330313673039996, 34.105365775611197 ], [ -118.330313142440005, 34.1053652000451 ], [ -118.330312578565, 34.105364651458601 ], [ -118.330311981414994, 34.105364130751198 ], [ -118.330311351888994, 34.1053636379227 ], [ -118.330310689987996, 34.105363199952897 ], [ -118.330309993913005, 34.1053627628824 ], [ -118.330309265462006, 34.105362352791502 ], [ -118.330308537910994, 34.105361997559299 ], [ -118.330307776184995, 34.105361642327097 ], [ -118.330306982083997, 34.105361341953497 ], [ -118.330306188882005, 34.105361069458901 ], [ -118.330305361504998, 34.105360851823001 ], [ -118.330304535028006, 34.1053606341871 ], [ -118.330303708551, 34.1053604992887 ], [ -118.330302849698995, 34.105360364390499 ], [ -118.330301989947003, 34.105360284350802 ], [ -118.330301131094004, 34.105360231290803 ], [ -118.330300337891998, 34.1053602061098 ], [ -118.329903673017995, 34.105361976874903 ], [ -118.329738505329999, 34.105362701728502 ], [ -118.329573338540996, 34.105363427481301 ], [ -118.329408170852005, 34.1053641523349 ], [ -118.329389077345994, 34.105364232374598 ], [ -118.329357267426005, 34.105364620881701 ], [ -118.329325524954996, 34.105365450056603 ], [ -118.329293751007995, 34.105366745080303 ], [ -118.329262045408996, 34.105368507751599 ], [ -118.329243022949001, 34.105369823459803 ], [ -118.329230374884006, 34.105370710191302 ], [ -118.329198738532995, 34.105373379379202 ], [ -118.329167170530994, 34.105376515315101 ], [ -118.329135669977006, 34.105380118898502 ], [ -118.329104270147994, 34.105384161351097 ], [ -118.329089842323995, 34.105386178530502 ], [ -118.329077846268007, 34.105401627084603 ], [ -118.329077647518005, 34.105418389548099 ], [ -118.329077089937996, 34.105436252781999 ], [ -118.329076136655999, 34.105454089036101 ], [ -118.329074819149994, 34.105471926189601 ], [ -118.329073105041999, 34.105489737262701 ], [ -118.329072658078999, 34.105493667300003 ], [ -118.328972454717004, 34.105499106399797 ], [ -118.328973031182997, 34.1054946259774 ], [ -118.328974817236002, 34.105478243927003 ], [ -118.328975071743997, 34.105475797771 ], [ -118.328975167072002, 34.105474835496402 ], [ -118.328975229126002, 34.105473901100801 ], [ -118.328975258802998, 34.105472938826203 ], [ -118.328975287581997, 34.105471977451003 ], [ -118.328975283983993, 34.105471015176398 ], [ -118.328975280386999, 34.105470053801099 ], [ -118.328975243515004, 34.105469092425899 ], [ -118.328975173367994, 34.105468130151202 ], [ -118.328975104120005, 34.105467168776002 ], [ -118.328975000697994, 34.1054662352797 ], [ -118.328974864900005, 34.1054652739044 ], [ -118.328974729102995, 34.105464312529101 ], [ -118.328974593305006, 34.105463378133599 ], [ -118.328974390957001, 34.1054624167583 ], [ -118.328974222783998, 34.105461483261998 ], [ -118.328973987162001, 34.105460521886698 ], [ -118.328973752438998, 34.105459588390502 ], [ -118.328973484440994, 34.1054586548942 ], [ -118.328973216443003, 34.105457721397897 ], [ -118.328972916069006, 34.105456787901602 ], [ -118.328972614796001, 34.105455882284303 ], [ -118.328972281147998, 34.105454975767699 ], [ -118.328971914224994, 34.105454043170703 ], [ -118.328971547300995, 34.105453136654099 ], [ -118.328971147103005, 34.1054522310368 ], [ -118.328970746905, 34.105451353298498 ], [ -118.328970314331002, 34.1054504476812 ], [ -118.328969848482004, 34.1054495690435 ], [ -118.328969381733998, 34.105448691305199 ], [ -118.328968915885, 34.105447813566897 ], [ -118.328968417659993, 34.105446962808301 ], [ -118.328967885262003, 34.105446112049599 ], [ -118.328967353761996, 34.105445262190301 ], [ -118.328966788987998, 34.105444411431598 ], [ -118.328966224214, 34.1054435885519 ], [ -118.328965626165001, 34.105442765672301 ], [ -118.328965028116002, 34.105441943691901 ], [ -118.328964397690996, 34.1054411477919 ], [ -118.328963733991003, 34.105440352791199 ], [ -118.328963069392003, 34.105439557790497 ], [ -118.328962405693005, 34.105438790668799 ], [ -118.328961709617005, 34.105438022647803 ], [ -118.328961012643006, 34.105437255526098 ], [ -118.328960283293, 34.105436515384 ], [ -118.328959553043006, 34.105435775242 ], [ -118.328958790418, 34.105435062978898 ], [ -118.328958027793007, 34.105434322836899 ], [ -118.328957232792007, 34.105433638452801 ], [ -118.328956436892, 34.105432954068696 ], [ -118.328955641891, 34.1054322687853 ], [ -118.328954779442, 34.105431584401302 ], [ -118.328953951166, 34.1054309548758 ], [ -118.328953090515, 34.105430297471401 ], [ -118.328952228963999, 34.105429667945899 ], [ -118.328951367414007, 34.105429038420603 ], [ -118.328950440213006, 34.105428435874799 ], [ -118.328949546287006, 34.105427861208 ], [ -118.328948618186004, 34.105427259561502 ], [ -118.328947691885006, 34.105426711874401 ], [ -118.328946764684005, 34.105426165086598 ], [ -118.328945804208004, 34.105425618298803 ], [ -118.328944843732003, 34.105425098490699 ], [ -118.328943850879995, 34.1054245795819 ], [ -118.328942858028995, 34.1054240876527 ], [ -118.328941865177001, 34.105423595723501 ], [ -118.328940872325006, 34.105423130774 ], [ -118.328939846199006, 34.105422694602801 ], [ -118.328938820971999, 34.105422257532297 ], [ -118.328937794845004, 34.1054218204618 ], [ -118.328936736342996, 34.105421411270299 ], [ -118.328935677841002, 34.105421029058398 ], [ -118.328934619338995, 34.105420647745902 ], [ -118.328933560837001, 34.105420293412898 ], [ -118.328932502334993, 34.105419939080001 ], [ -118.328931410557999, 34.105419611726902 ], [ -118.328930319681007, 34.105419313151899 ], [ -118.328929227903998, 34.105419013677697 ], [ -118.328928103750997, 34.105418714203502 ], [ -118.328927012872995, 34.105418442608197 ], [ -118.328925888721002, 34.105418197992499 ], [ -118.328924764568001, 34.105417981255997 ], [ -118.328923640415994, 34.105417764519402 ], [ -118.328922516263006, 34.1054175477827 ], [ -118.328921393010006, 34.105417358925102 ], [ -118.328920268857004, 34.105417197047203 ], [ -118.328919112329004, 34.105417062148902 ], [ -118.328917988176997, 34.105416901170202 ], [ -118.328916831648996, 34.105416794150898 ], [ -118.328915675120001, 34.105416687131601 ], [ -118.328914551867001, 34.105416607991202 ], [ -118.328913395339001, 34.105416528850903 ], [ -118.328912238811, 34.105416476690102 ], [ -118.328911082283, 34.105416452408498 ], [ -118.328909925754999, 34.105416428126802 ], [ -118.328908770126006, 34.105416430824803 ], [ -118.328907613598005, 34.105416434422096 ], [ -118.328906457968998, 34.105416464999003 ], [ -118.328905334715998, 34.105416523454899 ], [ -118.328904179087004, 34.105416581011603 ], [ -118.328903022559004, 34.105416666447198 ], [ -118.328901866929996, 34.105416779761697 ], [ -118.328900744576003, 34.105416893076303 ], [ -118.328899588946996, 34.105417005491503 ], [ -118.328898466593003, 34.105417173664797 ], [ -118.328897310963995, 34.105417341837999 ], [ -118.328896188610003, 34.1054175100112 ], [ -118.328895065357003, 34.105417705164101 ], [ -118.328893943902997, 34.105417928195997 ], [ -118.328892458222001, 34.105418233965501 ], [ -118.328365026526996, 34.105533403844603 ], [ -118.328361890590998, 34.105534071141598 ], [ -118.328331986334007, 34.105540335819001 ], [ -118.328301948079002, 34.105546159828599 ], [ -118.328271776723, 34.105551517989298 ], [ -118.328241503745005, 34.105556464260602 ], [ -118.328211130042007, 34.105560970763399 ], [ -118.328180687989999, 34.105565037497598 ], [ -118.328150146113998, 34.105568638383097 ], [ -118.328119535889996, 34.105571826479697 ], [ -118.328088857316999, 34.105574547828297 ], [ -118.328058144569994, 34.105576829408299 ], [ -118.328027397648, 34.105578671219902 ], [ -118.328009826694, 34.1055794608246 ], [ -118.327690974760998, 34.105282758293797 ], [ -118.327679039857998, 34.105271826135002 ], [ -118.327666840554002, 34.105261060350799 ], [ -118.327654444299, 34.1052504870215 ], [ -118.327641817818005, 34.105240107046498 ], [ -118.327628993485007, 34.105229891647298 ], [ -118.327615938926996, 34.105219869602401 ], [ -118.327602687416004, 34.1052100409118 ], [ -118.327589238054998, 34.105200404676097 ], [ -118.327575557567997, 34.105190989673602 ], [ -118.327561713403995, 34.105181739247001 ], [ -118.327547671389993, 34.105172709154402 ], [ -118.327533432424005, 34.105163872416 ], [ -118.327518995606994, 34.105155255112102 ], [ -118.327514592526995, 34.105152711829298 ], [ -118.327362837327001, 34.105153370133102 ], [ -118.327375841524002, 34.105159050251103 ], [ -118.327390203696993, 34.105165606308901 ], [ -118.327404434569004, 34.105172355720804 ], [ -118.327418501764996, 34.105179296688398 ], [ -118.327432436760006, 34.105186458889101 ], [ -118.327446208078001, 34.105193812645503 ], [ -118.327459847195996, 34.105201387635098 ], [ -118.327473289362999, 34.105209128099901 ], [ -118.327486600228994, 34.1052170879993 ], [ -118.327499714143002, 34.105225241253102 ], [ -118.327512662581, 34.105233559981997 ], [ -118.327525447344001, 34.105242071165797 ], [ -118.327538034254999, 34.105250774804702 ], [ -118.327550456590004, 34.105259671797597 ], [ -118.327562681974001, 34.105268734265799 ], [ -118.327574709507005, 34.1052779622093 ], [ -118.327586539189994, 34.105287382607798 ], [ -118.327598171920002, 34.105296941501798 ], [ -118.327609606799996, 34.105306719830402 ], [ -118.327620843828996, 34.105316609674901 ], [ -118.327631850632002, 34.105326691974398 ], [ -118.327905711282, 34.105581529265301 ], [ -118.327904092501996, 34.105581533761899 ], [ -118.327873236762997, 34.105581150650799 ], [ -118.327842412498995, 34.105580299891997 ], [ -118.327811587336996, 34.105579009365002 ], [ -118.327780825126993, 34.105577252089702 ], [ -118.327750095292998, 34.105575082025602 ], [ -118.327719429309994, 34.1055724173344 ], [ -118.327688793904997, 34.105569340753597 ], [ -118.327658257425, 34.105565823505103 ], [ -118.327627783897, 34.105561866488102 ], [ -118.327597375121002, 34.105557442722997 ], [ -118.327567097645996, 34.105552606169098 ], [ -118.327536916398003, 34.105547301967597 ], [ -118.327506833176002, 34.105541585876601 ], [ -118.327476912731001, 34.1055354291179 ], [ -118.327447090313001, 34.1055288325907 ], [ -118.327417431571007, 34.105521795395703 ], [ -118.327387902332006, 34.105514346311203 ], [ -118.326886991644002, 34.105383804320297 ], [ -118.326861365461994, 34.105377250960501 ], [ -118.326858752931003, 34.105376625931697 ], [ -118.326830940497999, 34.105360351799902 ], [ -118.326633597764001, 34.105242589175297 ], [ -118.326420130187003, 34.1051151966102 ], [ -118.326346362397004, 34.105072089406498 ], [ -118.325987585061, 34.105073084955997 ], [ -118.325912335187994, 34.105073288202902 ], [ -118.325598416934994, 34.105074162343897 ], [ -118.325686315772998, 34.105115445722397 ], [ -118.325773359354997, 34.105157528598198 ], [ -118.325859515306007, 34.1052008498405 ], [ -118.325944751251001, 34.105245410348502 ], [ -118.326029001538998, 34.105291210122502 ], [ -118.326089951292005, 34.105325614586697 ], [ -118.325405626570998, 34.105327513954798 ], [ -118.325324165080005, 34.105327733389402 ], [ -118.325324988858995, 34.105513982085803 ], [ -118.325346749754999, 34.105511835404002 ], [ -118.325366992594994, 34.1055098577949 ], [ -118.325368488167001, 34.105512216716498 ], [ -118.325370214865998, 34.105514492900703 ], [ -118.325372106139994, 34.105516686347201 ], [ -118.325374161989998, 34.105518741297999 ], [ -118.325376383315998, 34.105520658652601 ], [ -118.325378801593004, 34.105522466289898 ], [ -118.325381318794996, 34.1055241354317 ], [ -118.325384000572996, 34.105525639098097 ], [ -118.325386780377997, 34.105527006067703 ], [ -118.325389692382998, 34.105528179682899 ], [ -118.325392669137997, 34.105529188722201 ], [ -118.32539574482, 34.105530032286403 ], [ -118.325398885252, 34.1055306833955 ], [ -118.325402058061002, 34.105531169029398 ], [ -118.325405263243994, 34.105531435228698 ], [ -118.325406882923005, 34.105531513469799 ], [ -118.325408766104005, 34.1055315359528 ], [ -118.325440081397005, 34.105531451416503 ], [ -118.325474005622993, 34.105709230297897 ], [ -118.325325849509994, 34.105709629596802 ], [ -118.325326910710004, 34.105956962944603 ], [ -118.325327511457999, 34.106094355970903 ], [ -118.325327704811997, 34.106135600678599 ], [ -118.325328112205, 34.106231748097898 ], [ -118.325328465637995, 34.106314183553899 ], [ -118.325328712952, 34.1063691402248 ], [ -118.325329313699001, 34.106506533251 ], [ -118.325329913546994, 34.106643925378002 ], [ -118.325330514293995, 34.106781317505003 ], [ -118.325330814666998, 34.1068500140181 ], [ -118.325331115040996, 34.106918710531197 ], [ -118.325331715787996, 34.107056102658099 ], [ -118.325348232736999, 34.107056058591397 ], [ -118.325348248924996, 34.107060180184298 ], [ -118.325348909026999, 34.107212685418297 ], [ -118.325349809247996, 34.107418774058402 ], [ -118.325349936053001, 34.107442652857301 ], [ -118.325350446868001, 34.107565509242001 ], [ -118.325119153827998, 34.107552996974398 ], [ -118.325118767120003, 34.107462125877603 ], [ -118.325118761723999, 34.107460614117201 ], [ -118.325118658302003, 34.107442643864097 ], [ -118.325118595348997, 34.107426266310299 ], [ -118.324550699556994, 34.107427848217803 ], [ -118.324550632108, 34.107410591127 ], [ -118.324501080363007, 34.1074107521057 ], [ -118.324090660357996, 34.107411963492503 ], [ -118.324090845618002, 34.107442573717002 ], [ -118.324091190057999, 34.107497338832303 ], [ -118.323925947725996, 34.107488411262302 ], [ -118.323925670734994, 34.107442549435198 ], [ -118.323925488173003, 34.107412460817599 ], [ -118.323463930917995, 34.107413807102702 ], [ -118.323067517854, 34.107414978020003 ], [ -118.322433190042005, 34.107416863898301 ], [ -118.322433387893, 34.107442446013202 ], [ -118.322438045482002, 34.108037362835098 ], [ -118.322438462766996, 34.108090623384697 ], [ -118.322441466502994, 34.108474213015697 ], [ -118.322301031069998, 34.108434214768401 ], [ -118.322044749468006, 34.108353655298103 ], [ -118.321791637076004, 34.108266439046098 ], [ -118.321541943908002, 34.108172651447902 ], [ -118.321496616277997, 34.108154178473697 ], [ -118.321497315951007, 34.108147628711201 ], [ -118.321499845743006, 34.108118301819403 ], [ -118.321501714535003, 34.108088949746403 ], [ -118.321502776634006, 34.108064325409501 ], [ -118.321502989772995, 34.108059571593103 ], [ -118.321503636385998, 34.108030195238399 ], [ -118.321503739807994, 34.108005545720502 ], [ -118.321503040134999, 34.107883789206703 ], [ -118.321057071729001, 34.107884782957498 ], [ -118.320911288926993, 34.107885114807402 ], [ -118.320884004394998, 34.107885175062002 ], [ -118.320815824093003, 34.107852823750001 ], [ -118.320582234184997, 34.107733742719198 ], [ -118.320365654054001, 34.107615391937998 ], [ -118.320364540693006, 34.107474878264199 ], [ -118.320126097143998, 34.107475427750003 ], [ -118.320126039586995, 34.1074691073146 ], [ -118.320115608351003, 34.107469132495702 ], [ -118.319910037720007, 34.107340730891202 ], [ -118.319696234695996, 34.107198235111603 ], [ -118.319487918435001, 34.107050222890599 ], [ -118.319285295781995, 34.106896840817697 ], [ -118.319088564588, 34.106738239079696 ], [ -118.318897920904007, 34.106574575956998 ], [ -118.318713552689999, 34.106406011529302 ], [ -118.318535640709001, 34.106232713070398 ], [ -118.318364361228006, 34.106054851451397 ], [ -118.318199883320005, 34.105872602040101 ], [ -118.318042368861995, 34.105686144700897 ], [ -118.317891974337002, 34.105495663794997 ], [ -118.317748847234, 34.105301347280502 ], [ -118.317613128744995, 34.105103386713097 ], [ -118.317484952870004, 34.104901977245603 ], [ -118.317364446414004, 34.104697318527499 ], [ -118.317251728087001, 34.104489611107802 ], [ -118.317146909404002, 34.104279061830397 ], [ -118.317111896998995, 34.104201965649402 ], [ -118.31705009289, 34.104065876640099 ], [ -118.316961373870001, 34.103850267776799 ], [ -118.316919265813993, 34.103736374934897 ], [ -118.316880841379998, 34.103632446581301 ], [ -118.316808573659003, 34.103412627991503 ], [ -118.316744642653006, 34.103191030542803 ], [ -118.316703022029003, 34.103023774628703 ], [ -118.316689111315995, 34.102967871871002 ], [ -118.316642032706, 34.102743371410703 ], [ -118.316603456286998, 34.102517752193698 ], [ -118.316573417132005, 34.102291236352599 ], [ -118.316551946716999, 34.1020640478187 ], [ -118.316539064828007, 34.101836409623701 ], [ -118.316534784954001, 34.101608547497598 ], [ -118.316539111593002, 34.101380685371502 ], [ -118.316552039347002, 34.101153049874497 ], [ -118.316573556525995, 34.100925863139203 ], [ -118.316603640647998, 34.100699351794802 ], [ -118.316642262932007, 34.1004737379738 ], [ -118.316678408483995, 34.1003015375871 ], [ -118.316689384708994, 34.100249244708003 ], [ -118.316744959215001, 34.100026093230802 ], [ -118.316808932488001, 34.099804503875902 ], [ -118.316881240678995, 34.099584696077997 ], [ -118.316928141223002, 34.0994579078573 ], [ -118.316961811840002, 34.099366885674399 ], [ -118.317050566831995, 34.099151287603 ], [ -118.317145510059007, 34.098942315736402 ], [ -118.317147418421001, 34.098938115902499 ], [ -118.317252270378006, 34.098727580114897 ], [ -118.317365020181995, 34.098519887084301 ], [ -118.317485555415999, 34.098315243654802 ], [ -118.317613757371006, 34.098113849475702 ], [ -118.317749499241998, 34.097915905995499 ], [ -118.317892647929, 34.097721605668703 ], [ -118.318043061340006, 34.097531142749197 ], [ -118.318200591087006, 34.097344703396502 ], [ -118.318365081585, 34.0971624719716 ], [ -118.318536371858002, 34.096984629238399 ], [ -118.318714291033999, 34.096811349665202 ], [ -118.318898663743994, 34.096642805022597 ], [ -118.319089309226001, 34.096479160785798 ], [ -118.319129221138994, 34.096446988438899 ], [ -118.319225685118994, 34.096358805415697 ], [ -118.319416329701994, 34.096195161178898 ], [ -118.319613058198001, 34.096036578326597 ], [ -118.319815676353997, 34.095883215139402 ], [ -118.320023984521001, 34.095735221804198 ], [ -118.320237775855006, 34.095592744910398 ], [ -118.320456841712002, 34.095455923852903 ], [ -118.320680964456997, 34.095324895328801 ], [ -118.320909922856998, 34.0951997870417 ], [ -118.321143491181004, 34.095080723997398 ], [ -118.321381438304996, 34.094967821308998 ], [ -118.321623531303004, 34.094861193190603 ], [ -118.321869530057, 34.094760943064202 ], [ -118.322119190850003, 34.0946671698552 ], [ -118.322372269965996, 34.094579967092997 ], [ -118.322628514696007, 34.094499420213197 ], [ -118.322887675027999, 34.094425608356303 ], [ -118.323149492856999, 34.094358605266599 ], [ -118.323413710975998, 34.094298475695197 ], [ -118.323680068581993, 34.094245279896903 ], [ -118.323948303972998, 34.094199070931502 ], [ -118.324218150050001, 34.094159892865903 ], [ -118.324489342410999, 34.094127786169601 ], [ -118.324761613060005, 34.094102780520103 ], [ -118.325034693998006, 34.094084901997803 ], [ -118.325308314528996, 34.094074167689897 ], [ -118.325582204857, 34.094070588388099 ], [ -118.325662170775004, 34.094071633400397 ], [ -118.325742205040996, 34.094070587488801 ], [ -118.326016095368999, 34.094074166790499 ], [ -118.326289715900003, 34.094084901098498 ], [ -118.326562796838004, 34.094102779620698 ], [ -118.326835067486002, 34.094127785270203 ], [ -118.327106259847994, 34.094159891966598 ], [ -118.327376105924998, 34.094199070032197 ], [ -118.327644341314993, 34.094245278997597 ], [ -118.327910698921997, 34.094298474795899 ], [ -118.328174917040997, 34.094358604367301 ], [ -118.328436734869996, 34.094425607456998 ], [ -118.328695895200994, 34.094499419313898 ], [ -118.328952139931005, 34.094579966193699 ], [ -118.329205219048006, 34.094667168955802 ], [ -118.329454879840995, 34.094760942164903 ], [ -118.329700878595006, 34.094861192291297 ], [ -118.329942971592999, 34.0949678204097 ], [ -118.330180918717005, 34.095080723098 ], [ -118.330414487040997, 34.095199786142402 ], [ -118.330643445440998, 34.095324894429503 ], [ -118.330867568185994, 34.095455922953597 ], [ -118.331086634043004, 34.0955927440111 ], [ -118.331300425376, 34.095735220904899 ], [ -118.331508733543004, 34.095883214240096 ], [ -118.331711351699994, 34.096036577427199 ], [ -118.331908080196001, 34.096195160279599 ], [ -118.332098724778007, 34.096358804516399 ], [ -118.332149344917994, 34.096405078232998 ], [ -118.332263429316001, 34.0962866285263 ], [ -118.332441346693003, 34.096113348952997 ], [ -118.332625718504005, 34.095944803411101 ], [ -118.332816362187003, 34.095781159174301 ], [ -118.333013089784004, 34.095622577221299 ], [ -118.333215707041006, 34.095469214034203 ], [ -118.333424014309003, 34.095321220698899 ], [ -118.333637804743006, 34.0951787438051 ], [ -118.333856869700995, 34.095041922747697 ], [ -118.334080990646996, 34.094910894223503 ], [ -118.334309948148004, 34.094785785936402 ], [ -118.334543515573003, 34.094666721992802 ], [ -118.334781461796993, 34.094553820203799 ], [ -118.335023552997001, 34.094447191186099 ], [ -118.335269550850995, 34.094346941059598 ], [ -118.335519210745005, 34.094253168749901 ], [ -118.335772288062998, 34.094165965088301 ], [ -118.336028531893007, 34.094085418208699 ], [ -118.336287690427, 34.0940116063517 ], [ -118.336295449776998, 34.094009620648599 ], [ -118.336268953951006, 34.093967981138597 ], [ -118.336148463683003, 34.093763321521202 ], [ -118.336035759745002, 34.093555614101497 ], [ -118.335930953653005, 34.093345063924701 ], [ -118.335834149728001, 34.093131878734397 ] ] ], [ [ [ -118.359413976276002, 34.143053491926302 ], [ -118.359420967605999, 34.142719570053302 ], [ -118.359421255388995, 34.142705824815103 ], [ -118.361005376999003, 34.142744810425803 ], [ -118.361083792485005, 34.142746057785502 ], [ -118.361156941542006, 34.142747223306898 ], [ -118.361164255727999, 34.142747341118103 ], [ -118.361147878173995, 34.142717167964101 ], [ -118.360794264746005, 34.142065665799002 ], [ -118.360818643567995, 34.141112988774601 ], [ -118.362054935288995, 34.138965255743102 ], [ -118.362054859745996, 34.138965224266798 ], [ -118.361688356334994, 34.138819120407199 ], [ -118.361625486528993, 34.138794014033699 ], [ -118.361560331546002, 34.138773325130003 ], [ -118.361493339248, 34.138757196688402 ], [ -118.361424970087995, 34.138745733929603 ], [ -118.361355694411998, 34.138739020490597 ], [ -118.361355764558994, 34.138738999806201 ], [ -118.361353191598994, 34.138738860411202 ], [ -118.361323361085994, 34.138737411603401 ], [ -118.360725573628002, 34.138729136042002 ], [ -118.359834928241, 34.1387298546002 ], [ -118.359834919248001, 34.139161834052501 ], [ -118.359834947126998, 34.139349230283898 ], [ -118.359162089660998, 34.139349294135798 ], [ -118.359161980842998, 34.139349294135798 ], [ -118.358598205744997, 34.139349544147301 ], [ -118.358434018316999, 34.13934959361 ], [ -118.358433986841007, 34.13934959361 ], [ -118.358281708236007, 34.1393496079992 ], [ -118.358238311451004, 34.139491383421799 ], [ -118.358124441092002, 34.139488842836997 ], [ -118.358011001508999, 34.139480227331802 ], [ -118.357898463945006, 34.1394655746777 ], [ -118.357787287955006, 34.139444942431297 ], [ -118.357677933991994, 34.139418418726201 ], [ -118.357570854414007, 34.139386113279599 ], [ -118.357466488989004, 34.139348155594099 ], [ -118.357365270293002, 34.139304706648097 ], [ -118.357267617408993, 34.139255942708701 ], [ -118.357173929634996, 34.1392020670229 ], [ -118.357084594580002, 34.139143300823797 ], [ -118.356999982765004, 34.139079886029101 ], [ -118.357338864398997, 34.138447409921199 ], [ -118.357339208840003, 34.1384467633087 ], [ -118.357313664496004, 34.138425699387703 ], [ -118.357357031603996, 34.138344764000799 ], [ -118.357623721059994, 34.138184451752203 ], [ -118.357678405236001, 34.138234534996997 ], [ -118.357735952854, 34.138282350151499 ], [ -118.357796226317006, 34.138327783001898 ], [ -118.357865589227998, 34.138382569701001 ], [ -118.357940090865, 34.1384324739806 ], [ -118.358019236600995, 34.138477163991098 ], [ -118.358102499433002, 34.138516342956002 ], [ -118.358189322681, 34.138549749172697 ], [ -118.358279132578005, 34.138577161408101 ], [ -118.358371330175004, 34.1385983970995 ], [ -118.358465302133993, 34.138613314154298 ], [ -118.358832870342994, 34.138649205197801 ], [ -118.358883276444004, 34.138049543552697 ], [ -118.357806268147002, 34.137986945342398 ], [ -118.357836095961005, 34.137632152902697 ], [ -118.357772352015004, 34.137562888917302 ], [ -118.357750589320005, 34.137506535599201 ], [ -118.357722963946003, 34.137323118867997 ], [ -118.357695528327994, 34.137255414307099 ], [ -118.357639123748996, 34.137177773136898 ], [ -118.357609079197999, 34.137101639230501 ], [ -118.357594300638993, 34.137001627424397 ], [ -118.357615271029999, 34.136752180669802 ], [ -118.357605775988006, 34.136707560806499 ], [ -118.357483948427998, 34.1365806646671 ], [ -118.357422039997005, 34.136528854723998 ], [ -118.357364866496994, 34.136420859636097 ], [ -118.357365809886005, 34.136291438200502 ], [ -118.357261010089999, 34.136224676128997 ], [ -118.357138258926, 34.1358488791236 ], [ -118.358071718337001, 34.136021670364897 ], [ -118.358103997702997, 34.136027647259297 ], [ -118.358197015482006, 34.135910449408897 ], [ -118.358682327430003, 34.1359943327734 ], [ -118.359016268188, 34.136196492275403 ], [ -118.359136441895004, 34.136231335608798 ], [ -118.359346514532007, 34.136292236798504 ], [ -118.360572180763995, 34.136647570629997 ], [ -118.360681568901001, 34.136556646473203 ], [ -118.360417274339994, 34.136336834178699 ], [ -118.360384376240006, 34.136309921067202 ], [ -118.360361695338, 34.1362920173638 ], [ -118.360350918761995, 34.136283503482098 ], [ -118.360316901006001, 34.136257582322699 ], [ -118.360280136721002, 34.136230570285697 ], [ -118.360061948601995, 34.136073189827002 ], [ -118.360037154292996, 34.136055677328798 ], [ -118.359951403037002, 34.135995094499201 ], [ -118.359864368448001, 34.1359357788143 ], [ -118.359776116177002, 34.135877731173501 ], [ -118.359686680397999, 34.135820979455801 ], [ -118.359596027836005, 34.135765521862503 ], [ -118.359504257417996, 34.135711414151601 ], [ -118.359411336766001, 34.135658601464399 ], [ -118.359317363906996, 34.135607192618998 ], [ -118.359222274090996, 34.135557133656 ], [ -118.359126165342005, 34.135508452454303 ], [ -118.359029070936998, 34.135461175094299 ], [ -118.358930991774002, 34.135415328555702 ], [ -118.358831961128004, 34.1353709146372 ], [ -118.358732011374997, 34.135327932439303 ], [ -118.358631174891002, 34.135286408941802 ], [ -118.358529485849004, 34.135246344144598 ], [ -118.358426945150001, 34.135207792906499 ], [ -118.358323649919001, 34.135170700368597 ], [ -118.358219568679999, 34.135135149268898 ], [ -118.358159803334004, 34.135115486491699 ], [ -118.356790810350006, 34.1346701404158 ], [ -118.356339792249997, 34.134523419621303 ], [ -118.356215344065006, 34.134483965463801 ], [ -118.356036387971002, 34.134427230833197 ], [ -118.355850760706005, 34.1343714458867 ], [ -118.355777742951005, 34.134349502428798 ], [ -118.355940437502994, 34.134180658311898 ], [ -118.356118434920006, 34.134007379638 ], [ -118.356302888569999, 34.1338388358948 ], [ -118.356493617688002, 34.133675192557199 ], [ -118.356690432519997, 34.133516611503502 ], [ -118.356893140607994, 34.133363249215797 ], [ -118.357024787865996, 34.133269761091803 ], [ -118.357055837858994, 34.133288851900097 ], [ -118.357115861310007, 34.133325743889102 ], [ -118.357188697403004, 34.133370511241303 ], [ -118.357342298011005, 34.133464914875098 ], [ -118.357347665164994, 34.133468168622301 ], [ -118.357395969551007, 34.1334973183477 ], [ -118.357450331769996, 34.133528951101397 ], [ -118.357486298355994, 34.133549098613202 ], [ -118.357496540734999, 34.1335548362878 ], [ -118.357505319016994, 34.133559756478697 ], [ -118.357560963669997, 34.133589764157499 ], [ -118.357617232451005, 34.133618972338901 ], [ -118.357650248362006, 34.133635444321399 ], [ -118.357674092088004, 34.133647354942603 ], [ -118.357688197954005, 34.133654127737003 ], [ -118.357713894282995, 34.133666444851698 ], [ -118.357731543477996, 34.133674911069399 ], [ -118.357746311244995, 34.133681709944099 ], [ -118.357789586622005, 34.133701640719302 ], [ -118.357848154070993, 34.133727489932802 ], [ -118.357907246723997, 34.133752513568801 ], [ -118.357966897856002, 34.133776655869099 ], [ -118.358027007641994, 34.133799944712798 ], [ -118.358087610257002, 34.133822352220903 ], [ -118.358117224932002, 34.133832793349903 ], [ -118.358148670627003, 34.133843880192103 ], [ -118.358210157274996, 34.133864526827701 ], [ -118.358272102577999, 34.133884265147898 ], [ -118.358287323602994, 34.1338889461192 ], [ -118.358941590284005, 34.134089442774801 ], [ -118.359117887981995, 34.134143464150704 ], [ -118.359120071535997, 34.134144090078898 ], [ -118.359123380141995, 34.134144931844297 ], [ -118.359126753498998, 34.134145609033801 ], [ -118.359129001804007, 34.134145986749097 ], [ -118.359132440812004, 34.134146416625001 ], [ -118.359134721491998, 34.134146628864997 ], [ -118.359138191976001, 34.134146811427399 ], [ -118.359141629185004, 34.1341468563935 ], [ -118.359145098769005, 34.1341467358843 ], [ -118.359148534179994, 34.134146478678197 ], [ -118.359151968690995, 34.134146055996901 ], [ -118.359154247573002, 34.134145691771401 ], [ -118.359156493179995, 34.134145272687299 ], [ -118.359159826967002, 34.1341445208541 ], [ -118.359163127477999, 34.134143604445001 ], [ -118.359165273260999, 34.134142938946603 ], [ -118.359189130475997, 34.134134871128602 ], [ -118.359382378595996, 34.134180681694303 ], [ -118.359380633011995, 34.134182005496299 ], [ -118.359379019627994, 34.134183384156998 ], [ -118.359377538445003, 34.134184872535002 ], [ -118.359376190361004, 34.134186415771602 ], [ -118.359374974478001, 34.134188039947198 ], [ -118.359373891694005, 34.1341897468605 ], [ -118.359372973486003, 34.134191480753401 ], [ -118.359372188378003, 34.134193297383902 ], [ -118.359371828649003, 34.134194204799797 ], [ -118.359371307941998, 34.134196075389703 ], [ -118.359370887059001, 34.134197972059901 ], [ -118.359370664026997, 34.1341998687301 ], [ -118.359370573194994, 34.134201793279303 ], [ -118.359370680214994, 34.134203716029802 ], [ -118.359370919434994, 34.134205611800702 ], [ -118.359371324129, 34.134207506672197 ], [ -118.359371894299997, 34.134209372765497 ], [ -118.359372595771006, 34.134211184899499 ], [ -118.359373462717002, 34.134212968255 ], [ -118.359373961841001, 34.134213818114397 ], [ -118.359375059913006, 34.134215518732297 ], [ -118.359376289286004, 34.134217136612698 ], [ -118.359377650859997, 34.134218698735097 ], [ -118.359379144634005, 34.134220151140198 ], [ -118.359379907258997, 34.134220862503902 ], [ -118.359381598883999, 34.134222204292499 ], [ -118.359383355259993, 34.134223408484701 ], [ -118.359385210561001, 34.134224529039898 ], [ -118.359387164788004, 34.134225539877903 ], [ -118.359389217040999, 34.134226440998603 ], [ -118.359390276441999, 34.134226850190103 ], [ -118.359392195595007, 34.134227503997302 ], [ -118.359465554194003, 34.134249983451099 ], [ -118.359558600751001, 34.134278476671597 ], [ -118.359636095331993, 34.134302234961297 ], [ -118.359713623187005, 34.134325993251103 ], [ -118.359791151042998, 34.134349752440301 ], [ -118.359868646522997, 34.134373482851103 ], [ -118.359946174379004, 34.134397241140903 ], [ -118.360023702234002, 34.134420999430702 ], [ -118.360101196814995, 34.134444757720502 ], [ -118.360178725569995, 34.134468516010401 ], [ -118.360256253425007, 34.134492246421203 ], [ -118.360333781281, 34.134516003811697 ], [ -118.360411276760999, 34.134539762101497 ], [ -118.360488804617006, 34.134563520391303 ], [ -118.360566333372006, 34.1345872499028 ], [ -118.360643828852005, 34.1346110081926 ], [ -118.360721356707003, 34.134634765583101 ], [ -118.360798885462003, 34.134658523872901 ], [ -118.360876380942003, 34.134682281263402 ], [ -118.360953908797995, 34.134706011674197 ], [ -118.361031437552995, 34.134729769064798 ], [ -118.361086862771003, 34.134746750063599 ], [ -118.361089046325006, 34.134747348112803 ], [ -118.361090138102, 34.134747591829097 ], [ -118.361091262254007, 34.134747836444603 ], [ -118.361093543834002, 34.134748159301203 ], [ -118.361095825413997, 34.134748372440598 ], [ -118.361098138469998, 34.134748447983597 ], [ -118.361099294998994, 34.134748416507399 ], [ -118.361101608054994, 34.1347482995955 ], [ -118.361102730409002, 34.134748186280902 ], [ -118.361103886937002, 34.134748045986697 ], [ -118.361106132543995, 34.134747654781599 ], [ -118.361108377251995, 34.134747125980198 ], [ -118.361110522134993, 34.134746487461499 ], [ -118.361111611214, 34.134746098954501 ], [ -118.361113689546997, 34.134745295859901 ], [ -118.361114678801002, 34.134744826413801 ], [ -118.361116657310006, 34.134743802985298 ], [ -118.361117580013996, 34.134743250801499 ], [ -118.361119425422999, 34.134742091575397 ], [ -118.361120281577996, 34.134741456653998 ], [ -118.361121961511003, 34.134740132852002 ], [ -118.361123508345003, 34.134738727211698 ], [ -118.3611242323, 34.134737955593401 ], [ -118.361124922979002, 34.134737210954697 ], [ -118.361126237788, 34.134735613758799 ], [ -118.361126829542002, 34.134734815160698 ], [ -118.361127912325003, 34.134733108247502 ], [ -118.361128404254998, 34.134732254790798 ], [ -118.361129289187005, 34.134730466039301 ], [ -118.361153081652006, 34.134676783707697 ], [ -118.361304014870996, 34.134733598377998 ], [ -118.361272892032005, 34.134803762584703 ], [ -118.361344603972, 34.134880791316597 ], [ -118.361395199830994, 34.1349351310526 ], [ -118.361445763313, 34.1349894429096 ], [ -118.361496360071001, 34.135043754766698 ], [ -118.361546924452995, 34.135098066623598 ], [ -118.361597487935995, 34.135152378480598 ], [ -118.361648084693002, 34.135206690337597 ], [ -118.361698681451003, 34.135261029174302 ], [ -118.361749245832996, 34.135315341031301 ], [ -118.361799809315997, 34.135369652888301 ], [ -118.361850406973005, 34.1354239647453 ], [ -118.361900970456006, 34.135478276602299 ], [ -118.361951568112005, 34.1355325875601 ], [ -118.362002132493998, 34.135586927296004 ], [ -118.362052730151007, 34.135641238253697 ], [ -118.362103294533995, 34.135695550110697 ], [ -118.362153891291001, 34.135749861967703 ], [ -118.362204456572996, 34.135804172925397 ], [ -118.362255020955004, 34.135858484782403 ], [ -118.362305618611003, 34.135912796639403 ], [ -118.362356182994006, 34.135967107597097 ], [ -118.362406780651, 34.1360214473331 ], [ -118.362432080377999, 34.136048602362202 ], [ -118.362457345932, 34.136075758290801 ], [ -118.362507943588994, 34.1361300701478 ], [ -118.362558508869995, 34.136184381105402 ], [ -118.362609106527003, 34.1362386929625 ], [ -118.362658244583997, 34.136291496656398 ], [ -118.362659671808998, 34.136293003920102 ], [ -118.362710270365, 34.1363473427568 ], [ -118.362760835646, 34.136401654613799 ], [ -118.362811400927001, 34.136455937692503 ], [ -118.362861966208996, 34.136510276529201 ], [ -118.362912564764997, 34.1365645883862 ], [ -118.362963130045998, 34.136618899343901 ], [ -118.363013728602994, 34.136673210301502 ], [ -118.363064294783001, 34.136727522158601 ], [ -118.363114893339997, 34.136781833116302 ], [ -118.363165459520005, 34.136836144073897 ], [ -118.363216058077001, 34.136890455031597 ], [ -118.363296970080995, 34.136977375406701 ], [ -118.363297700331003, 34.136978114649402 ], [ -118.363298463855003, 34.136978854791501 ], [ -118.363299226479995, 34.136979567054503 ], [ -118.363300055655003, 34.136980223559597 ], [ -118.363300884829997, 34.136980907943702 ], [ -118.363301747280005, 34.136981537469197 ], [ -118.363302642104998, 34.136982139115602 ], [ -118.363303569305998, 34.136982713782402 ], [ -118.363304497407, 34.136983260570197 ], [ -118.363305457883001, 34.136983779479003 ], [ -118.363306451634003, 34.1369842992871 ], [ -118.363307477760003, 34.136984763337303 ], [ -118.363308504786005, 34.136985199508501 ], [ -118.363309530912005, 34.136985608700002 ], [ -118.363310589413999, 34.136985990012498 ], [ -118.363311682090995, 34.136986316466498 ], [ -118.363312773868003, 34.136986642920398 ], [ -118.363313865644002, 34.136986942394699 ], [ -118.363314957420997, 34.1369871861109 ], [ -118.363316081573998, 34.136987402847602 ], [ -118.363317239001006, 34.1369875917051 ], [ -118.363318363153994, 34.136987752683801 ], [ -118.363319520581001, 34.136987859703098 ], [ -118.363320644734003, 34.136987965823103 ], [ -118.363321801262003, 34.136988017084398 ], [ -118.363322957790004, 34.136988041366202 ], [ -118.363324114318999, 34.136988010789203 ], [ -118.363325270847, 34.136987979312998 ], [ -118.363326427375, 34.136987893877397 ], [ -118.363327550628, 34.136987780562798 ], [ -118.363328706256993, 34.136987639369202 ], [ -118.363329829509993, 34.136987443316997 ], [ -118.363330951864, 34.136987248164203 ], [ -118.363332074217993, 34.136986997253302 ], [ -118.363333163297, 34.136986719362802 ], [ -118.363334285651007, 34.136986413593299 ], [ -118.363335342354006, 34.136986080844103 ], [ -118.363336430534005, 34.136985692336999 ], [ -118.363337453962004, 34.136985304729201 ], [ -118.363338508867002, 34.1369848622628 ], [ -118.363339499020995, 34.136984419796299 ], [ -118.363340488275, 34.136983921571897 ], [ -118.363341476629998, 34.136983396367803 ], [ -118.363342400234004, 34.136982844184097 ], [ -118.363343322937993, 34.136982264121301 ], [ -118.363617699798993, 34.1368056300769 ], [ -118.363578854482995, 34.136763924017103 ], [ -118.363630886557999, 34.136729995294203 ], [ -118.363669964799001, 34.136771975647299 ], [ -118.363774198922002, 34.1367048610417 ], [ -118.363796114501, 34.136691028569302 ], [ -118.363818494130001, 34.136677358874103 ], [ -118.363841171434999, 34.136664018330897 ], [ -118.363864148214006, 34.136651006040303 ], [ -118.363887391191994, 34.136638350780402 ], [ -118.363910866195994, 34.136626024672402 ], [ -118.363934640672994, 34.136614027716398 ], [ -118.363958614799998, 34.136602386891802 ], [ -118.363982854227004, 34.136591075219101 ], [ -118.364007327478006, 34.1365801466576 ], [ -118.364032032753997, 34.136569576026297 ], [ -118.364032791781995, 34.136569244176499 ], [ -118.364033583185005, 34.136568911427297 ], [ -118.364034342213003, 34.136568579577499 ], [ -118.364035100341994, 34.136568219848598 ], [ -118.364035826095005, 34.136567861019103 ], [ -118.364036584223001, 34.136567473411297 ], [ -118.364037309975998, 34.136567114581801 ], [ -118.364038034830003, 34.136566699994397 ], [ -118.364038727307999, 34.136566313285897 ], [ -118.364039452160995, 34.1365658986984 ], [ -118.364040144639006, 34.136565457131297 ], [ -118.364040836217995, 34.136565015564202 ], [ -118.364041528696006, 34.136564573097701 ], [ -118.364042187899003, 34.136564131530598 ], [ -118.364042846201997, 34.136563662983797 ], [ -118.364043505406002, 34.136563193537697 ], [ -118.364044131333998, 34.136562697111899 ], [ -118.364044757261993, 34.1365622006862 ], [ -118.364045382290996, 34.136561704260401 ], [ -118.364046008219006, 34.136561207834603 ], [ -118.364046600872001, 34.1365606835299 ], [ -118.364047160249996, 34.136560160124397 ], [ -118.364047752904, 34.136559608840003 ], [ -118.364048312281994, 34.136559057555601 ], [ -118.364048871660003, 34.1365585062712 ], [ -118.364049397764006, 34.136557954986799 ], [ -118.364049923867, 34.136557375823401 ], [ -118.364050449969994, 34.136556797559301 ], [ -118.364050976973004, 34.136556219295301 ], [ -118.364051469802007, 34.136555640131803 ], [ -118.364051930254007, 34.136555034888097 ], [ -118.364052389807995, 34.136554428745001 ], [ -118.364052850261004, 34.136553822602004 ], [ -118.364053309815006, 34.136553189479201 ], [ -118.364053736992005, 34.136552583336197 ], [ -118.364054130895994, 34.136551950213502 ], [ -118.364054557174001, 34.136551317090699 ], [ -118.364054951076994, 34.136550656089 ], [ -118.364055311705002, 34.136550022966297 ], [ -118.364055672334004, 34.136549362864002 ], [ -118.364056032961997, 34.136548701862303 ], [ -118.364056360315004, 34.136548041759902 ], [ -118.364056688567004, 34.136547380758202 ], [ -118.364056982646005, 34.136546692776797 ], [ -118.364057276723997, 34.136546032674403 ], [ -118.364057538427005, 34.136545344693097 ], [ -118.364057800129004, 34.136544657610997 ], [ -118.364058060933004, 34.136543969629599 ], [ -118.364058289360997, 34.136543281648301 ], [ -118.364058517789005, 34.136542566687197 ], [ -118.364058712941002, 34.136541878705899 ], [ -118.364058908093995, 34.136541163744802 ], [ -118.364059103247001, 34.136540476662802 ], [ -118.364059266024, 34.136539761701798 ], [ -118.364059394627006, 34.136539046740701 ], [ -118.364059524129999, 34.136538331779697 ], [ -118.364059652733005, 34.136537644697697 ], [ -118.364059748960003, 34.1365369297367 ], [ -118.364059845187995, 34.136536187795997 ], [ -118.364059908140007, 34.136535472835 ], [ -118.364059971092999, 34.136534758773202 ], [ -118.364060000771005, 34.136534043812198 ], [ -118.364060030448002, 34.136533328851201 ], [ -118.36406002775, 34.136532614789502 ], [ -118.364060024153005, 34.136531900727803 ], [ -118.364060021455003, 34.136531185766799 ], [ -118.364059985482001, 34.136530443826103 ], [ -118.364059916233998, 34.136529729764398 ], [ -118.364059879362003, 34.136529015702699 ], [ -118.364059777739001, 34.136528301641 ], [ -118.364059708490998, 34.136527587579202 ], [ -118.364059572692994, 34.136526873517603 ], [ -118.364059471069993, 34.136526158556499 ], [ -118.364059335272003, 34.136525444494801 ], [ -118.364059167099001, 34.1365247313325 ], [ -118.364058998925998, 34.1365240442504 ], [ -118.364058797477995, 34.136523331088 ], [ -118.364058596028997, 34.136522644006 ], [ -118.364058394580994, 34.1365219308436 ], [ -118.364058160758006, 34.136521243761599 ], [ -118.364057926035002, 34.136520557578798 ], [ -118.364057658936005, 34.136519871396203 ], [ -118.364057391836994, 34.136519185213402 ], [ -118.364057123839004, 34.136518499030601 ], [ -118.364056823466001, 34.136517840727002 ], [ -118.364056490717005, 34.136517154544201 ], [ -118.364056190343007, 34.136516496240503 ], [ -118.364055823420003, 34.136515837936699 ], [ -118.364055490669998, 34.136515179633101 ], [ -118.364055091371, 34.136514521329197 ], [ -118.364054724447996, 34.136513890005197 ], [ -118.364054325148999, 34.1365132317014 ], [ -118.364053925850001, 34.136512601276699 ], [ -118.364053493276003, 34.136511969952601 ], [ -118.364053061601993, 34.136511367406797 ], [ -118.364052595752995, 34.136510736082798 ], [ -118.364052164078004, 34.136510133537001 ], [ -118.364051665854007, 34.136509530091899 ], [ -118.364051200004994, 34.136508927546203 ], [ -118.364050701780997, 34.136508351979998 ], [ -118.364050171181006, 34.1365077764139 ], [ -118.364049672956, 34.136507227827501 ], [ -118.364040043914997, 34.136496897315098 ], [ -118.364233292034996, 34.136457322648504 ], [ -118.364243385126002, 34.136468146888603 ], [ -118.364245609150004, 34.136470365516097 ], [ -118.364247997749004, 34.136472446547302 ], [ -118.364249887225, 34.136473897153799 ], [ -118.364251213724998, 34.1364748279521 ], [ -118.364253963850999, 34.136476578032799 ], [ -118.364256878554002, 34.136478135658599 ], [ -118.364258368731001, 34.136478873102703 ], [ -118.364260653908005, 34.136479883041297 ], [ -118.364263831212995, 34.136481054857903 ], [ -118.364267074167998, 34.136482062098601 ], [ -118.364270381875002, 34.136482849005397 ], [ -118.364272928755, 34.1364833355386 ], [ -118.364274615883005, 34.1364836053353 ], [ -118.364278053991001, 34.136483952473597 ], [ -118.364281491200003, 34.136484134136602 ], [ -118.364284101932, 34.136484126942101 ], [ -118.364285820535997, 34.136484038808497 ], [ -118.364289289221006, 34.136483753723397 ], [ -118.364292690457006, 34.136483276183398 ], [ -118.364294373988002, 34.136482941635599 ], [ -118.364296651971003, 34.136482439813904 ], [ -118.364302593792004, 34.136480856107802 ], [ -118.364329334233005, 34.136474592329698 ], [ -118.364356175398996, 34.1364686855825 ], [ -118.364383182940003, 34.136463191624102 ], [ -118.364410258828002, 34.136458080776997 ], [ -118.364437468716005, 34.136453354839603 ], [ -118.364446252394998, 34.136451982474199 ], [ -118.364464746053002, 34.136449040791703 ], [ -118.364492124113994, 34.1364451116537 ], [ -118.364519602898994, 34.1364415935059 ], [ -118.364547117656997, 34.136438460267897 ], [ -118.364574698965001, 34.136435739818701 ], [ -118.364602348622, 34.136433402480698 ], [ -118.364630033351006, 34.136431477931502 ], [ -118.364635286292, 34.136431187450498 ], [ -118.364657752255994, 34.1364299661712 ], [ -118.364685506233002, 34.136428837521997 ], [ -118.36471326201, 34.136428121661602 ], [ -118.364741052859003, 34.1364278185901 ], [ -118.364768845507996, 34.136427899529103 ], [ -118.364796606680002, 34.136428392357601 ], [ -118.36480030829, 34.136428519162003 ], [ -118.364824368751997, 34.1364292979749 ], [ -118.364852133520998, 34.136430588502002 ], [ -118.364879833540002, 34.136432290918599 ], [ -118.364907502980998, 34.136434378245099 ], [ -118.364935107671002, 34.136436905340098 ], [ -118.364962680885, 34.136439789465904 ], [ -118.364964962464995, 34.136440085342798 ], [ -118.364990156971999, 34.1364431142595 ], [ -118.365017601583006, 34.136446796084002 ], [ -118.365044949066998, 34.136450917676903 ], [ -118.365102949942994, 34.136459590738703 ], [ -118.365148647194005, 34.136465772678399 ], [ -118.365161112696995, 34.136467466101898 ], [ -118.365219437329003, 34.136474461928003 ], [ -118.365277922939995, 34.136480633075898 ], [ -118.365312933547003, 34.1364837968909 ], [ -118.365336504778, 34.136485923787497 ], [ -118.365395214320003, 34.136490390720098 ], [ -118.365453986814003, 34.1364940050955 ], [ -118.365512821362003, 34.136496739933797 ], [ -118.365571717962993, 34.136498650093799 ], [ -118.365630644240994, 34.1364997085958 ], [ -118.365669870869993, 34.136499919936497 ], [ -118.365685038836006, 34.136499819212503 ], [ -118.365700205902002, 34.1364994981544 ], [ -118.365715372069005, 34.136498957661999 ], [ -118.365730537337001, 34.136498197734802 ], [ -118.365745667531002, 34.136497217473703 ], [ -118.365760765348995, 34.136496044757799 ], [ -118.365775860469995, 34.136494597748602 ], [ -118.365790889940001, 34.136492986163503 ], [ -118.365805917610999, 34.136491127264897 ], [ -118.365820878733004, 34.136489048032303 ], [ -118.365835805680007, 34.136486750264503 ], [ -118.365850665178002, 34.136484259142399 ], [ -118.365865491400996, 34.136481548585699 ], [ -118.365880250174996, 34.136478618594502 ], [ -118.365894942400004, 34.136475469168701 ], [ -118.365909600449996, 34.136472100308303 ], [ -118.365924157776007, 34.136468538993 ], [ -118.365938615277003, 34.136464730364203 ], [ -118.365953039502998, 34.136460757159398 ], [ -118.365961092931997, 34.136458424318 ], [ -118.365967329731006, 34.136456537540298 ], [ -118.365981553408005, 34.136452152445997 ], [ -118.365995677260997, 34.136447520937502 ], [ -118.366009701289002, 34.136442724852998 ], [ -118.366023624592998, 34.136437681455 ], [ -118.366037448072007, 34.136432473481101 ], [ -118.366051138450999, 34.136427046072498 ], [ -118.366064729005998, 34.136421426208997 ], [ -118.366078219735996, 34.136415614789897 ], [ -118.366091544092001, 34.136409611815303 ], [ -118.366104768621994, 34.136403389406098 ], [ -118.366117860052995, 34.136397001521502 ], [ -118.366130818385002, 34.136390422980703 ], [ -118.366143610340998, 34.136383651085801 ], [ -118.366156270098003, 34.136376688534497 ], [ -118.366168795855003, 34.136369561407299 ], [ -118.366181156137998, 34.136362241825097 ], [ -118.366193383319995, 34.136354730687501 ], [ -118.366205411752006, 34.136347054973697 ], [ -118.366217307084995, 34.136339214684199 ], [ -118.366219580570998, 34.136337696628502 ], [ -118.366229036942997, 34.136331210717898 ], [ -118.366236120002995, 34.136326188004404 ], [ -118.366368121593993, 34.136457768712198 ], [ -118.366368055942999, 34.136457934187497 ], [ -118.366367827515006, 34.136458621269497 ], [ -118.366367599987001, 34.136459309250903 ], [ -118.366367404833994, 34.1364600242119 ], [ -118.366367208781995, 34.136460712193298 ], [ -118.366367046904003, 34.136461427154202 ], [ -118.366366851750996, 34.136462114236402 ], [ -118.366366723148005, 34.136462829197299 ], [ -118.366366593644997, 34.136463544158403 ], [ -118.366366465042006, 34.1364642591194 ], [ -118.366366368814994, 34.136464973181099 ], [ -118.366366272587001, 34.136465688142202 ], [ -118.366366209635004, 34.136466403103199 ], [ -118.366366146681997, 34.136467117164898 ], [ -118.366366117005001, 34.136467832125902 ], [ -118.366366087326995, 34.136468574066598 ], [ -118.366366090024997, 34.136469289027602 ], [ -118.366366093622005, 34.1364700030893 ], [ -118.366366096319993, 34.136470717150999 ], [ -118.366366132292995, 34.136471432112103 ], [ -118.366366201540998, 34.136472146173801 ], [ -118.366366270789001, 34.136472888114497 ], [ -118.366366340037004, 34.136473602176103 ], [ -118.366366442558999, 34.136474316237901 ], [ -118.366366545082002, 34.1364750302996 ], [ -118.366366679980004, 34.136475744361299 ], [ -118.366366815777994, 34.136476430544 ], [ -118.366366950675996, 34.136477144605699 ], [ -118.366367152123999, 34.136477858667398 ], [ -118.366367320297996, 34.136478572729096 ], [ -118.366367521746, 34.136479258911798 ], [ -118.366367723194003, 34.136479945094599 ], [ -118.366367957917006, 34.136480659156199 ], [ -118.366368191741003, 34.136481345339 ], [ -118.366368458839005, 34.136482031521702 ], [ -118.366368726836996, 34.136482717704403 ], [ -118.366369027210993, 34.136483376008201 ], [ -118.366369327585005, 34.136484062190803 ], [ -118.366369627957994, 34.136484721393899 ], [ -118.366369961605997, 34.136485406677302 ], [ -118.366370294356003, 34.136486065880398 ], [ -118.366370661279007, 34.136486724184202 ], [ -118.366371027303003, 34.136487354608903 ], [ -118.366371426602001, 34.136488012912601 ], [ -118.366371825900998, 34.136488644236699 ], [ -118.366372225199996, 34.1364892746615 ], [ -118.366372657773994, 34.136489905086201 ], [ -118.366373090348006, 34.1364905364103 ], [ -118.366373522022997, 34.136491138956103 ], [ -118.366373987871, 34.136491742401098 ], [ -118.366374452821006, 34.1364923458462 ], [ -118.366374951045003, 34.136492948391997 ], [ -118.366375449269995, 34.136493523958102 ], [ -118.366375980769007, 34.136494127403203 ], [ -118.366376478993004, 34.136494702969301 ], [ -118.366377309068, 34.136495524050297 ], [ -118.366555927017004, 34.136676947883998 ], [ -118.366811457685003, 34.1369364526563 ], [ -118.366811988284994, 34.136937000343501 ], [ -118.366812585435, 34.1369375489299 ], [ -118.366813150208998, 34.136938096617001 ], [ -118.366813747359004, 34.136938616425198 ], [ -118.366814344508001, 34.1369391371327 ], [ -118.366814941658006, 34.136939656940697 ], [ -118.366815571184006, 34.136940149769202 ], [ -118.366816201608998, 34.1369406425978 ], [ -118.366816831134003, 34.136941135426198 ], [ -118.366817493933993, 34.1369416003757 ], [ -118.366818157634, 34.136942065325101 ], [ -118.366818820434005, 34.136942531174 ], [ -118.366819483235005, 34.136942968244497 ], [ -118.366820179309997, 34.136943406214399 ], [ -118.366820874485995, 34.136943816305198 ], [ -118.366821603836001, 34.136944226396103 ], [ -118.366822299012, 34.136944636487002 ], [ -118.366823028362006, 34.136945045678402 ], [ -118.366823756813005, 34.136945428789701 ], [ -118.366824518539005, 34.136945783122599 ], [ -118.366825246990004, 34.136946138354801 ], [ -118.366826008714995, 34.136946493586997 ], [ -118.366826770440994, 34.136946847919901 ], [ -118.366827532166994, 34.1369471752731 ], [ -118.366828326268006, 34.1369474756466 ], [ -118.366829087994006, 34.136947802999799 ], [ -118.366829882095004, 34.136948102474101 ], [ -118.366830676196997, 34.136948374968703 ], [ -118.366831471197997, 34.136948647463299 ], [ -118.366832298573996, 34.136948892078898 ], [ -118.366833092674995, 34.136949164573402 ], [ -118.366833919152, 34.136949382209401 ], [ -118.366834746527999, 34.136949626825 ], [ -118.366835573905007, 34.136949816581897 ], [ -118.366836401281006, 34.136950034217797 ], [ -118.366837227757998, 34.1369502239748 ], [ -118.366838087510004, 34.136950385852799 ], [ -118.366838914886003, 34.136950548630097 ], [ -118.366839774637995, 34.136950710508003 ], [ -118.366840601115001, 34.136950845406297 ], [ -118.366841460866993, 34.136950980304697 ], [ -118.366842320619, 34.136951088223299 ], [ -118.366843180371006, 34.136951195242602 ], [ -118.366844040122004, 34.1369512752823 ], [ -118.366844899873996, 34.1369513544226 ], [ -118.366845759626003, 34.136951434462297 ], [ -118.366846618479002, 34.136951486622998 ], [ -118.366847478230994, 34.136951511804 ], [ -118.366848337082999, 34.136951536985002 ], [ -118.366849196835005, 34.136951561266699 ], [ -118.366850088963005, 34.136951558568697 ], [ -118.366850947814996, 34.136951555870802 ], [ -118.366851807567002, 34.136951526193201 ], [ -118.366852666420002, 34.136951495616202 ], [ -118.366853525272006, 34.136951438059498 ], [ -118.366854384125006, 34.1369513805029 ], [ -118.366855242976996, 34.136951322946402 ], [ -118.366856101829995, 34.136951238410099 ], [ -118.366856960682, 34.136951125994798 ], [ -118.366857819534999, 34.136951013579598 ], [ -118.366858678387004, 34.136950901164298 ], [ -118.366859536340996, 34.1369507608701 ], [ -118.366860361918, 34.136950620575902 ], [ -118.366861220771, 34.1369504533019 ], [ -118.366862145273998, 34.136950258149 ], [ -118.366941340473005, 34.137029156571501 ], [ -118.366935969720998, 34.137032800624397 ], [ -118.366935311418004, 34.137033242191499 ], [ -118.366934652214994, 34.137033738617298 ], [ -118.366933993011003, 34.137034208063398 ], [ -118.366933367982995, 34.137034704489203 ], [ -118.366932742054999, 34.137035200915001 ], [ -118.366932116125994, 34.137035697340799 ], [ -118.366931523472999, 34.137036221645403 ], [ -118.366930930820004, 34.137036745050899 ], [ -118.366930339066002, 34.137037269355602 ], [ -118.366929779687993, 34.137037820640103 ], [ -118.366929220309004, 34.137038371924497 ], [ -118.366928660930995, 34.137038923208898 ], [ -118.366928133927999, 34.137039474493299 ], [ -118.366927607825005, 34.137040052757399 ], [ -118.366927114996003, 34.137040631021399 ], [ -118.366926588892994, 34.137041237164503 ], [ -118.366926128439999, 34.137041816327901 ], [ -118.366925635612006, 34.1370424215716 ], [ -118.366925176058004, 34.137043027714803 ], [ -118.366924748879995, 34.1370436338578 ], [ -118.366924288427001, 34.137044266980503 ], [ -118.366923862148994, 34.137044900103199 ], [ -118.366923468246, 34.1370455341252 ], [ -118.366923074343006, 34.137046167248002 ], [ -118.366922680439004, 34.137046827350403 ], [ -118.366922319810996, 34.137047460473099 ], [ -118.366921959183003, 34.137048121474798 ], [ -118.366921631829996, 34.137048781577199 ], [ -118.366921304477003, 34.137049442578899 ], [ -118.366920977123002, 34.137050102681201 ], [ -118.366920682146002, 34.137050790662599 ], [ -118.366920388067996, 34.137051478643997 ], [ -118.366920126365002, 34.137052166625402 ], [ -118.366919865561002, 34.137052853707402 ], [ -118.366919637134004, 34.137053541688701 ], [ -118.366919408705996, 34.137054229670099 ], [ -118.366919180278003, 34.137054916752199 ], [ -118.366918985124997, 34.137055631713203 ], [ -118.366918823247005, 34.137056319694601 ], [ -118.366918660470006, 34.137057034655598 ], [ -118.366918498592, 34.137057749616602 ], [ -118.366918336713994, 34.137058464577599 ], [ -118.366918240486996, 34.137059179538703 ], [ -118.366918111882995, 34.137059866620703 ], [ -118.366918015655997, 34.1370605815817 ], [ -118.366917952703005, 34.137061295643399 ], [ -118.366917889750994, 34.137062037584101 ], [ -118.366917826798002, 34.137062752545198 ], [ -118.366917797121005, 34.137063467506202 ], [ -118.366917799819007, 34.137064181567801 ], [ -118.366917770141001, 34.137064896528898 ], [ -118.366917806114003, 34.137065610590597 ], [ -118.366917809710998, 34.137066352531299 ], [ -118.366917845684, 34.137067066592998 ], [ -118.366917914932003, 34.137067780654696 ], [ -118.366917984180006, 34.137068495615701 ], [ -118.366918086702, 34.137069209677399 ], [ -118.366918188325997, 34.137069923739197 ], [ -118.366918290849, 34.137070637800903 ], [ -118.366918426645995, 34.137071351862502 ], [ -118.366918594818998, 34.137072065924301 ], [ -118.366918729717995, 34.137072752107002 ], [ -118.366918897890997, 34.137073466168701 ], [ -118.366919099339, 34.1370741802303 ], [ -118.366919300787004, 34.137074866413101 ], [ -118.366919535509993, 34.137075552595903 ], [ -118.366919769334004, 34.137076266657601 ], [ -118.366920004056993, 34.137076952840196 ], [ -118.366920271156005, 34.137077639022998 ], [ -118.366920571528993, 34.137078297326703 ], [ -118.366920871903005, 34.137078983509397 ], [ -118.366921172275994, 34.137079669692199 ], [ -118.366921472650006, 34.137080327995903 ], [ -118.366921806297995, 34.137080986299601 ], [ -118.366922172322006, 34.137081644603398 ], [ -118.366922539246005, 34.137082302907103 ], [ -118.366922971820003, 34.1370830439485 ], [ -118.366957861019003, 34.1371414405262 ], [ -118.367021938614002, 34.137216648131002 ], [ -118.367184307612007, 34.137407215371802 ], [ -118.367188658532001, 34.137412230890902 ], [ -118.367193108376995, 34.137417190651902 ], [ -118.367197690422998, 34.137422068574701 ], [ -118.367202338119, 34.137426890739597 ], [ -118.367207118015997, 34.137431657146401 ], [ -118.367211996837995, 34.137436341714903 ], [ -118.367216940412007, 34.137440942646499 ], [ -118.367221983809998, 34.1374454887195 ], [ -118.367227158508996, 34.137449952054801 ], [ -118.367232399757995, 34.137454332652503 ], [ -118.367237739033001, 34.137458631411903 ], [ -118.367243143958007, 34.137462873513897 ], [ -118.367248681084007, 34.137467033777803 ], [ -118.367254283860007, 34.137471111303903 ], [ -118.367259952287, 34.137475106092403 ], [ -118.367265719638993, 34.137479018143303 ], [ -118.367271552641995, 34.137482819577599 ], [ -118.367277484569996, 34.137486566153299 ], [ -118.367283515424006, 34.1374902299913 ], [ -118.367289578653001, 34.137493784112003 ], [ -118.367295739908997, 34.1374972545958 ], [ -118.367301967713999, 34.137500643241303 ], [ -118.367308261169001, 34.137503949149099 ], [ -118.367314620276005, 34.137507145339598 ], [ -118.367321045032, 34.137510257893197 ], [ -118.367327568714003, 34.137513260729499 ], [ -118.367334124772, 34.1375161808283 ], [ -118.367340713204996, 34.1375190190886 ], [ -118.367346539913001, 34.137521392399499 ], [ -118.367347400564, 34.137521746732403 ], [ -118.367354121198005, 34.1375243916386 ], [ -118.367360939858003, 34.137526926827299 ], [ -118.367367758517005, 34.1375293513996 ], [ -118.367374641927995, 34.137531693234202 ], [ -118.367381591889, 34.137533925351597 ], [ -118.367388574225004, 34.137536047751603 ], [ -118.367395588937001, 34.137538087413901 ], [ -118.367402669300006, 34.1375400173591 ], [ -118.367409782037996, 34.137541863667202 ], [ -118.367416928051, 34.137543573278499 ], [ -118.367424106439003, 34.137545200151997 ], [ -118.367431317203994, 34.137546717308297 ], [ -118.367438560343004, 34.137548123847999 ], [ -118.367445836757994, 34.137549420670403 ], [ -118.367453145547998, 34.137550635654499 ], [ -118.367460453438994, 34.137551712142901 ], [ -118.367467794605005, 34.137552706793201 ], [ -118.367475167246994, 34.137553590826798 ], [ -118.367482540788998, 34.137554365142996 ], [ -118.367489945806, 34.137555029742003 ], [ -118.367497350823996, 34.137555584623698 ], [ -118.367504788217005, 34.137556028888802 ], [ -118.367512192335994, 34.137556391315499 ], [ -118.367519628829996, 34.137556616146099 ], [ -118.367527065323998, 34.137556758239 ], [ -118.367534500919007, 34.1375567627355 ], [ -118.367541968889, 34.137556685393903 ], [ -118.367549403583993, 34.137556470455898 ], [ -118.367556804105007, 34.1375561727803 ], [ -118.367564237900993, 34.137555765387397 ], [ -118.367571440571993, 34.137555277055498 ], [ -118.367686800208006, 34.137546352183598 ], [ -118.367829844574004, 34.137535338186503 ], [ -118.367900739030006, 34.137529873905699 ], [ -118.367914580496006, 34.1375288145043 ], [ -118.367928493007994, 34.137528635539297 ], [ -118.367942403721003, 34.137528180482299 ], [ -118.367956282058998, 34.137527918779597 ], [ -118.367970194571001, 34.137527876511399 ], [ -118.367984074706996, 34.137528026698199 ], [ -118.367997989017994, 34.137528368440599 ], [ -118.368011870952998, 34.137528931416199 ], [ -118.368025720513003, 34.137529685947399 ], [ -118.368039571870995, 34.137530632933498 ], [ -118.368044001930997, 34.137531004353498 ], [ -118.368053389953999, 34.1375317993542 ], [ -118.368067209835999, 34.137533159129099 ], [ -118.368080964067005, 34.137534711359002 ], [ -118.368094719197998, 34.137536483023403 ], [ -118.368108409577999, 34.137538419263798 ], [ -118.368122067580998, 34.137540575838102 ], [ -118.368135659935007, 34.137542952746301 ], [ -118.368149219912993, 34.1375454951297 ], [ -118.368162715138993, 34.137548229068699 ], [ -118.368176178889996, 34.1375511833416 ], [ -118.368189542815003, 34.137554330069499 ], [ -118.368202842889005, 34.137557642272498 ], [ -118.368216077311999, 34.1375611739102 ], [ -118.368229246084994, 34.1375648980028 ], [ -118.368242316831996, 34.137568788469899 ], [ -118.368255321928004, 34.137572897472403 ], [ -118.368268228998005, 34.137577172849397 ], [ -118.368281038041999, 34.137581639781999 ], [ -118.368293781435, 34.137586300068897 ], [ -118.368306393527007, 34.137591125830902 ], [ -118.368412955096005, 34.1376328984406 ], [ -118.368758065435003, 34.137768169066902 ], [ -118.368758827159994, 34.137768468541204 ], [ -118.368759621262001, 34.137768768914697 ], [ -118.368760415362999, 34.1377690414093 ], [ -118.368761242738998, 34.137769313004497 ], [ -118.368762036841005, 34.137769558519501 ], [ -118.368762864217004, 34.1377698031351 ], [ -118.368763691593003, 34.137770019871603 ], [ -118.368764485694996, 34.137770237507603 ], [ -118.368765313070995, 34.137770455143603 ], [ -118.368766172823001, 34.137770644900499 ], [ -118.368766999299993, 34.137770834657502 ], [ -118.368767826676006, 34.137770996535401 ], [ -118.368768686427998, 34.137771159312699 ], [ -118.368769546180005, 34.137771321190698 ], [ -118.368770373556004, 34.137771456088998 ], [ -118.368771233307996, 34.1377715640076 ], [ -118.368772093060002, 34.137771671026997 ], [ -118.368772951912007, 34.1377717780463 ], [ -118.368773811663999, 34.137771858085898 ], [ -118.368774671416006, 34.137771938125603 ], [ -118.368775531167998, 34.137771990286303 ], [ -118.368776390020003, 34.137772042446997 ], [ -118.368777249771995, 34.137772067627999 ], [ -118.368778108624994, 34.137772091909703 ], [ -118.368779001652001, 34.137772117090698 ], [ -118.368779860504006, 34.137772086513699 ], [ -118.368780719357005, 34.137772083815797 ], [ -118.368781579108997, 34.137772054138097 ], [ -118.368782437961002, 34.137772023561297 ], [ -118.368783296814001, 34.1377719660045 ], [ -118.368784155666006, 34.137771881468304 ], [ -118.368785014519005, 34.137771823911699 ], [ -118.368785873370996, 34.137771711496498 ], [ -118.368786732223995, 34.137771626060797 ], [ -118.368787591076995, 34.137771513645603 ], [ -118.368788449928999, 34.137771373351299 ], [ -118.368789307881997, 34.1377712339564 ], [ -118.368790133459996, 34.137771093662202 ], [ -118.368790992312995, 34.137770926388299 ], [ -118.368791817889999, 34.137770731235399 ], [ -118.368792642567996, 34.137770563961503 ], [ -118.368793501420996, 34.137770341828997 ], [ -118.368794293723994, 34.137770146676097 ], [ -118.368795118402005, 34.137769924543598 ], [ -118.368795943980004, 34.137769674532002 ], [ -118.368796768658001, 34.137769424520499 ], [ -118.368797560960999, 34.137769175408302 ], [ -118.368798352363996, 34.137768897517802 ], [ -118.368799144666994, 34.1377686205266 ], [ -118.368799969345005, 34.137768315656402 ], [ -118.368800728373003, 34.137768011685502 ], [ -118.368801519776, 34.137767678936399 ], [ -118.368802278803997, 34.137767347086601 ], [ -118.368803036933002, 34.137767015236697 ], [ -118.368803795060998, 34.137766655507903 ], [ -118.368804554088996, 34.137766295779102 ], [ -118.368805279841993, 34.1377659360503 ], [ -118.368806004695003, 34.1377655493418 ], [ -118.368806730448, 34.137765162633301 ], [ -118.368807455302004, 34.137764748045797 ], [ -118.368808147780001, 34.137764334357698 ], [ -118.368808839359005, 34.1377639197703 ], [ -118.368809531837002, 34.137763478203098 ], [ -118.368810223414997, 34.137763035736697 ], [ -118.368810882618007, 34.137762567189903 ], [ -118.368811541821003, 34.137762097743803 ], [ -118.368812200125006, 34.137761628297703 ], [ -118.368812859328003, 34.137761159750902 ], [ -118.368813485255998, 34.137760663325103 ], [ -118.368814077010001, 34.137760139020401 ], [ -118.368814702937996, 34.137759642594602 ], [ -118.368815295592, 34.1377591182898 ], [ -118.368815888244995, 34.137758594884403 ], [ -118.368816447623004, 34.137758043600002 ], [ -118.368817040275999, 34.137757519295299 ], [ -118.368817566380002, 34.137756968010798 ], [ -118.368818125757997, 34.137756389746698 ], [ -118.368818651861005, 34.137755838462297 ], [ -118.368819177964994, 34.137755259298899 ], [ -118.368819671693004, 34.137754681034799 ], [ -118.368820164520997, 34.137754074891802 ], [ -118.36882065735, 34.137753468748699 ], [ -118.368821116903007, 34.137752863505 ], [ -118.368821577356002, 34.137752257361903 ], [ -118.368822004533996, 34.137751651218899 ], [ -118.368822430812997, 34.137751018096203 ], [ -118.368822857991006, 34.137750384973401 ], [ -118.368823251894, 34.137749751850698 ], [ -118.368823645796994, 34.137749118728003 ], [ -118.3688240388, 34.137748457726303 ], [ -118.368824399429002, 34.137747796724597 ], [ -118.368824726781995, 34.137747136622203 ], [ -118.368825087410002, 34.137746475620503 ], [ -118.368825382387996, 34.137745815518102 ], [ -118.368825709741003, 34.137745155415701 ], [ -118.368826003818995, 34.137744467434402 ], [ -118.368828685596995, 34.137737918571197 ], [ -118.368941676418999, 34.137768845357101 ], [ -118.368930822501994, 34.137795477880204 ], [ -118.368930528422993, 34.137796165861502 ], [ -118.368930266720994, 34.1377968538429 ], [ -118.368930038293001, 34.1377975409249 ], [ -118.368929810764001, 34.137798255885997 ], [ -118.368929582335994, 34.137798943867402 ], [ -118.368929387183996, 34.137799631848701 ], [ -118.368929225306005, 34.137800346809698 ], [ -118.368929030152998, 34.137801061770801 ], [ -118.368928900650005, 34.137801748852802 ], [ -118.368928738771999, 34.137802463813799 ], [ -118.368928642545001, 34.137803178774803 ], [ -118.368928513941995, 34.137803893735899 ], [ -118.368928417714002, 34.137804607797598 ], [ -118.368928354762005, 34.137805322758602 ], [ -118.368928291808999, 34.137806037719599 ], [ -118.368928228857001, 34.137806751781298 ], [ -118.368928199178995, 34.137807466742402 ], [ -118.368928169501999, 34.137808208682998 ], [ -118.368928172199006, 34.137808922744703 ], [ -118.368928175796995, 34.1378096377058 ], [ -118.368928211769997, 34.137810351767399 ], [ -118.368928247743, 34.137811065829197 ], [ -118.368928316989994, 34.137811780790202 ], [ -118.368928386237997, 34.137812521831599 ], [ -118.368928455486, 34.137813236792603 ], [ -118.368928591284003, 34.137813950854301 ], [ -118.368928692907005, 34.137814637037103 ], [ -118.368928828704995, 34.137815351098702 ], [ -118.368928963602997, 34.137816065160401 ], [ -118.368929131776, 34.137816779222099 ], [ -118.368929300849004, 34.137817493283798 ], [ -118.368929502296993, 34.137818179466599 ], [ -118.368929703744996, 34.137818893528198 ], [ -118.368929937569007, 34.137819579711 ], [ -118.368930172291996, 34.137820265893701 ], [ -118.368930406114998, 34.137820952076403 ], [ -118.368930674113003, 34.137821638259197 ], [ -118.368930941212, 34.137822324441899 ], [ -118.368931241585997, 34.137823010624601 ], [ -118.368931541959, 34.137823668928398 ], [ -118.368931875607998, 34.1378243551111 ], [ -118.368932209256002, 34.137825013414798 ], [ -118.368932575279999, 34.137825671718502 ], [ -118.368932908928997, 34.1378263300222 ], [ -118.368933308227994, 34.137826961346299 ], [ -118.368933674252006, 34.137827619650103 ], [ -118.368934073551003, 34.137828250074797 ], [ -118.368934506125001, 34.137828880499598 ], [ -118.368934938698999, 34.137829511823703 ], [ -118.368935371272002, 34.137830115268699 ], [ -118.368935836221993, 34.137830745693499 ], [ -118.368936301171004, 34.137831321259704 ], [ -118.368936767020003, 34.1378319238054 ], [ -118.368937265244995, 34.137832527250403 ], [ -118.368937763469006, 34.1378331028166 ], [ -118.368938294968004, 34.137833678382698 ], [ -118.368938825567994, 34.137834253948803 ], [ -118.368939357068001, 34.137834801635897 ], [ -118.368939921841999, 34.137835377202002 ], [ -118.368940485717005, 34.137835924889202 ], [ -118.368941049591996, 34.137836444697299 ], [ -118.368941646742002, 34.137836965404802 ], [ -118.368942243891993, 34.137837486112304 ], [ -118.368942874316005, 34.137838005920401 ], [ -118.368943471465997, 34.137838498748899 ], [ -118.368944100991996, 34.137838991577297 ], [ -118.368944764690994, 34.137839483506497 ], [ -118.368945394216993, 34.137839949355403 ], [ -118.368946057016998, 34.137840414304897 ], [ -118.368946720717005, 34.137840879254298 ], [ -118.368947415893004, 34.137841317224201 ], [ -118.368948111967995, 34.137841754294698 ], [ -118.368948808043001, 34.1378421922645 ], [ -118.368949504118007, 34.137842602355398 ], [ -118.368950232569006, 34.137843012446197 ], [ -118.368950928645006, 34.137843394658098 ], [ -118.368951657094996, 34.13784377687 ], [ -118.368952418820996, 34.137844159081801 ], [ -118.368953147271995, 34.137844514313997 ], [ -118.368953908997995, 34.1378448695462 ], [ -118.368954670723994, 34.137845223879197 ], [ -118.368955432448999, 34.137845552131701 ], [ -118.368956590775994, 34.137846015282499 ], [ -118.369280483409995, 34.1379730229378 ], [ -118.369295413054999, 34.137978885618203 ], [ -118.369298359233994, 34.137980030455203 ], [ -118.369307198670001, 34.137983630441397 ], [ -118.369316005730994, 34.137987368023701 ], [ -118.369324681490994, 34.137991216222801 ], [ -118.369333323975994, 34.137995228997802 ], [ -118.36934183516, 34.137999325409702 ], [ -118.369350280692998, 34.138003558518598 ], [ -118.369358661475005, 34.138007902243999 ], [ -118.369366910056996, 34.138012383565801 ], [ -118.369375092089001, 34.138016974604902 ], [ -118.369383143719006, 34.138021704139497 ], [ -118.369391129698997, 34.138026543391398 ], [ -118.369398983478007, 34.138031465380998 ], [ -118.369406771607004, 34.138036525866099 ], [ -118.369414428434993, 34.138041695169299 ], [ -118.369421953962004, 34.138046975988402 ], [ -118.369429412938999, 34.138052366524597 ], [ -118.36943670734, 34.138057867677603 ], [ -118.369443936091002, 34.138063450668803 ], [ -118.369451001165004, 34.138069172155802 ], [ -118.369457966414004, 34.138074976380203 ], [ -118.369464800361996, 34.138080891221399 ], [ -118.369471535385003, 34.138086888799997 ], [ -118.369478105832002, 34.138092996096098 ], [ -118.369479997105998, 34.138094804632701 ], [ -118.369484577353006, 34.138099187028999 ], [ -118.369490916675005, 34.138105487679297 ], [ -118.369497091420001, 34.138111844087497 ], [ -118.369503168139005, 34.138118338091999 ], [ -118.369509079382993, 34.138124886955097 ], [ -118.369514859324994, 34.1381315194552 ], [ -118.369520507068003, 34.138138261672601 ], [ -118.369526022610003, 34.138145059647897 ], [ -118.369635721912999, 34.138283272855901 ], [ -118.369639875882001, 34.138288425971197 ], [ -118.369644161151001, 34.138293496349 ], [ -118.369648512070995, 34.138298484888303 ], [ -118.369652962816005, 34.138303444649402 ], [ -118.369657544861994, 34.138308321672902 ], [ -118.369662225832997, 34.138313143837699 ], [ -118.369667005729994, 34.138317883264897 ], [ -118.369671883652998, 34.1383225669341 ], [ -118.369676861399995, 34.138327140885998 ], [ -118.369681904798, 34.1383316869589 ], [ -118.369687079496998, 34.138336150294201 ], [ -118.369692320745997, 34.138340530892002 ], [ -118.369697660021004, 34.138344828751997 ], [ -118.369702567621005, 34.138348632884302 ], [ -118.369703098220995, 34.138349043874499 ], [ -118.369708635346996, 34.1383532032389 ], [ -118.369714239022997, 34.138357252886102 ], [ -118.369718813874002, 34.138360481452203 ], [ -118.369892578182004, 34.138480719910397 ], [ -118.369898446258006, 34.138484823516997 ], [ -118.369906933161005, 34.138490980275698 ], [ -118.369915322037002, 34.138497247651003 ], [ -118.369923578712005, 34.138503624743599 ], [ -118.369931704086994, 34.138510140331803 ], [ -118.369939664886004, 34.138516737758401 ], [ -118.369947493484005, 34.1385234736805 ], [ -118.369955190781994, 34.138530320219203 ], [ -118.369962723502994, 34.138537276475297 ], [ -118.370074225048, 34.138641877521799 ], [ -118.370122774948001, 34.1386874254855 ], [ -118.370126757145997, 34.138691205336002 ], [ -118.370134988640999, 34.138699204805597 ], [ -118.370143021385005, 34.138707286113501 ], [ -118.370150923728005, 34.138715505916998 ], [ -118.370158627321004, 34.138723835437801 ], [ -118.370166166337995, 34.138732303454198 ], [ -118.370169886832997, 34.138736605810799 ], [ -118.370173507502997, 34.138740827228503 ], [ -118.370180684093, 34.138749488599203 ], [ -118.370187696106996, 34.138758259687101 ], [ -118.370194510271006, 34.138767114411998 ], [ -118.370201126582998, 34.138776079753399 ], [ -118.370207544145003, 34.138785128731897 ], [ -118.370213798029994, 34.138794287427601 ], [ -118.370219819891005, 34.138803501881299 ], [ -118.370225678075002, 34.1388128269516 ], [ -118.370231337508002, 34.138822234759502 ], [ -118.370236799091003, 34.138831725305003 ], [ -118.370242062822996, 34.138841271608598 ], [ -118.370247128703994, 34.138850901548999 ], [ -118.370251963458998, 34.138860614227099 ], [ -118.370256600364002, 34.138870409642799 ], [ -118.370259904473002, 34.138877709439903 ], [ -118.370261039417997, 34.1388802338369 ], [ -118.370265280620004, 34.138890140768602 ], [ -118.370269323073003, 34.138900103458198 ], [ -118.370273135299001, 34.138910148885401 ], [ -118.370276748774998, 34.1389202221917 ], [ -118.370280132025002, 34.138930352155199 ], [ -118.370283316523995, 34.138940509098397 ], [ -118.370286269898003, 34.1389507496785 ], [ -118.370289024521, 34.138960991158001 ], [ -118.370291582193005, 34.138971315375102 ], [ -118.370293875464, 34.138981640491501 ], [ -118.370296003259995, 34.138991993486897 ], [ -118.370297866654994, 34.139002402240202 ], [ -118.370299532199994, 34.139012811892897 ], [ -118.370300795746999, 34.1390219858771 ], [ -118.370300999893004, 34.139023276404203 ], [ -118.370302202286993, 34.139033741814899 ], [ -118.370303240105002, 34.139044208124901 ], [ -118.370304014420995, 34.139054703213098 ], [ -118.370304589087993, 34.139065198301402 ], [ -118.370304933528004, 34.139075721268703 ], [ -118.370305045942999, 34.139086218155597 ], [ -118.370305278868003, 34.1392432865496 ], [ -118.370305318438, 34.139244742552002 ], [ -118.370305358007997, 34.139246171574698 ], [ -118.370305430852994, 34.1392476005974 ], [ -118.370305536074, 34.139249028720798 ], [ -118.370305674568996, 34.139250484723199 ], [ -118.370305846340003, 34.139251913746001 ], [ -118.370306050485993, 34.139253341869399 ], [ -118.370306255531005, 34.139254769992696 ], [ -118.370306526226997, 34.139256170237303 ], [ -118.370306829298997, 34.139257598360601 ], [ -118.370307133270003, 34.139259026483998 ], [ -118.370307470515002, 34.139260426728498 ], [ -118.370307840137002, 34.139261826972898 ], [ -118.370308275409002, 34.139263227217299 ], [ -118.370308711579995, 34.139264627461699 ], [ -118.370309146851994, 34.139265999827202 ], [ -118.370309648673, 34.139267372192599 ], [ -118.370310183770002, 34.139268744558102 ], [ -118.370310718867003, 34.139270116923598 ], [ -118.370311319614004, 34.139271461409997 ], [ -118.370311920361004, 34.139272833775401 ], [ -118.370312554383005, 34.139274150382903 ], [ -118.370313220781, 34.139275494869302 ], [ -118.370313921353002, 34.139276812376202 ], [ -118.370314621025003, 34.139278128983598 ], [ -118.370315386347997, 34.139279417712103 ], [ -118.370316152570993, 34.1392807073399 ], [ -118.370316951167993, 34.139281969088799 ], [ -118.370317783041003, 34.1392832299383 ], [ -118.370318647290006, 34.1392844916871 ], [ -118.370319512438002, 34.139285725556903 ], [ -118.370320409960996, 34.139286959426798 ], [ -118.370321340759006, 34.139288165417597 ], [ -118.370322304832996, 34.139289371408502 ], [ -118.370323301281005, 34.139290550419702 ], [ -118.370324297729994, 34.139291728531603 ], [ -118.370325327453997, 34.139292879663799 ], [ -118.370326389553, 34.139294002917097 ], [ -118.370327452552004, 34.1392951540493 ], [ -118.370328547925993, 34.139296249423602 ], [ -118.370329676574997, 34.139297345697102 ], [ -118.370330837599994, 34.1392984131924 ], [ -118.370331999523998, 34.139299481587003 ], [ -118.370333193823996, 34.139300522102602 ], [ -118.370334420499006, 34.139301534739197 ], [ -118.370335648074004, 34.139302548275097 ], [ -118.370336908024001, 34.139303533032802 ], [ -118.370338167973998, 34.139304518689698 ], [ -118.370339461198995, 34.139305476467698 ], [ -118.370340787699007, 34.139306407265998 ], [ -118.370342113299998, 34.139307309286103 ], [ -118.370343472176003, 34.1393082122054 ], [ -118.370344864326, 34.139309087245699 ], [ -118.370346255577005, 34.1393099353065 ], [ -118.370347647727996, 34.139310782467803 ], [ -118.370349105529002, 34.139311574770502 ], [ -118.370350530055006, 34.139312367073202 ], [ -118.370351986957004, 34.139313132396303 ], [ -118.370353478032996, 34.139313896819999 ], [ -118.370354968209, 34.139314634264103 ], [ -118.370356458385999, 34.139315344728502 ], [ -118.370357981837003, 34.139316026414697 ], [ -118.370359537664996, 34.139316681121102 ], [ -118.370361093491994, 34.1393173088479 ], [ -118.370362087242995, 34.139317718039401 ], [ -118.370537610623998, 34.139386674456603 ], [ -118.370687014097001, 34.139445377703197 ], [ -118.370836418468002, 34.139504081849097 ], [ -118.370985822839998, 34.139562758116 ], [ -118.371060507937997, 34.139592123678703 ], [ -118.371135227210999, 34.139621461362502 ], [ -118.371283510127995, 34.139679723941299 ], [ -118.371284631582995, 34.139680164609103 ], [ -118.371319880510001, 34.139694011470603 ], [ -118.371320346358999, 34.139694194032998 ], [ -118.371423022856007, 34.1397345268281 ], [ -118.371425247779001, 34.139773687806603 ], [ -118.371429576216002, 34.140001548134101 ], [ -118.371425294543997, 34.140229409360899 ], [ -118.371412407259001, 34.140457045757302 ], [ -118.371390926952003, 34.140684233391802 ], [ -118.371360874307001, 34.140910748333603 ], [ -118.371322279900994, 34.141136365751798 ], [ -118.371275180607, 34.141360864413599 ], [ -118.371219624087999, 34.141584022186002 ], [ -118.371155664304993, 34.141805617836098 ], [ -118.371083363308998, 34.1420254346273 ], [ -118.371002794844998, 34.1422432549234 ], [ -118.370914036255996, 34.142458862887302 ], [ -118.370817175674006, 34.142672046279003 ], [ -118.370712309327999, 34.142882594657102 ], [ -118.370599540637997, 34.143090300278303 ], [ -118.370478979324005, 34.143294958097002 ], [ -118.370350745891997, 34.143496365765898 ], [ -118.370214966250003, 34.143694325433898 ], [ -118.370071774395001, 34.143888641049102 ], [ -118.369921311520997, 34.144079121055697 ], [ -118.369763726016998, 34.144265576596297 ], [ -118.369599173465005, 34.144447825108202 ], [ -118.369427816642997, 34.144625685827897 ], [ -118.369249824622003, 34.144798983387503 ], [ -118.369065372771004, 34.144967546016602 ], [ -118.368874642752999, 34.145131208239803 ], [ -118.368677823425003, 34.145289809078598 ], [ -118.368475108141993, 34.145443190252202 ], [ -118.368266698352002, 34.1455912015739 ], [ -118.368052798199997, 34.145733696454101 ], [ -118.367833619928007, 34.1458705345986 ], [ -118.367609379371999, 34.146001581109203 ], [ -118.367380298664003, 34.146126705584201 ], [ -118.367146602635998, 34.1462457857156 ], [ -118.366908522412999, 34.1463587036923 ], [ -118.366666293617001, 34.146465347099202 ], [ -118.366420154568999, 34.146565611614797 ], [ -118.366170348085006, 34.146659398313702 ], [ -118.365917121479995, 34.146746614565799 ], [ -118.365660723865005, 34.146827174035998 ], [ -118.365401409748998, 34.146900996684799 ], [ -118.365139433639996, 34.146968010566397 ], [ -118.364875054541997, 34.147028149130897 ], [ -118.364608533259002, 34.147081353023196 ], [ -118.364340134192005, 34.147127570082503 ], [ -118.364070120841006, 34.147166753543999 ], [ -118.363798759407004, 34.147198866535597 ], [ -118.363526318786995, 34.147223875782402 ], [ -118.363253067876997, 34.147241757002703 ], [ -118.362979276475002, 34.1472524931092 ], [ -118.362705214376007, 34.147256072410897 ], [ -118.362431152278006, 34.1472524931092 ], [ -118.362157360875997, 34.147241757002597 ], [ -118.361884109965999, 34.147223875782402 ], [ -118.361611669344995, 34.147198866535597 ], [ -118.361340307910993, 34.147166753543999 ], [ -118.361070294561003, 34.147127570082503 ], [ -118.360801895492997, 34.147081353023196 ], [ -118.360535374210002, 34.147028149130897 ], [ -118.360270995112003, 34.146968010566397 ], [ -118.360009019003002, 34.146900996684799 ], [ -118.359749704886994, 34.146827174035998 ], [ -118.359493307272004, 34.146746614565799 ], [ -118.359240080667007, 34.146659398313801 ], [ -118.358990274183995, 34.146565611614797 ], [ -118.358744135136007, 34.146465347099202 ], [ -118.358501906339995, 34.1463587036923 ], [ -118.358263826116996, 34.1462457857156 ], [ -118.358030130089006, 34.146126705584201 ], [ -118.357801049380996, 34.146001581109203 ], [ -118.357576808825002, 34.1458705345987 ], [ -118.357357630552002, 34.145733696454101 ], [ -118.357143730401006, 34.145591201573801 ], [ -118.356935320611001, 34.145443190252102 ], [ -118.356732605328006, 34.145289809078598 ], [ -118.356535786, 34.145131208239803 ], [ -118.356345055982004, 34.144967546016602 ], [ -118.356160604131006, 34.144798983387503 ], [ -118.355982612109997, 34.144625685827897 ], [ -118.355811255286994, 34.144447825108202 ], [ -118.355646702735001, 34.144265576596297 ], [ -118.355489117231002, 34.144079121055697 ], [ -118.355338654357993, 34.143888641049102 ], [ -118.355195462503005, 34.143694325433898 ], [ -118.355059682860002, 34.143496365765898 ], [ -118.354931449429003, 34.143294958097002 ], [ -118.354810888114002, 34.143090300278303 ], [ -118.354785607272007, 34.143043736979998 ], [ -118.355052680739007, 34.143059249385999 ], [ -118.355418645455998, 34.1430805066612 ], [ -118.355625416682003, 34.1430925171071 ], [ -118.356903898298, 34.143166776826497 ], [ -118.359094559568007, 34.143115450718597 ], [ -118.359175926630002, 34.143099668516101 ], [ -118.359412844928997, 34.143107454846302 ], [ -118.359413000512006, 34.143099990473402 ], [ -118.359413974476993, 34.143053576462599 ], [ -118.359413976276002, 34.143053491926302 ] ] ], [ [ [ -118.340699093490002, 34.145524826210902 ], [ -118.340752479944996, 34.145519399701698 ], [ -118.340751058116993, 34.145511242850702 ], [ -118.340745771003, 34.1454789149211 ], [ -118.340741177265997, 34.145446530334297 ], [ -118.340737481052003, 34.1454155999511 ], [ -118.340737276905998, 34.145414089090103 ], [ -118.340734070823004, 34.145381590289297 ], [ -118.340731525741006, 34.145349035730597 ], [ -118.340729640762007, 34.145316478473802 ], [ -118.340728483334999, 34.145283863660502 ], [ -118.340728033673997, 34.145254655479199 ], [ -118.341123466477001, 34.145228259477797 ], [ -118.341124721030994, 34.145260378764597 ], [ -118.341129488337003, 34.145383910540197 ], [ -118.341084178694004, 34.145405431316803 ], [ -118.340918942656998, 34.145484096814798 ], [ -118.340869736250994, 34.145507532247997 ], [ -118.340699093490002, 34.145524826210902 ] ] ], [ [ [ -118.347450894944998, 34.145245341200699 ], [ -118.347700705026, 34.145339113510502 ], [ -118.347946850368999, 34.145439362737598 ], [ -118.348189086359, 34.145545990855901 ], [ -118.348427176474999, 34.145658891745697 ], [ -118.348660884194999, 34.145777953890601 ], [ -118.348889978391995, 34.145903061278403 ], [ -118.349114234237007, 34.1460340889032 ], [ -118.349333430496003, 34.146170908161999 ], [ -118.349547349532997, 34.1463133841565 ], [ -118.349755781805996, 34.146461376592498 ], [ -118.349958520471006, 34.146614738880203 ], [ -118.350155366779006, 34.146773319034601 ], [ -118.350346124675994, 34.146936962372102 ], [ -118.350530607104005, 34.147105506115402 ], [ -118.350708631499998, 34.147278783889902 ], [ -118.350880022496995, 34.147456625723798 ], [ -118.351044611022004, 34.147638854450697 ], [ -118.351202234298, 34.147825292004804 ], [ -118.351352736742001, 34.148015754025003 ], [ -118.351495969965001, 34.148210052552997 ], [ -118.351631792774995, 34.148407995134001 ], [ -118.351760070273002, 34.148609386615 ], [ -118.351880677452996, 34.148814029145299 ], [ -118.351993492907994, 34.149021719477901 ], [ -118.352098407816996, 34.149232254366197 ], [ -118.352195316063003, 34.149445424268102 ], [ -118.352284124115002, 34.149661020540798 ], [ -118.352364743839999, 34.149878829145798 ], [ -118.352437094299006, 34.150098635145 ], [ -118.352501105344004, 34.150320222701303 ], [ -118.352556713124002, 34.1505433723799 ], [ -118.352603862780001, 34.150767863847001 ], [ -118.352642507547998, 34.150993475869399 ], [ -118.352672609655002, 34.151219985415203 ], [ -118.352694139424997, 34.151447169452503 ], [ -118.352707075273003, 34.151674804050202 ], [ -118.352711403710003, 34.151902663478303 ], [ -118.352707122037998, 34.152130523805802 ], [ -118.352694232955002, 34.152358160202098 ], [ -118.352672749950003, 34.1525853469374 ], [ -118.352642692808004, 34.152811860979703 ], [ -118.352604093007002, 34.153037478398097 ], [ -118.352556987417003, 34.153261977059799 ], [ -118.352501422805005, 34.153485133932897 ], [ -118.352437453128005, 34.153706729583099 ], [ -118.352365143138996, 34.153926546374201 ], [ -118.352284562983996, 34.154144365771103 ], [ -118.352195791803993, 34.154359972835699 ], [ -118.352098918631995, 34.154573156227301 ], [ -118.351994036996999, 34.154783703706102 ], [ -118.351881252119995, 34.154991409327302 ], [ -118.351760673718005, 34.155196066246702 ], [ -118.351632422300995, 34.1553974739154 ], [ -118.351496623771993, 34.155595433583599 ], [ -118.351353412131999, 34.155789748299398 ], [ -118.351202927675004, 34.155980228305999 ], [ -118.351045320587005, 34.1561666838465 ], [ -118.350960871549006, 34.156260200748903 ], [ -118.349776971631997, 34.153495341238099 ], [ -118.349471016875995, 34.152780801094302 ], [ -118.346333687851995, 34.145447556460702 ], [ -118.346082173555999, 34.144861993487403 ], [ -118.346155604100005, 34.144876649738698 ], [ -118.346419979600995, 34.144936778410802 ], [ -118.346681953911002, 34.145003781500499 ], [ -118.346941268026995, 34.145077592458101 ], [ -118.347197665642, 34.145158139337802 ], [ -118.347450894944998, 34.145245341200699 ] ] ], [ [ [ -118.372347007909994, 34.154935588407803 ], [ -118.372613556172993, 34.154988783306898 ], [ -118.372877964048996, 34.155048911978803 ], [ -118.373139968936002, 34.155115915068599 ], [ -118.373399313630003, 34.155189726026201 ], [ -118.373655742720004, 34.155270272006597 ], [ -118.373909001700994, 34.1553574738695 ], [ -118.374158841460002, 34.155451246179297 ], [ -118.374405015581004, 34.1555514954063 ], [ -118.374647281248997, 34.155658122625397 ], [ -118.374885399243993, 34.155771023515101 ], [ -118.375119134841995, 34.155890085660097 ], [ -118.375348256918997, 34.1560151930478 ], [ -118.375572539743004, 34.156146220672703 ], [ -118.375791762082002, 34.156283039931502 ], [ -118.376005706300006, 34.156425515926003 ], [ -118.376214163754995, 34.156573507462603 ], [ -118.376416926702007, 34.156726868851102 ], [ -118.376613795492005, 34.156885449904699 ], [ -118.376804576772003, 34.157049092342902 ], [ -118.376989080784, 34.157217635186903 ], [ -118.377167126763993, 34.157390912961397 ], [ -118.377338538445002, 34.1575687547953 ], [ -118.377503145855997, 34.157750983522199 ], [ -118.377660788016996, 34.157937421076298 ], [ -118.377811308446994, 34.158127882197199 ], [ -118.377954558758006, 34.158322179825902 ], [ -118.378090397755997, 34.158520122406898 ], [ -118.378218691442001, 34.158721513887897 ], [ -118.378339312112004, 34.158926155518799 ], [ -118.378452141954995, 34.159133846750798 ], [ -118.378557068556006, 34.159344380739697 ], [ -118.378653989392006, 34.159557550641601 ], [ -118.378742807337005, 34.159773146014999 ], [ -118.378823436055001, 34.159990953720801 ], [ -118.378895795507006, 34.160210759719902 ], [ -118.378959813747002, 34.1604323472761 ], [ -118.379015428721004, 34.160655496055398 ], [ -118.379062583773006, 34.160879987522598 ], [ -118.379101233038, 34.161105598645598 ], [ -118.379123683713004, 34.161274504815701 ], [ -118.379364352184993, 34.161302975552999 ], [ -118.379634412300007, 34.161342153618598 ], [ -118.379902859032001, 34.1613883616847 ], [ -118.380169427978998, 34.161441557483101 ], [ -118.380433855640007, 34.161501685255701 ], [ -118.380695880312999, 34.161568688345398 ], [ -118.380955244790997, 34.161642499302999 ], [ -118.381211692766996, 34.161723045283502 ], [ -118.381464971533006, 34.161810247146299 ], [ -118.381714831077005, 34.161904019456102 ], [ -118.381961024084006, 34.1620042677839 ], [ -118.382203307739005, 34.162110895902302 ], [ -118.382441443719998, 34.162223795892601 ], [ -118.382675197305005, 34.162342858936903 ], [ -118.382904336468002, 34.1624679654254 ], [ -118.383128636379993, 34.162598993050203 ], [ -118.383347874907003, 34.162735811409704 ], [ -118.383561836211996, 34.162878287404197 ], [ -118.383770308954993, 34.163026278940798 ], [ -118.38397308719, 34.163179640329297 ], [ -118.384169971269003, 34.163338221383 ], [ -118.384360766938002, 34.163501863821097 ], [ -118.384545285339001, 34.163670406665098 ], [ -118.384723344809004, 34.163843684439598 ], [ -118.384894769080006, 34.164021525374203 ], [ -118.385059389980995, 34.164203754101102 ], [ -118.385217043834004, 34.164390191655201 ], [ -118.385367575955001, 34.164580652776102 ], [ -118.385510837058007, 34.164774950404798 ], [ -118.385646685948004, 34.164972892086503 ], [ -118.385774988627006, 34.165174283567502 ], [ -118.385895619189995, 34.165378925198297 ], [ -118.386008457127005, 34.165586615530998 ], [ -118.386113391821993, 34.165797149520003 ], [ -118.386210319851997, 34.1660103194219 ], [ -118.386299144991995, 34.1662259138959 ], [ -118.386379780005001, 34.166443722500901 ], [ -118.386452144852996, 34.166663527600903 ], [ -118.386516168488996, 34.166885114257802 ], [ -118.386571787060006, 34.1671082630371 ], [ -118.386618945709998, 34.167332754504201 ], [ -118.386657598571006, 34.167558365627201 ], [ -118.386687706974001, 34.167784875172998 ], [ -118.386709240341006, 34.168012058311 ], [ -118.386722178887993, 34.168239692009301 ], [ -118.386726508224001, 34.168467551437502 ], [ -118.386722225651994, 34.168695410865702 ], [ -118.386709333870996, 34.1689230463627 ], [ -118.386687846369, 34.169150233097902 ], [ -118.386657783832007, 34.169376746240999 ], [ -118.386619176836007, 34.169602363659301 ], [ -118.386572061354002, 34.169826860522399 ], [ -118.386516485949002, 34.170050017395504 ], [ -118.386452504581996, 34.170271613045699 ], [ -118.386380180203005, 34.170491428038197 ], [ -118.386299583861003, 34.170709247434999 ], [ -118.386210795593996, 34.170924854499603 ], [ -118.386113903536, 34.1711380360926 ], [ -118.386009001217005, 34.171348583571401 ], [ -118.385896194756, 34.171556288293203 ], [ -118.385775592971001, 34.171760945212696 ], [ -118.385647316372996, 34.171962352881401 ], [ -118.385511490864999, 34.172160311650202 ], [ -118.385368251345994, 34.172354626366001 ], [ -118.385217738110001, 34.172545104574098 ], [ -118.385060099545996, 34.172731560114599 ], [ -118.384895492135001, 34.172913807727198 ], [ -118.384724077756005, 34.173091667547602 ], [ -118.384546026379994, 34.173264964207902 ], [ -118.384361511576998, 34.173433525937597 ], [ -118.384170717706994, 34.173597188160898 ], [ -118.383973832728003, 34.173755787201003 ], [ -118.383771049996, 34.1739091683746 ], [ -118.383562569158997, 34.1740571787969 ], [ -118.383348597961998, 34.174199672777803 ], [ -118.383129345944994, 34.174336510922402 ], [ -118.382905030744993, 34.174467556533699 ], [ -118.382675872695003, 34.1745926801092 ], [ -118.382442098425997, 34.174711760240598 ], [ -118.382203938163002, 34.174824677318199 ], [ -118.381961627528995, 34.174931320725101 ], [ -118.381910470494006, 34.174952152620897 ], [ -118.381718065038996, 34.175064555286198 ], [ -118.381488905191006, 34.175189679761097 ], [ -118.381255129123005, 34.175308758993197 ], [ -118.381016967961003, 34.175421676070599 ], [ -118.380774655528, 34.1755283194775 ], [ -118.380528431944001, 34.175628583993102 ], [ -118.380278540025003, 34.175722369792702 ], [ -118.380025227085, 34.175809585145402 ], [ -118.379768742235996, 34.1758901446156 ], [ -118.379509338187006, 34.175963967264401 ], [ -118.379247272146003, 34.176030980246701 ], [ -118.378982803116003, 34.1760911188112 ], [ -118.378716191001999, 34.1761443227035 ], [ -118.378447699304004, 34.176190538863402 ], [ -118.378177593323002, 34.176229723224303 ], [ -118.377906139258997, 34.176261835316602 ], [ -118.377633605108997, 34.1762868445634 ], [ -118.377360260670002, 34.176304725783702 ], [ -118.377086375738003, 34.176315461890198 ], [ -118.376812219211004, 34.176319041191903 ], [ -118.376538062684006, 34.176315461890198 ], [ -118.376264177752006, 34.176304725783702 ], [ -118.375990833312002, 34.1762868445634 ], [ -118.375718299162003, 34.176261835316602 ], [ -118.375446845097997, 34.176229723224303 ], [ -118.375176739116995, 34.176190538863501 ], [ -118.374908247419995, 34.1761443227035 ], [ -118.374641635304997, 34.1760911188112 ], [ -118.374377166274996, 34.176030980246701 ], [ -118.374115100233993, 34.175963967264401 ], [ -118.373855696185998, 34.1758901446156 ], [ -118.373599211336995, 34.175809585145402 ], [ -118.373345898397005, 34.175722369792702 ], [ -118.373096006477994, 34.175628583993102 ], [ -118.372849782892999, 34.1755283194775 ], [ -118.372607470461006, 34.175421676070698 ], [ -118.372369309297994, 34.175308758993197 ], [ -118.372135533229994, 34.175189679761097 ], [ -118.371906373382998, 34.175064555286198 ], [ -118.371682056384003, 34.174933509674901 ], [ -118.371462802568004, 34.174796672429601 ], [ -118.371248829571996, 34.174654177549399 ], [ -118.371040347836001, 34.174506167127099 ], [ -118.370837564203995, 34.174352786852801 ], [ -118.370640676527998, 34.174194186913297 ], [ -118.370449881759001, 34.174030525589501 ], [ -118.370265366056003, 34.173861962960402 ], [ -118.370170376063996, 34.173769510855401 ], [ -118.370159901660003, 34.173760525728902 ], [ -118.369975386857007, 34.173591963099803 ], [ -118.369797334580994, 34.173418666439503 ], [ -118.369625919303004, 34.173240806619098 ], [ -118.369461311891996, 34.173058559905797 ], [ -118.369303672428998, 34.172872104365197 ], [ -118.369153159193004, 34.172681625258001 ], [ -118.369009918775006, 34.172487310542103 ], [ -118.368874092368003, 34.172289352672699 ], [ -118.368745815769003, 34.172087945003803 ], [ -118.368625213984998, 34.171883288084501 ], [ -118.368512405724999, 34.171675583362699 ], [ -118.368407504304997, 34.171465035883898 ], [ -118.368310610448006, 34.171251853391503 ], [ -118.368221822180999, 34.1710362463268 ], [ -118.368141225838997, 34.170818427829403 ], [ -118.368068901461001, 34.170598612836898 ], [ -118.368004919193993, 34.170377017186802 ], [ -118.367949343788993, 34.170153860313498 ], [ -118.367902228307003, 34.1699293634505 ], [ -118.367863621311002, 34.169703746032198 ], [ -118.367833558773995, 34.169477232889101 ], [ -118.367812070373006, 34.169250046153799 ], [ -118.367799179491001, 34.1690224106569 ], [ -118.367797389840007, 34.168927193136597 ], [ -118.367746617714005, 34.168914209624198 ], [ -118.367487236149003, 34.168840386975504 ], [ -118.367230771985007, 34.168759827505198 ], [ -118.366977479729002, 34.168672612152498 ], [ -118.366727608494003, 34.168578825453601 ], [ -118.366481405594001, 34.168478560937999 ], [ -118.366239113846007, 34.168371917531097 ], [ -118.366000971570003, 34.168259000453602 ], [ -118.365767215286994, 34.168139921221503 ], [ -118.365538074325002, 34.168014796746597 ], [ -118.365313776212005, 34.1678837511353 ], [ -118.365094541282005, 34.1677469129908 ], [ -118.364880585373001, 34.167604418110599 ], [ -118.364672121623002, 34.167456407688199 ], [ -118.364469354178993, 34.167303026514702 ], [ -118.36427248359, 34.167144427474497 ], [ -118.364081704108997, 34.166980765251303 ], [ -118.363897203695004, 34.166812202622197 ], [ -118.363719165809002, 34.166638905961896 ], [ -118.363547764019998, 34.166461046141499 ], [ -118.363383169200006, 34.1662787985289 ], [ -118.363225543225994, 34.166092342988399 ], [ -118.363075041681995, 34.165901863881103 ], [ -118.362931812056004, 34.165707549165198 ], [ -118.362795997340001, 34.165509590396397 ], [ -118.362667730633007, 34.1653081827276 ], [ -118.362547138742002, 34.165103525808199 ], [ -118.362434339475001, 34.164895821086397 ], [ -118.362329446149005, 34.164685273607702 ], [ -118.362232560386005, 34.164472090215902 ], [ -118.362143779313996, 34.164256483151298 ], [ -118.362063189267005, 34.164038664653802 ], [ -118.361990870284998, 34.163818848761998 ], [ -118.361926893412999, 34.163597253111902 ], [ -118.361871322506005, 34.163374096238698 ], [ -118.361824211520002, 34.163149598476302 ], [ -118.361785606322997, 34.162923981957299 ], [ -118.361755546482996, 34.162697467915002 ], [ -118.361734060779995, 34.162470281179701 ], [ -118.361721169898004, 34.162242645682703 ], [ -118.361716887327006, 34.162014785355296 ], [ -118.361721216663, 34.161786925926997 ], [ -118.36173415431, 34.161559292228702 ], [ -118.361755685877995, 34.161332108191402 ], [ -118.361785792481996, 34.161105598645598 ], [ -118.361824441747004, 34.160879987522598 ], [ -118.361871596799006, 34.160655496055497 ], [ -118.361927211774002, 34.1604323472761 ], [ -118.361991230013004, 34.160210759719902 ], [ -118.362063589464995, 34.159990953720701 ], [ -118.362144218183005, 34.159773146014999 ], [ -118.362233036128004, 34.159557550641601 ], [ -118.362329956964004, 34.159344380739697 ], [ -118.362434883565001, 34.159133846750798 ], [ -118.362547713408006, 34.158926155518799 ], [ -118.362668334077995, 34.158721513887897 ], [ -118.362796627763998, 34.158520122406898 ], [ -118.362932466762004, 34.158322179825902 ], [ -118.363075717073002, 34.158127882197199 ], [ -118.363226237503, 34.157937421076298 ], [ -118.363383879663999, 34.157750983522199 ], [ -118.363548487074993, 34.1575687547953 ], [ -118.363719898756003, 34.157390912961397 ], [ -118.363897944735996, 34.157217635186903 ], [ -118.364082448747993, 34.157049092342902 ], [ -118.364273230028004, 34.156885449904799 ], [ -118.364470098818003, 34.156726868851102 ], [ -118.364672861765001, 34.156573507462603 ], [ -118.364881319220004, 34.156425515926003 ], [ -118.365095263437993, 34.156283039931502 ], [ -118.365314485777006, 34.156146220672703 ], [ -118.365538768600999, 34.1560151930478 ], [ -118.365767890678001, 34.155890085660097 ], [ -118.366001626276002, 34.155771023515101 ], [ -118.366239744270999, 34.155658122625397 ], [ -118.366482009939006, 34.1555514954063 ], [ -118.366728184061003, 34.155451246179297 ], [ -118.366978023819001, 34.1553574738695 ], [ -118.367231282800006, 34.155270272006597 ], [ -118.367487711891002, 34.155189726026201 ], [ -118.367747056583994, 34.155115915068599 ], [ -118.368009061471, 34.155048911978803 ], [ -118.368273469347002, 34.154988783306898 ], [ -118.368540017610002, 34.154935588407803 ], [ -118.368808443657002, 34.154889379442501 ], [ -118.369078483088003, 34.154850202276101 ], [ -118.369349869703001, 34.154818095579799 ], [ -118.369622334604998, 34.154793089930301 ], [ -118.369895609796998, 34.154775212307399 ], [ -118.370169426380002, 34.1547644779994 ], [ -118.370443512760005, 34.154760898697702 ], [ -118.370717599139994, 34.1547644779994 ], [ -118.370991415722997, 34.154775212307399 ], [ -118.371264690914998, 34.154793089930301 ], [ -118.371537155816995, 34.154818095579799 ], [ -118.371808542432007, 34.154850202276201 ], [ -118.372078581862993, 34.154889379442501 ], [ -118.372347007909994, 34.154935588407803 ] ] ], [ [ [ -118.310402338499003, 34.054544021090798 ], [ -118.310670447985004, 34.054590230056199 ], [ -118.310936681485003, 34.054643426753898 ], [ -118.311200777295994, 34.054703556325201 ], [ -118.311462473716006, 34.054770559414898 ], [ -118.311721512640005, 34.054844372171097 ], [ -118.311977638659002, 34.054924919950302 ], [ -118.312230599065003, 34.055012122712398 ], [ -118.312480143846003, 34.055105896820798 ], [ -118.312726027485994, 34.055206147846597 ], [ -118.312968007169999, 34.055312776864298 ], [ -118.313205844576004, 34.055425679552599 ], [ -118.313439304083005, 34.055544743496199 ], [ -118.313668155463006, 34.055669852682698 ], [ -118.313892173886998, 34.055800882106197 ], [ -118.314111137221005, 34.055937704062899 ], [ -118.314324829629001, 34.056080181856103 ], [ -118.314533040669005, 34.056228176090599 ], [ -118.314735564396997, 34.056381541076398 ], [ -118.314932201161994, 34.056540123928698 ], [ -118.315122756712, 34.056703769064903 ], [ -118.315307043087998, 34.056872315506098 ], [ -118.315484878625995, 34.0570455959786 ], [ -118.315656087959994, 34.057223440510498 ], [ -118.315820502017004, 34.057405671935399 ], [ -118.315977958019005, 34.057592113086699 ], [ -118.316128300382999, 34.057782576905602 ], [ -118.316271381620993, 34.057976878131598 ], [ -118.316407060540001, 34.058174823410603 ], [ -118.316535202240004, 34.058376218488903 ], [ -118.316655680816993, 34.058580863716998 ], [ -118.316768376661003, 34.058788557646999 ], [ -118.316873180054998, 34.058999095233297 ], [ -118.316969985778002, 34.059212268732303 ], [ -118.317058699401997, 34.0594278677031 ], [ -118.317139232791007, 34.059645679905401 ], [ -118.317211506807993, 34.059865489501902 ], [ -118.317275449503995, 34.060087079756002 ], [ -118.317330998828993, 34.0603102321327 ], [ -118.317378098123001, 34.060534727197002 ], [ -118.317416702420999, 34.0607603428167 ], [ -118.317446772153005, 34.060986855959797 ], [ -118.317450569090994, 34.061026962125702 ], [ -118.317451149153001, 34.061029727541097 ], [ -118.317489753451, 34.061255343160703 ], [ -118.317519823183005, 34.0614818563038 ], [ -118.317541330469993, 34.0617090439384 ], [ -118.317554251928996, 34.061936681234002 ], [ -118.317558576769002, 34.062164544259403 ], [ -118.317554298694006, 34.062392408184202 ], [ -118.317541423099996, 34.0626200472785 ], [ -118.317519962578004, 34.0628472385104 ], [ -118.317489937812994, 34.063073755250798 ], [ -118.317451378480001, 34.063299376266301 ], [ -118.317404322353994, 34.063523877625997 ], [ -118.317348816196997, 34.063747038096402 ], [ -118.317284914869006, 34.063968637343898 ], [ -118.317212680422998, 34.064188456833001 ], [ -118.317132184805004, 34.064406278927798 ], [ -118.317043508053999, 34.064621889589702 ], [ -118.316946736505002, 34.064835075679397 ], [ -118.316841965486006, 34.065045626755399 ], [ -118.316729299320002, 34.065253335074502 ], [ -118.316608848621996, 34.065457995591203 ], [ -118.316480733001995, 34.065659405958002 ], [ -118.316345077465002, 34.065857368324103 ], [ -118.316202016011999, 34.066051685737797 ], [ -118.316051690734994, 34.0662421684425 ], [ -118.315894250021998, 34.066428626680903 ], [ -118.315729848556003, 34.066610876991497 ], [ -118.315558648215003, 34.066788740409201 ], [ -118.315380818972002, 34.066962039767503 ], [ -118.315196535294007, 34.067130605094498 ], [ -118.315005980644003, 34.067294269116402 ], [ -118.314809341179995, 34.067452871753801 ], [ -118.314606811158001, 34.067606254726002 ], [ -118.314398592022997, 34.067754267846297 ], [ -118.314184887924, 34.067896764525202 ], [ -118.313965910201006, 34.068033604468397 ], [ -118.313741875589002, 34.068164652777703 ], [ -118.313513003523994, 34.068289779051298 ], [ -118.313279521534994, 34.068408860082002 ], [ -118.313041659847002, 34.068521779857399 ], [ -118.312799652283999, 34.068628425062897 ], [ -118.312553738066995, 34.068728690477798 ], [ -118.312304160910003, 34.068822478975299 ], [ -118.312051166329994, 34.068909695227397 ], [ -118.311795003439002, 34.068990255597001 ], [ -118.311535925843998, 34.069064080044399 ], [ -118.311274189854004, 34.069131094825401 ], [ -118.311010052674007, 34.069191233389901 ], [ -118.310743776007001, 34.0692444381814 ], [ -118.310475622454007, 34.0692906552407 ], [ -118.310205855518007, 34.069329840500899 ], [ -118.309934743195996, 34.069361952593198 ], [ -118.309662552587, 34.069386962739301 ], [ -118.309389551688994, 34.069404843959497 ], [ -118.309116010297998, 34.069415580066099 ], [ -118.308842199110003, 34.069419160267202 ], [ -118.308568387923003, 34.069415580066099 ], [ -118.308294846531993, 34.069404843959497 ], [ -118.308021845634002, 34.069386962739301 ], [ -118.307749655025006, 34.069361952593198 ], [ -118.307478542702995, 34.069329840500899 ], [ -118.307208775766, 34.069290655240799 ], [ -118.306940622214, 34.0692444381814 ], [ -118.306674345546995, 34.069191233389901 ], [ -118.306410208366998, 34.069131094825401 ], [ -118.306148472375995, 34.069064080044399 ], [ -118.305889394782, 34.068990255597001 ], [ -118.305633231889999, 34.068909695227397 ], [ -118.305380237310004, 34.068822478975299 ], [ -118.305130660154006, 34.068728690477798 ], [ -118.304884745935993, 34.068628425062897 ], [ -118.304642738374, 34.068521779857399 ], [ -118.304586216882001, 34.068494947684798 ], [ -118.304404876685993, 34.068408860082002 ], [ -118.304218393265998, 34.068313749581101 ], [ -118.304171394695999, 34.068289779051298 ], [ -118.303994033099997, 34.068192814148198 ], [ -118.303942522631004, 34.068164652777703 ], [ -118.303718488019996, 34.068033604468397 ], [ -118.303499510296007, 34.067896764525202 ], [ -118.303285806196996, 34.067754267846396 ], [ -118.303077587063001, 34.067606254726002 ], [ -118.302875057039998, 34.067452871753801 ], [ -118.302678417576999, 34.067294269116402 ], [ -118.302487862926995, 34.067130605094498 ], [ -118.302303579248999, 34.066962039767503 ], [ -118.302125750005004, 34.066788740409201 ], [ -118.301954549664998, 34.066610876991497 ], [ -118.301790148199004, 34.066428626681002 ], [ -118.301632707485993, 34.0662421684425 ], [ -118.301482382207993, 34.066051685737897 ], [ -118.301339320755005, 34.065857368323996 ], [ -118.301203665219006, 34.065659405958002 ], [ -118.301075549599005, 34.065457995591203 ], [ -118.300955098900999, 34.065253335074502 ], [ -118.300842432734001, 34.065045626755399 ], [ -118.300737661715999, 34.064835075679397 ], [ -118.300640890167003, 34.064621889589702 ], [ -118.300552213415997, 34.064406278927798 ], [ -118.300471717798004, 34.064188456833001 ], [ -118.300399483351995, 34.063968637343898 ], [ -118.300335582024005, 34.063747038096501 ], [ -118.300322305332003, 34.063693660635103 ], [ -118.300265606674998, 34.063497038258902 ], [ -118.300210100518001, 34.063273877788397 ], [ -118.300197909307997, 34.063215714134998 ], [ -118.300163044390999, 34.063049376428701 ], [ -118.300124485059001, 34.062823755413099 ], [ -118.300094460292996, 34.062597238672801 ], [ -118.300072999771004, 34.062370048340199 ], [ -118.300060124178003, 34.062142408346602 ], [ -118.300055847002, 34.061914544421903 ], [ -118.300056663586005, 34.061871526251103 ], [ -118.300052871144999, 34.0616695439155 ], [ -118.300057195985005, 34.061441680889999 ], [ -118.300070117443994, 34.061214043594397 ], [ -118.300091624730996, 34.060986855959797 ], [ -118.300121694463002, 34.0607603428167 ], [ -118.300160298761, 34.060534727197002 ], [ -118.300195069249, 34.060368997432398 ], [ -118.300207398054994, 34.0603102321327 ], [ -118.300262947378997, 34.060087079756102 ], [ -118.300326890075993, 34.059865489501902 ], [ -118.300399164091999, 34.059645679905401 ], [ -118.300479697482004, 34.0594278677031 ], [ -118.300568411105004, 34.059212268732303 ], [ -118.300665216827994, 34.058999095233197 ], [ -118.300770020222004, 34.058788557646999 ], [ -118.300882716066994, 34.058580863716998 ], [ -118.301003194643997, 34.058376218488903 ], [ -118.301131336344, 34.058174823410504 ], [ -118.301267015262994, 34.057976878131598 ], [ -118.301410096501002, 34.057782576905602 ], [ -118.301560438864996, 34.057592113086699 ], [ -118.301717894866997, 34.057405671935399 ], [ -118.301882308923993, 34.057223440510498 ], [ -118.302053518256997, 34.0570455959786 ], [ -118.302231353796003, 34.056872315506098 ], [ -118.302415640172001, 34.056703769064796 ], [ -118.302606195720998, 34.056540123928698 ], [ -118.302802832487004, 34.056381541076398 ], [ -118.303005356214001, 34.056228176090599 ], [ -118.303213567254005, 34.056080181856103 ], [ -118.303427259662001, 34.055937704062899 ], [ -118.303646222997003, 34.055800882106197 ], [ -118.303870241420995, 34.055669852682698 ], [ -118.304099092800996, 34.055544743496199 ], [ -118.304332552307997, 34.055425679552599 ], [ -118.304570389714002, 34.055312776864298 ], [ -118.304812369396998, 34.055206147846597 ], [ -118.304995327474003, 34.055131552680201 ], [ -118.305035329318997, 34.055115243474901 ], [ -118.305058253037998, 34.055105896820798 ], [ -118.305161609422996, 34.055067057799597 ], [ -118.305307797818998, 34.055012122712398 ], [ -118.305560758224999, 34.054924919950302 ], [ -118.305816884243995, 34.054844372171203 ], [ -118.306075923167, 34.054770559414898 ], [ -118.306337619588007, 34.0547035563253 ], [ -118.306601715398997, 34.054643426753898 ], [ -118.306867948898997, 34.054590230056199 ], [ -118.307136058384003, 34.054544021090798 ], [ -118.307405779454996, 34.0545048430252 ], [ -118.307676845011997, 34.054472735429599 ], [ -118.307948988857007, 34.054447729780101 ], [ -118.308221942090995, 34.054429851257801 ], [ -118.308495434918996, 34.054419116949802 ], [ -118.308769198441993, 34.054415537648097 ], [ -118.309042961965005, 34.054419116949802 ], [ -118.309316454793006, 34.054429851257702 ], [ -118.309589408026994, 34.054447729780101 ], [ -118.309861551870995, 34.054472735429599 ], [ -118.310132617427996, 34.0545048430252 ], [ -118.310402338499003, 34.054544021090798 ] ] ], [ [ [ -118.292766776167994, 34.061859379108199 ], [ -118.293037866006998, 34.0618914867039 ], [ -118.293307610460005, 34.061930664769498 ], [ -118.293575743328006, 34.061976874634198 ], [ -118.293842000210006, 34.062030070432499 ], [ -118.294106117604997, 34.062090200003901 ], [ -118.294367836508997, 34.062157203992903 ], [ -118.294626897914995, 34.062231015849903 ], [ -118.294883046417993, 34.062311563628903 ], [ -118.295136028407001, 34.062398766391098 ], [ -118.295385595670993, 34.062492540499498 ], [ -118.295631500894999, 34.062592790625899 ], [ -118.295873501263003, 34.0626994196437 ], [ -118.296111359354001, 34.062812322331901 ], [ -118.296344838644998, 34.062931387174899 ], [ -118.296573710710007, 34.063056495462099 ], [ -118.296797748019998, 34.0631875248855 ], [ -118.297016730240003, 34.0633243468423 ], [ -118.297230441533998, 34.063466824635398 ], [ -118.297438670559998, 34.063614818870001 ], [ -118.297641211374994, 34.063768182956501 ], [ -118.297837865226995, 34.063926765808802 ], [ -118.298028437864005, 34.0640904109449 ], [ -118.298212740427999, 34.064258956486903 ], [ -118.298390591255, 34.064432236959298 ], [ -118.298561815876994, 34.064610080591898 ], [ -118.298611995349006, 34.0646656937679 ], [ -118.298726243423005, 34.064792312916097 ], [ -118.298883712915, 34.064978753168099 ], [ -118.298931519076007, 34.065039312615397 ], [ -118.299022247181, 34.065154242375499 ], [ -118.299034068769004, 34.0651692178863 ], [ -118.299177162597999, 34.065363518212898 ], [ -118.299208685633999, 34.065409504146402 ], [ -118.299312853207994, 34.065561463491903 ], [ -118.299441005700004, 34.065762857670897 ], [ -118.299561495069, 34.065967502899099 ], [ -118.299674200805995, 34.066175196829001 ], [ -118.299779013193003, 34.066385734415299 ], [ -118.299875827909005, 34.066598907015099 ], [ -118.299964548727004, 34.066814505985803 ], [ -118.300045089311993, 34.067032317288799 ], [ -118.300117369622996, 34.0672521268853 ], [ -118.300181317715996, 34.067473717139499 ], [ -118.300236871536001, 34.067696869516098 ], [ -118.300283975327005, 34.067921364580499 ], [ -118.300322582323005, 34.068146979300799 ], [ -118.300352655653001, 34.068373492443897 ], [ -118.300374163838995, 34.068600679179198 ], [ -118.300376675644998, 34.0686449168306 ], [ -118.300386104137999, 34.068810998230099 ], [ -118.300387087095999, 34.0688283164748 ], [ -118.300388954987994, 34.068926737380202 ], [ -118.300391411936005, 34.069056179500201 ], [ -118.300387133860994, 34.069284043425 ], [ -118.300374257368006, 34.069511682519298 ], [ -118.300352794147997, 34.0697388728519 ], [ -118.300322767584007, 34.069965389592298 ], [ -118.300284204654005, 34.070191009708502 ], [ -118.300237144929994, 34.070415511068198 ], [ -118.300181634276996, 34.070638671538603 ], [ -118.300117727553001, 34.070860269886701 ], [ -118.300045487711003, 34.071080089375798 ], [ -118.299964985797999, 34.071297911470701 ], [ -118.299876300953002, 34.071513522132499 ], [ -118.299779521310001, 34.071726708222201 ], [ -118.299674742197993, 34.071937258398897 ], [ -118.299562067037996, 34.072144966718 ], [ -118.299441607345997, 34.072349627234701 ], [ -118.299313480034996, 34.0725510376015 ], [ -118.299238024217999, 34.072661140700298 ], [ -118.299282590122004, 34.072717589346396 ], [ -118.299425696540993, 34.072911889673101 ], [ -118.299561398842002, 34.073109834952099 ], [ -118.299689563024998, 34.0733112291311 ], [ -118.299810063186001, 34.073515873459897 ], [ -118.299922778815002, 34.073723567389898 ], [ -118.300027600196003, 34.073934104076798 ], [ -118.300124423005997, 34.074147277576003 ], [ -118.300213152816994, 34.074362875647402 ], [ -118.300293700596001, 34.074580686950299 ], [ -118.300365986303007, 34.074800495647501 ], [ -118.300429940691004, 34.075022085901701 ], [ -118.300485499009, 34.075245238278299 ], [ -118.300532607296006, 34.075469732443402 ], [ -118.300571217889001, 34.075695347163702 ], [ -118.300601293016996, 34.075921860306799 ], [ -118.300622803901007, 34.076149047042101 ], [ -118.300635728057998, 34.076376684337603 ], [ -118.300640052898004, 34.076604546463798 ], [ -118.300635774822993, 34.076832409489199 ], [ -118.300622897430998, 34.077060048583597 ], [ -118.300601432411995, 34.077287238916099 ], [ -118.300571403150002, 34.077513755656497 ], [ -118.300532836623006, 34.077739375772701 ], [ -118.300485772402993, 34.077963876233099 ], [ -118.300430257252998, 34.078187035804199 ], [ -118.300366345133, 34.078408635051602 ], [ -118.300294098096003, 34.0786284536414 ], [ -118.300213588988001, 34.078846275736197 ], [ -118.300124896949001, 34.079061885498803 ], [ -118.300028109211993, 34.079275071588398 ], [ -118.299923321107002, 34.079485621765201 ], [ -118.299810635154998, 34.079693330084297 ], [ -118.299690164672, 34.0798979897016 ], [ -118.299562026567997, 34.080099400068399 ], [ -118.299426347649998, 34.080297361535202 ], [ -118.299283262814001, 34.080491678949002 ], [ -118.299132912356001, 34.0806821607543 ], [ -118.298975444663, 34.080868618992803 ], [ -118.298811014419002, 34.081050869303297 ], [ -118.298639785299997, 34.081228730922398 ], [ -118.298461926379005, 34.0814020302806 ], [ -118.298277611225004, 34.081570595607701 ], [ -118.298087024199006, 34.081734259629499 ], [ -118.297890351461007, 34.081892861367599 ], [ -118.297687787263996, 34.082046244339899 ], [ -118.297479533056006, 34.082194256560797 ], [ -118.297265792085, 34.082336753239701 ], [ -118.297046777489001, 34.082473593182897 ], [ -118.296822704207003, 34.082604640592798 ], [ -118.296593794369997, 34.0827297668664 ], [ -118.296362683892994, 34.0828476185239 ], [ -118.296360272811, 34.082848847897203 ], [ -118.296122369754002, 34.082961766773302 ], [ -118.296105112663, 34.0829693705412 ], [ -118.295880321721995, 34.0830684119788 ], [ -118.295634366135005, 34.0831686773938 ], [ -118.295384745811006, 34.083262464991897 ], [ -118.295288865491003, 34.0832955132785 ], [ -118.295131708064005, 34.0833496821433 ], [ -118.294875502004999, 34.083430241613499 ], [ -118.294754107917996, 34.0834648268414 ], [ -118.294616381243003, 34.083504066061003 ], [ -118.294354600286994, 34.083571079942601 ], [ -118.294266296754003, 34.083591181588901 ], [ -118.294090418140001, 34.083631219406399 ], [ -118.293824096506995, 34.083684424197997 ], [ -118.293555897089007, 34.083730641257198 ], [ -118.293391636817006, 34.083754496673798 ], [ -118.293286085187006, 34.083769825618198 ], [ -118.2930149261, 34.083801938609703 ], [ -118.292742688725994, 34.083826947856501 ], [ -118.292469641962995, 34.083844829076803 ], [ -118.292196054705997, 34.083855565183399 ], [ -118.291922196754001, 34.083859145384402 ], [ -118.291648338802005, 34.083855565183299 ], [ -118.291374751546002, 34.083844829076703 ], [ -118.291101704781994, 34.083826947856501 ], [ -118.290829467408003, 34.083801938609803 ], [ -118.290558308320996, 34.083769825618099 ], [ -118.290288496418995, 34.083730641257198 ], [ -118.290277441052993, 34.0837287364931 ], [ -118.290020297001007, 34.083684424197997 ], [ -118.289753975368001, 34.083631219406399 ], [ -118.289698086998996, 34.083618496697497 ], [ -118.289629894106, 34.083602973499602 ], [ -118.289495973363003, 34.083576219568002 ], [ -118.289231792115999, 34.083516080104097 ], [ -118.289062499237005, 34.083472742674097 ], [ -118.288970011158995, 34.083449066222599 ], [ -118.288710890396999, 34.083375241775101 ], [ -118.288454684338006, 34.083294682304903 ], [ -118.288312086036001, 34.083245531657099 ], [ -118.288201646591006, 34.0832074651535 ], [ -118.287952027166, 34.083113677555303 ], [ -118.287745956513007, 34.083029670983699 ], [ -118.287706071580004, 34.083013412140403 ], [ -118.287464023547997, 34.082906766934897 ], [ -118.287443185357006, 34.082896877090398 ], [ -118.287226121390006, 34.082793848058799 ], [ -118.286992599830995, 34.082674767028003 ], [ -118.286763689094997, 34.0825496407545 ], [ -118.286539615812998, 34.082418593344599 ], [ -118.286320601217, 34.082281753401404 ], [ -118.286106861145001, 34.082139257621797 ], [ -118.285898606936996, 34.081991244501502 ], [ -118.285696043640002, 34.081837861529202 ], [ -118.285499370900993, 34.081679259791201 ], [ -118.285308782976003, 34.081515595769297 ], [ -118.285124468720994, 34.081347030442302 ], [ -118.284946608900995, 34.081173731083901 ], [ -118.284775380680998, 34.080995869464999 ], [ -118.284610951336006, 34.080813619154398 ], [ -118.284453483643006, 34.080627160915903 ], [ -118.284303132285999, 34.080436679110598 ], [ -118.284160047450001, 34.080242361696797 ], [ -118.284024369430995, 34.080044400230101 ], [ -118.283896231328001, 34.079842989863302 ], [ -118.283775759945001, 34.079638330245899 ], [ -118.283663074892999, 34.079430621926797 ], [ -118.283558286787994, 34.0792200717501 ], [ -118.283461499051, 34.079006886559696 ], [ -118.283372807012, 34.0787912758978 ], [ -118.283292297903003, 34.078573453803003 ], [ -118.283220050867001, 34.078353635213197 ], [ -118.283156138747003, 34.078132036865199 ], [ -118.283100623596994, 34.077908876394602 ], [ -118.283053559376, 34.077684375934403 ], [ -118.283014993749006, 34.0774587558181 ], [ -118.282984963586998, 34.077232239077702 ], [ -118.282963499467996, 34.0770050487452 ], [ -118.282950621175999, 34.076777409650902 ], [ -118.282946343101003, 34.0765495466255 ], [ -118.282950667940995, 34.076321684499298 ], [ -118.282963592098, 34.076094047203703 ], [ -118.282985102981996, 34.075866860468402 ], [ -118.283015178110006, 34.075640347325297 ], [ -118.283053788703, 34.075414732604997 ], [ -118.283100896991002, 34.075190238439902 ], [ -118.283156455308003, 34.074967086063303 ], [ -118.283220409696, 34.074745495809097 ], [ -118.283292695404, 34.074525687112001 ], [ -118.283373243182993, 34.074307875808998 ], [ -118.283461972094003, 34.074092277737599 ], [ -118.283558795803998, 34.0738791042385 ], [ -118.283663617184004, 34.073668567551501 ], [ -118.283776332814, 34.073460873621599 ], [ -118.283896832075001, 34.073256229292703 ], [ -118.284024996259006, 34.073054835113702 ], [ -118.284160698560001, 34.072856889834803 ], [ -118.284205497388001, 34.072796064188204 ], [ -118.284170842912005, 34.072748999068203 ], [ -118.284035176583998, 34.0725510376015 ], [ -118.283907049272997, 34.072349627234701 ], [ -118.283786589581993, 34.072144966718 ], [ -118.283673914421996, 34.071937258398897 ], [ -118.283569135308994, 34.071726708222201 ], [ -118.283472355667001, 34.071513522132499 ], [ -118.283383670822005, 34.071297911470602 ], [ -118.283303168908006, 34.071080089375798 ], [ -118.283230929065994, 34.070860269886701 ], [ -118.283167022341999, 34.070638671538603 ], [ -118.283111511689, 34.070415511068099 ], [ -118.283064451965004, 34.070191009708502 ], [ -118.283025889035997, 34.069965389592198 ], [ -118.282995862470997, 34.069738872851801 ], [ -118.282974399251003, 34.069511682519298 ], [ -118.282961522758001, 34.069284043425 ], [ -118.282957244683004, 34.069056179500301 ], [ -118.282961569522996, 34.0688283164748 ], [ -118.282974492780994, 34.068600679179198 ], [ -118.282996000967003, 34.068373492443897 ], [ -118.283026074296004, 34.068146979300799 ], [ -118.283064681292004, 34.067921364580499 ], [ -118.283111785082994, 34.067696869516098 ], [ -118.283167338903993, 34.067473717139499 ], [ -118.283231286995999, 34.0672521268853 ], [ -118.283303567307996, 34.067032317288799 ], [ -118.283354276481006, 34.066895180569297 ], [ -118.283360799264003, 34.066877541266699 ], [ -118.283384107892005, 34.066814505985903 ], [ -118.283472828710003, 34.066598907015099 ], [ -118.283569643426006, 34.066385734415299 ], [ -118.283584137800005, 34.066356619763397 ], [ -118.283674455813994, 34.0661751968291 ], [ -118.283787161549995, 34.065967502899099 ], [ -118.283907650919005, 34.065762857670897 ], [ -118.284035803411996, 34.065561463491903 ], [ -118.284116111971002, 34.065444309708298 ], [ -118.284171494020995, 34.065363518212898 ], [ -118.284314587850005, 34.0651692178863 ], [ -118.284464943703995, 34.064978753168099 ], [ -118.284622413196004, 34.064792312916097 ], [ -118.284786840742001, 34.064610080591898 ], [ -118.284958065365004, 34.064432236959298 ], [ -118.285135916192004, 34.064258956486903 ], [ -118.285320218755004, 34.0640904109449 ], [ -118.285510791391999, 34.063926765808702 ], [ -118.285707445244995, 34.063768182956501 ], [ -118.285909986058996, 34.063614818870001 ], [ -118.286118215086006, 34.063466824635398 ], [ -118.286331926379006, 34.0633243468423 ], [ -118.286550908600006, 34.0631875248855 ], [ -118.286774945909002, 34.063056495462099 ], [ -118.287003817973996, 34.062931387174899 ], [ -118.287237297266003, 34.062812322332 ], [ -118.287475155356006, 34.0626994196437 ], [ -118.287717155723996, 34.062592790625899 ], [ -118.287963060948996, 34.062492540499498 ], [ -118.288212628211994, 34.062398766391098 ], [ -118.288465610201996, 34.062311563628903 ], [ -118.288721758704, 34.062231015849797 ], [ -118.288980820110993, 34.062157203993003 ], [ -118.289242539013998, 34.062090200003901 ], [ -118.289506656409003, 34.062030070432499 ], [ -118.289772913291003, 34.061976874634198 ], [ -118.290041046159999, 34.061930664769498 ], [ -118.290310790613006, 34.0618914867039 ], [ -118.290581880451995, 34.061859379108199 ], [ -118.290854047677996, 34.061834374358 ], [ -118.291127024294994, 34.061816495835799 ], [ -118.291400541404002, 34.0618057615278 ], [ -118.291674328309995, 34.061802182226103 ], [ -118.291948115215007, 34.0618057615278 ], [ -118.292220585514002, 34.0618164544669 ], [ -118.292221632324996, 34.0618164958357 ], [ -118.292281174639001, 34.061820395296103 ], [ -118.292494608940999, 34.061834374358 ], [ -118.292737308081996, 34.061856672148899 ], [ -118.292766776167994, 34.061859379108199 ] ] ], [ [ [ -118.231472313897996, 34.0701227026018 ], [ -118.231477738609001, 34.0701190081869 ], [ -118.231484484424001, 34.070128479846602 ], [ -118.231545851462002, 34.070214645690498 ], [ -118.231425931364001, 34.070296379675398 ], [ -118.231304769302, 34.070238861735199 ], [ -118.231303036308006, 34.070237977701701 ], [ -118.231472313897996, 34.0701227026018 ] ] ], [ [ [ -118.293409030603996, 34.090592067371198 ], [ -118.293677254304001, 34.090638277235897 ], [ -118.293943601118002, 34.0906914721349 ], [ -118.294207807546002, 34.090751601706202 ], [ -118.294469614582994, 34.090818604795899 ], [ -118.294728763224001, 34.0908924166528 ], [ -118.294984998060997, 34.090972964431899 ], [ -118.295238065486004, 34.091060167194101 ], [ -118.295487716387001, 34.091153940403203 ], [ -118.295733704349004, 34.091254190529597 ], [ -118.295975786555005, 34.091360818647999 ], [ -118.296213724685998, 34.091473720437001 ], [ -118.296447283117999, 34.091592784380701 ], [ -118.296676231625, 34.091717892667802 ], [ -118.296900344476995, 34.091848922091302 ], [ -118.297119400442, 34.091985742249399 ], [ -118.297333183681999, 34.092128220042497 ], [ -118.297541482854996, 34.092276213377701 ], [ -118.297744092917995, 34.092429576564903 ], [ -118.297940812421004, 34.092588158517898 ], [ -118.298131448909004, 34.092751802754599 ], [ -118.298315814424996, 34.092920348296602 ], [ -118.298493724607994, 34.093093627869798 ], [ -118.298665006787004, 34.093271470603099 ], [ -118.298829490090995, 34.093453702027901 ], [ -118.298877947362001, 34.093511055392099 ], [ -118.298987012642996, 34.093640141380597 ], [ -118.299009921972001, 34.093669151711197 ], [ -118.299105286081996, 34.093789912675497 ], [ -118.299137419757997, 34.0938306051994 ], [ -118.299280561250995, 34.094024904626799 ], [ -118.299348756841994, 34.0941243552559 ], [ -118.299416296827005, 34.0942228490064 ], [ -118.299449891001998, 34.094275623922002 ], [ -118.299502602065999, 34.0943584325967 ], [ -118.299544493385994, 34.094424242286102 ], [ -118.299665023223994, 34.094628886614998 ], [ -118.299777766733001, 34.094836579645602 ], [ -118.299882614192995, 34.095047115433204 ], [ -118.299924019879995, 34.095138254528003 ], [ -118.299952074231001, 34.095185887120103 ], [ -118.300064819537994, 34.095393580150798 ], [ -118.300169666998997, 34.095604116837698 ], [ -118.30026651499, 34.0958172885382 ], [ -118.300355267284004, 34.096032886609599 ], [ -118.300435834848003, 34.096250697013197 ], [ -118.30050814034, 34.096470504811101 ], [ -118.300572110017001, 34.096692094166002 ], [ -118.300627682723999, 34.096915245643302 ], [ -118.300674802702005, 34.097139738909 ], [ -118.300713423188, 34.097365352730002 ], [ -118.300743506410001, 34.097591864973701 ], [ -118.300765022690001, 34.097819050809697 ], [ -118.300765436378001, 34.097826328123702 ], [ -118.300777950444001, 34.098046687206001 ], [ -118.300782276183, 34.098274549332203 ], [ -118.300780625927004, 34.098362429283902 ], [ -118.300777997208996, 34.098502411458298 ], [ -118.300765116218997, 34.098730049653199 ], [ -118.300743645804999, 34.098957239086502 ], [ -118.300713608448007, 34.099183754927502 ], [ -118.300683032397998, 34.099362587814397 ], [ -118.300675032929007, 34.0994093741445 ], [ -118.300627957016999, 34.099633874604798 ], [ -118.300572427478002, 34.099857033276599 ], [ -118.300508498271, 34.100078631624697 ], [ -118.300436234147, 34.100298449315197 ], [ -118.300381058940999, 34.100447689110702 ], [ -118.300355704354004, 34.100516270510603 ], [ -118.300266988933004, 34.100731880273202 ], [ -118.300170176913994, 34.1009450645642 ], [ -118.300065361828999, 34.101155614741003 ], [ -118.299952647997998, 34.101363321261402 ], [ -118.299873430317007, 34.101497863436897 ], [ -118.299832146038995, 34.101567980878798 ], [ -118.299703975560007, 34.101769390346199 ], [ -118.299568262467005, 34.101967350913696 ], [ -118.299425140759993, 34.102161668327497 ], [ -118.299422583986996, 34.102164905886802 ], [ -118.299274751631003, 34.102352149233397 ], [ -118.299117243468004, 34.102538606572601 ], [ -118.298952771854999, 34.102720855983897 ], [ -118.298781499569003, 34.102898717602798 ], [ -118.298603594781994, 34.103072016061901 ], [ -118.298419232862997, 34.103240580489498 ], [ -118.298228597274004, 34.103404243612097 ], [ -118.298031874174001, 34.103562845350197 ], [ -118.297829258714998, 34.103716227423099 ], [ -118.297620950549003, 34.103864239644103 ], [ -118.297407156516996, 34.104006736323001 ], [ -118.297188085263997, 34.104143575366898 ], [ -118.296963955324003, 34.104274621877501 ], [ -118.296734987031996, 34.104399748151003 ], [ -118.296501405217995, 34.104518828282401 ], [ -118.296263442805994, 34.1046317471585 ], [ -118.296021331820995, 34.1047383914647 ], [ -118.295775314181995, 34.1048386568797 ], [ -118.295525630005997, 34.104932444477903 ], [ -118.295272528406997, 34.105019660729901 ], [ -118.295170544387005, 34.105051719762201 ], [ -118.294955639693001, 34.105132443808401 ], [ -118.294702536295006, 34.105219660060399 ], [ -118.294446264586, 34.105300219530697 ], [ -118.294187076374996, 34.105374043078797 ], [ -118.293925228868005, 34.1054410578597 ], [ -118.293660979273, 34.1055011964242 ], [ -118.293394588392005, 34.105554401215798 ], [ -118.293126319725999, 34.105600618275098 ], [ -118.292856438575996, 34.105639801736601 ], [ -118.292585210241, 34.105671914728198 ], [ -118.292312902719999, 34.105696923975003 ], [ -118.292039785810005, 34.105714806094603 ], [ -118.291766127507003, 34.105725541301801 ], [ -118.291492199407998, 34.105729121502897 ], [ -118.291218271307997, 34.105725541301801 ], [ -118.290944613006005, 34.105714806094603 ], [ -118.290671496095001, 34.105696923975003 ], [ -118.290399188574, 34.105671914728198 ], [ -118.290127960239005, 34.105639801736601 ], [ -118.289858079089001, 34.105600618275098 ], [ -118.289589810424005, 34.105554401215798 ], [ -118.289323419542001, 34.1055011964242 ], [ -118.289059169946995, 34.1054410578597 ], [ -118.288797322440999, 34.105374043078797 ], [ -118.288538134229995, 34.105300219530697 ], [ -118.288281862519995, 34.105219660060499 ], [ -118.288028759122, 34.105132443808401 ], [ -118.287779075846004, 34.105038656210198 ], [ -118.287533056407995, 34.104938390795198 ], [ -118.287290945422995, 34.104831746489097 ], [ -118.287052982112002, 34.104718827612999 ], [ -118.286819400297006, 34.104599746582103 ], [ -118.286590431106006, 34.104474621207999 ], [ -118.286366300267005, 34.104343574697303 ], [ -118.286147229012997, 34.1042067347542 ], [ -118.285933434083006, 34.104064238974601 ], [ -118.285725125916002, 34.103916226753597 ], [ -118.285522510457994, 34.103762844680702 ], [ -118.285325786458003, 34.103604242942602 ], [ -118.285135149968994, 34.103440579820003 ], [ -118.284950788051006, 34.103272015392399 ], [ -118.284772882365004, 34.103098716933403 ], [ -118.284601610077999, 34.102920855314402 ], [ -118.284437137566002, 34.102738605903099 ], [ -118.284279629403002, 34.102552148563902 ], [ -118.284129240273998, 34.102361667658002 ], [ -118.283986118567, 34.102167350244201 ], [ -118.283850404575006, 34.101969389676697 ], [ -118.283722234096004, 34.101767980209303 ], [ -118.283601732136006, 34.1015633205919 ], [ -118.283489017405998, 34.101355614071501 ], [ -118.283384202321002, 34.101145063894698 ], [ -118.283287389403995, 34.100931879603699 ], [ -118.283198673982, 34.100716269841101 ], [ -118.283118145087997, 34.100498448645702 ], [ -118.283045880065004, 34.100278630055897 ], [ -118.282981950858002, 34.100057032607097 ], [ -118.282926421319004, 34.099833873935303 ], [ -118.282879345408006, 34.099609373474998 ], [ -118.282840768987995, 34.099383754258 ], [ -118.282810731631997, 34.099157238417 ], [ -118.282789261217999, 34.098930048983803 ], [ -118.282776380228, 34.098702410788803 ], [ -118.282772101253997, 34.098474548662701 ], [ -118.282776426992996, 34.098246686536498 ], [ -118.282789354746996, 34.098019050140202 ], [ -118.282810871026996, 34.097791864304298 ], [ -118.282840954248996, 34.097565352060499 ], [ -118.282879574735006, 34.097339738239498 ], [ -118.282926694712998, 34.0971152449738 ], [ -118.282982267419996, 34.0968920934965 ], [ -118.283046237996004, 34.096670504141599 ], [ -118.283118543488001, 34.096450696343801 ], [ -118.283199111952001, 34.096232885940097 ], [ -118.283287863346004, 34.096017287868698 ], [ -118.283319376489999, 34.095947924058599 ], [ -118.283329313099003, 34.095913504305898 ], [ -118.283401617693002, 34.095693695608702 ], [ -118.283482185257, 34.095475885205097 ], [ -118.283570936651998, 34.095260288033003 ], [ -118.283667783742999, 34.095047115433204 ], [ -118.283772631204002, 34.094836579645602 ], [ -118.283885374712, 34.094628886614998 ], [ -118.284005904550995, 34.094424242286102 ], [ -118.284072169297005, 34.094320143061303 ], [ -118.284134101109998, 34.094222849006499 ], [ -118.284269836685993, 34.094024904626799 ], [ -118.28431484056, 34.093963816378199 ], [ -118.284348664961001, 34.093917904189098 ], [ -118.284402104476001, 34.093845364872799 ], [ -118.284412978179006, 34.0938306051994 ], [ -118.284563385294007, 34.093640141380597 ], [ -118.284720907845994, 34.093453702027901 ], [ -118.284757506656007, 34.093413153395502 ], [ -118.284849474026004, 34.093311262905601 ], [ -118.284885391149999, 34.093271470603099 ], [ -118.285056673328995, 34.093093627869798 ], [ -118.285234583510999, 34.092920348296602 ], [ -118.285418949027004, 34.092751802754599 ], [ -118.285609585515999, 34.092588158517898 ], [ -118.285806305018994, 34.092429576564903 ], [ -118.286008915080998, 34.092276213377701 ], [ -118.286217214255004, 34.092128220042497 ], [ -118.286430997495003, 34.0919857422493 ], [ -118.286650053458999, 34.091848922091302 ], [ -118.286874166312003, 34.091717892667802 ], [ -118.287103114819004, 34.091592784380701 ], [ -118.287336673251005, 34.091473720437001 ], [ -118.287574611381004, 34.091360818647999 ], [ -118.287816693587999, 34.091254190529597 ], [ -118.288062681550002, 34.091153940403203 ], [ -118.288312332450005, 34.091060167194101 ], [ -118.288565399874997, 34.090972964431899 ], [ -118.288821634713003, 34.090892416652899 ], [ -118.289080783353995, 34.090818604795899 ], [ -118.289342590390007, 34.090751601706202 ], [ -118.289606796818006, 34.0906914721348 ], [ -118.289873143633002, 34.090638277235797 ], [ -118.290141367331998, 34.090592067371098 ], [ -118.290411201718001, 34.090552890204897 ], [ -118.290682383287006, 34.090520782609197 ], [ -118.290954642244998, 34.090495776959699 ], [ -118.291227710591997, 34.090477898437399 ], [ -118.291501319432001, 34.0904671641295 ], [ -118.291775198967997, 34.090463584827802 ], [ -118.292049078503993, 34.0904671641295 ], [ -118.292322687343997, 34.090477898437399 ], [ -118.292595755692005, 34.090495776959699 ], [ -118.292868014649002, 34.090520782609197 ], [ -118.293139196219002, 34.090552890204897 ], [ -118.293409030603996, 34.090592067371198 ] ] ], [ [ [ -118.200931053028, 34.103999720711698 ], [ -118.200952587293997, 34.103988016035302 ], [ -118.200962492426996, 34.103982631794203 ], [ -118.200993600876004, 34.103965076128503 ], [ -118.201016955369994, 34.103951463090802 ], [ -118.201012552289995, 34.103947293833698 ], [ -118.201042899013004, 34.103929025005698 ], [ -118.201072848235, 34.103910316409099 ], [ -118.201102399958003, 34.103891169842797 ], [ -118.201106489175004, 34.103888442199001 ], [ -118.201131554179995, 34.1038716113869 ], [ -118.201160278526004, 34.103851614061902 ], [ -118.201188572096996, 34.103831204847403 ], [ -118.201198200239006, 34.103824127182897 ], [ -118.201206917367003, 34.103781355426399 ], [ -118.201106852500999, 34.103641215870603 ], [ -118.200857736697003, 34.103292238447203 ], [ -118.200820422926, 34.103270455068603 ], [ -118.200783837605996, 34.103249054801203 ], [ -118.200645598318005, 34.103168331654402 ], [ -118.200396378191996, 34.103022779079197 ], [ -118.200252053192003, 34.102938465838697 ], [ -118.200251888615995, 34.102938384000403 ], [ -118.199308243483003, 34.102387209303402 ], [ -118.199152442233995, 34.102296209603601 ], [ -118.199149991580995, 34.102297164683598 ], [ -118.198797656988006, 34.102434523535599 ], [ -118.198730604435994, 34.102460664129502 ], [ -118.198508183208006, 34.102547375861903 ], [ -118.198486071576994, 34.102517354693397 ], [ -118.198434004427995, 34.102441406047298 ], [ -118.198646108633, 34.102357035250201 ], [ -118.198719552667001, 34.102327820773503 ], [ -118.199068998637998, 34.102188817960702 ], [ -118.199551787087003, 34.101996774932402 ], [ -118.199609439027, 34.1019733224121 ], [ -118.199666560365998, 34.101949047012099 ], [ -118.199723184380005, 34.1019239478331 ], [ -118.199779277793994, 34.101898024875098 ], [ -118.199834774956997, 34.101871306017102 ], [ -118.199889740621003, 34.101843764279401 ], [ -118.199944110933998, 34.101815453621498 ], [ -118.199997884097002, 34.101786347063403 ], [ -118.200051061010001, 34.1017564446054 ], [ -118.200103575122, 34.101725801105999 ], [ -118.200155427333002, 34.101694389585603 ], [ -118.200206616743998, 34.101662210044204 ], [ -118.200257143355003, 34.101629316440999 ], [ -118.200306974789001, 34.101595682695802 ], [ -118.200356077772994, 34.101561362767903 ], [ -118.200404452306003, 34.1015263017986 ], [ -118.200452098387998, 34.101490527666897 ], [ -118.200498950368001, 34.101454096130801 ], [ -118.200545073897999, 34.101417005391603 ], [ -118.200590369151996, 34.101379229369101 ], [ -118.200634903579996, 34.101340795042802 ], [ -118.200678610631002, 34.101301730291802 ], [ -118.200693146373993, 34.101288433815299 ], [ -118.201111136872001, 34.100903696649503 ], [ -118.202653172007999, 34.099484289469501 ], [ -118.202699904379003, 34.099440520364901 ], [ -118.202745710447999, 34.099396065077499 ], [ -118.202790556940997, 34.099350980264703 ], [ -118.202834477132001, 34.099305236248803 ], [ -118.202877405370003, 34.099258835727902 ], [ -118.202919373133, 34.099211858741498 ], [ -118.202960348942995, 34.099164252229599 ], [ -118.202985346499005, 34.099134148323401 ], [ -118.202988968968, 34.0991297182631 ], [ -118.202848023620007, 34.099129569874897 ], [ -118.202829757488999, 34.0991295455933 ], [ -118.202856667903006, 34.099098174542299 ], [ -118.202895267705003, 34.099051506023301 ], [ -118.202932874655005, 34.099004289817302 ], [ -118.202969489652006, 34.098956525024697 ], [ -118.203005112697994, 34.098908239524697 ], [ -118.203039677240994, 34.098859462095703 ], [ -118.203073248932995, 34.0988101639592 ], [ -118.203078843615998, 34.098801745405403 ], [ -118.203462086108999, 34.098223168365699 ], [ -118.205137724528001, 34.095693365557501 ], [ -118.205401778072002, 34.095294667316203 ], [ -118.205516067515006, 34.095122099106803 ], [ -118.205559194502996, 34.0950107369571 ], [ -118.205580167592998, 34.094956595971297 ], [ -118.205985081948, 34.093911275286302 ], [ -118.206132183156001, 34.093531461009299 ], [ -118.206132841460004, 34.093436576238197 ], [ -118.206132737138006, 34.093407806026597 ], [ -118.206132005989005, 34.093379036714303 ], [ -118.206130712763994, 34.093350269200698 ], [ -118.206129818837994, 34.093335898933802 ], [ -118.206125840236993, 34.093276496913901 ], [ -118.206053273042002, 34.0932352926758 ], [ -118.206063601756, 34.093218073356503 ], [ -118.206036507880995, 34.093026153535298 ], [ -118.206111985282007, 34.093069028713899 ], [ -118.206083520839996, 34.092642580092203 ], [ -118.206082208729001, 34.092619720225102 ], [ -118.206082000986001, 34.092615818966003 ], [ -118.206081154724004, 34.092594029292201 ], [ -118.206080835463993, 34.092585154782299 ], [ -118.206080297669999, 34.092554488799799 ], [ -118.206080453252, 34.092523822817299 ], [ -118.206080603439005, 34.092517721816598 ], [ -118.206081203286999, 34.092493182915199 ], [ -118.206082614322995, 34.092462541214502 ], [ -118.206084685462002, 34.092431926493397 ], [ -118.206087385226994, 34.0924013378526 ], [ -118.206090711819002, 34.0923708031712 ], [ -118.206094699413001, 34.092340323348402 ], [ -118.206099313834002, 34.092309895686299 ], [ -118.206100324671993, 34.092304046495698 ], [ -118.206104556881996, 34.092279550761802 ], [ -118.206110460931001, 34.092249286776301 ], [ -118.206116958533002, 34.092219103729903 ], [ -118.206118804840997, 34.092211347976502 ], [ -118.206124118036001, 34.092189029501299 ], [ -118.206131905264996, 34.092159037111102 ], [ -118.206140745601004, 34.092127751495703 ], [ -118.206140357992993, 34.092117750135202 ], [ -118.206140130465002, 34.092105797245999 ], [ -118.206140166438004, 34.0920938164777 ], [ -118.206140434435994, 34.092081834810003 ], [ -118.206140965935006, 34.092069853142398 ], [ -118.206141729459006, 34.092057899353698 ], [ -118.206142757384001, 34.092045971645497 ], [ -118.206144015535997, 34.092034043037899 ], [ -118.206145538987997, 34.092022115329499 ], [ -118.206147325941004, 34.092010241580503 ], [ -118.206149344018996, 34.091998366932202 ], [ -118.206151627398, 34.091986547142596 ], [ -118.206154141902005, 34.091974754332597 ], [ -118.206156919907997, 34.0919630163813 ], [ -118.206159929939005, 34.091951305409602 ], [ -118.206163203470993, 34.091939621417502 ], [ -118.206166676652998, 34.091928019263896 ], [ -118.206170445712004, 34.091916444089698 ], [ -118.206174414420005, 34.091904951653397 ], [ -118.206178646628999, 34.091893485297298 ], [ -118.206183109964996, 34.091882101678799 ], [ -118.206187838600002, 34.0918707998987 ], [ -118.206192765086001, 34.091859552977098 ], [ -118.206197955972996, 34.091848387893997 ], [ -118.206203378884993, 34.091837276770001 ], [ -118.206208998747996, 34.091826248383803 ], [ -118.206214883911997, 34.091815329714898 ], [ -118.206221001100005, 34.091804491984902 ], [ -118.206227316140001, 34.091793710012901 ], [ -118.206233862304998, 34.091783064737797 ], [ -118.206240475019996, 34.091772529179998 ], [ -118.206315475780997, 34.091653101910303 ], [ -118.206362665007006, 34.091577959955998 ], [ -118.206473138627004, 34.091402048067202 ], [ -118.206478313326002, 34.0913938084786 ], [ -118.206640546526003, 34.091135489912098 ], [ -118.206657490653001, 34.091108510250798 ], [ -118.206722747258993, 34.091112782929798 ], [ -118.206995008014999, 34.091137788579204 ], [ -118.207127173282998, 34.091153435883498 ], [ -118.207315748525005, 34.091165782675901 ], [ -118.207588010180999, 34.091190788325498 ], [ -118.207859192650005, 34.091222895021701 ], [ -118.208129030631994, 34.0912620730874 ], [ -118.208397256130993, 34.091308282951999 ], [ -118.208663604744004, 34.091361477851102 ], [ -118.208927813870005, 34.091421607422397 ], [ -118.209189622704997, 34.091488610512101 ], [ -118.209448773144999, 34.091562422369002 ], [ -118.209705009779995, 34.091642969248802 ], [ -118.209958079903998, 34.091730172910303 ], [ -118.210207732602996, 34.09182394522 ], [ -118.210453722362999, 34.0919241953465 ], [ -118.210695806367994, 34.092030824364201 ], [ -118.210933746297002, 34.092143726153203 ], [ -118.211167306527997, 34.092262790096903 ], [ -118.211396256834007, 34.092387898383997 ], [ -118.211620371484997, 34.092518926908198 ], [ -118.211683891500002, 34.092558600500197 ], [ -118.211683087506998, 34.092582668156801 ], [ -118.211681422861005, 34.0926165528128 ], [ -118.211680668330004, 34.092631887152997 ], [ -118.211677192451006, 34.092681052190002 ], [ -118.211672693142006, 34.092730192045899 ], [ -118.211667750467996, 34.092773837044099 ], [ -118.211667136231, 34.092779251862098 ], [ -118.211660588268003, 34.092828202860403 ], [ -118.211652983600004, 34.092877072919698 ], [ -118.211652182303993, 34.092881617194003 ], [ -118.211644386981007, 34.0929258080808 ], [ -118.211643506545002, 34.092930261523499 ], [ -118.211638739239007, 34.092954264428897 ], [ -118.211634733658002, 34.092974434423802 ], [ -118.211624088383005, 34.093022897989499 ], [ -118.211612419679994, 34.093071198777999 ], [ -118.211611961925001, 34.093073095448098 ], [ -118.211611570719995, 34.093074965138698 ], [ -118.211611178615001, 34.093076861808903 ], [ -118.211610853061003, 34.093078758479102 ], [ -118.211610560780997, 34.093080655149301 ], [ -118.211610301776005, 34.093082578799198 ], [ -118.211610075146993, 34.093084475469297 ], [ -118.211609915067996, 34.093086399119201 ], [ -118.211609754088997, 34.0930882957894 ], [ -118.211609660560001, 34.093090219439198 ], [ -118.211609600304996, 34.093092637716197 ], [ -118.211609603902005, 34.093094065839601 ], [ -118.211609641674002, 34.093095989489498 ], [ -118.211609712720005, 34.093097885260399 ], [ -118.211609783767003, 34.093099808910303 ], [ -118.211609953738005, 34.093101731660802 ], [ -118.211610123710003, 34.093103627431702 ], [ -118.211610359332994, 34.0931055510815 ], [ -118.211610628230005, 34.0931074468524 ], [ -118.211610930402003, 34.093109341723903 ], [ -118.211611265849001, 34.093111264474501 ], [ -118.211611666946993, 34.093113132366298 ], [ -118.21161210132, 34.093115028137198 ], [ -118.211612568068006, 34.093116896029102 ], [ -118.211613068090998, 34.093118790900697 ], [ -118.211613601389004, 34.093120630913603 ], [ -118.211614201236003, 34.0931224988054 ], [ -118.211614800185004, 34.093124338818399 ], [ -118.211615464784003, 34.093126178831298 ], [ -118.211616163556997, 34.0931280179448 ], [ -118.211616894705998, 34.0931298309781 ], [ -118.211617692405, 34.093131643112002 ], [ -118.211618489204, 34.093133427366901 ], [ -118.211619352553001, 34.093135212521197 ], [ -118.211620215902002, 34.093136996776202 ], [ -118.211621144901997, 34.093138754051402 ], [ -118.211622107177007, 34.093140483447797 ], [ -118.211623102725994, 34.093142212844 ], [ -118.211624163926004, 34.093143942240303 ], [ -118.211625225125999, 34.093145616777903 ], [ -118.211626319600995, 34.093147318295202 ], [ -118.211627446451999, 34.093148991933603 ], [ -118.211628639851995, 34.093150638592299 ], [ -118.211629833252005, 34.093152258271303 ], [ -118.211631092302994, 34.093153877050902 ], [ -118.211632384628999, 34.093155468851002 ], [ -118.211633676055001, 34.093157059751697 ], [ -118.211635034931007, 34.0931586236727 ], [ -118.211636061057007, 34.093159776603599 ], [ -118.211665043509001, 34.093191903085 ], [ -118.211627588544999, 34.093290178300201 ], [ -118.211588362814993, 34.093393099413198 ], [ -118.211580028797002, 34.093388854613103 ], [ -118.211570769378, 34.093384281560503 ], [ -118.211561377756993, 34.093379847003497 ], [ -118.211551920486997, 34.093375549143403 ], [ -118.211542364291006, 34.0933714167586 ], [ -118.211532743343994, 34.093367394091104 ], [ -118.211522989296995, 34.093363509019902 ], [ -118.211517534009005, 34.093361402807702 ], [ -118.211509691022002, 34.093381475675699 ], [ -118.211490652373996, 34.093428140597403 ], [ -118.211470655048998, 34.0934745321251 ], [ -118.211449665771994, 34.093520596299598 ], [ -118.211427751092003, 34.093566359201297 ], [ -118.211427224988995, 34.093567376334498 ], [ -118.211404844460006, 34.0936117938504 ], [ -118.211380979151002, 34.093656901146197 ], [ -118.211356188438998, 34.093701624431603 ], [ -118.211352373514998, 34.0937082263547 ], [ -118.211330471425995, 34.093746020363703 ], [ -118.211303829011001, 34.0937900053056 ], [ -118.211276260293005, 34.093833607136403 ], [ -118.211249411034004, 34.093874295163801 ], [ -118.211247766173997, 34.093876798876302 ], [ -118.211218379027002, 34.093919579625997 ], [ -118.211188098853995, 34.093961922406002 ], [ -118.211156958928996, 34.094003826316701 ], [ -118.211124925977003, 34.094045265277899 ], [ -118.211110108746993, 34.0940637022792 ], [ -118.211092032373998, 34.094086238390403 ], [ -118.211058279918007, 34.094126718674303 ], [ -118.211046786582003, 34.0941401761294 ], [ -118.211007890904, 34.094184649403203 ], [ -118.211006540122, 34.094186190841199 ], [ -118.211005190239007, 34.094187759258901 ], [ -118.211003906008003, 34.0941893555555 ], [ -118.211002655051004, 34.0941909509528 ], [ -118.211001436469004, 34.094192575128403 ], [ -118.211000252061993, 34.094194225384399 ], [ -118.210999100031003, 34.0941958765397 ], [ -118.210997981274005, 34.094197554674601 ], [ -118.210996895791993, 34.0941992597892 ], [ -118.210995842686003, 34.094200965803097 ], [ -118.210994823754007, 34.0942026987967 ], [ -118.210993837198004, 34.094204431790203 ], [ -118.210992916292, 34.094206191763497 ], [ -118.210991996285998, 34.094207951736799 ], [ -118.210991141929995, 34.09420971171 ], [ -118.210990320849007, 34.094211499562199 ], [ -118.210989532143003, 34.094213314394104 ], [ -118.210988777612002, 34.094215129226001 ], [ -118.210988055456994, 34.094216944057898 ], [ -118.210987366576006, 34.094218786768799 ], [ -118.210986743345998, 34.094220628580302 ], [ -118.210986120114995, 34.094222471291197 ], [ -118.210985563435003, 34.094224340082398 ], [ -118.210985073304997, 34.094226209772899 ], [ -118.210984582275003, 34.094228079463498 ], [ -118.210984124519996, 34.094229976133697 ], [ -118.210983733315004, 34.094231844924899 ], [ -118.210983374484996, 34.094233741595097 ], [ -118.210983098393001, 34.094235372065903 ], [ -118.210983048930999, 34.094235666144201 ], [ -118.210982756651006, 34.094237562814399 ], [ -118.210982530021994, 34.094239458585299 ], [ -118.210982303392996, 34.094241383134502 ], [ -118.210982143313004, 34.094243278905303 ], [ -118.210982048885, 34.0942452025552 ], [ -118.210981954456003, 34.094247126205097 ], [ -118.210981926577006, 34.094249049854902 ], [ -118.210981898697995, 34.094250946525101 ], [ -118.210981936468997, 34.094252869275699 ], [ -118.210982039890993, 34.094254792925497 ], [ -118.210982144213006, 34.094256716575401 ], [ -118.210982314185003, 34.094258612346202 ], [ -118.210982484156006, 34.094260535096801 ], [ -118.210982753053997, 34.094262430867701 ], [ -118.210983021950994, 34.0942643536182 ], [ -118.210983324123006, 34.094266249389101 ], [ -118.210983692845005, 34.094268145159901 ], [ -118.210984093942997, 34.094270040031503 ], [ -118.210984527416002, 34.0942719079234 ], [ -118.210984995063995, 34.094273775815303 ], [ -118.210985528362002, 34.094275642807801 ], [ -118.210986094034993, 34.094277510699698 ], [ -118.210986693883001, 34.094279378591601 ], [ -118.210987325207, 34.0942812186045 ], [ -118.210987990704993, 34.0942830586174 ], [ -118.210988689478995, 34.094284870751402 ], [ -118.210989453002995, 34.094286682885297 ], [ -118.210990250701997, 34.0942884950192 ], [ -118.210991047500997, 34.094290280173503 ], [ -118.210991910849998, 34.094292064428402 ], [ -118.210992807474, 34.094293821703701 ], [ -118.210993769748995, 34.094295578079603 ], [ -118.210994732022996, 34.094297335354902 ], [ -118.210995726674, 34.094299036872201 ], [ -118.210996788773002, 34.094300766268503 ], [ -118.210997849972998, 34.094302440806203 ], [ -118.210998976823007, 34.094304142323502 ], [ -118.211000136948996, 34.094305788982197 ], [ -118.211001330349006, 34.0943074356408 ], [ -118.211002523749997, 34.094309055319897 ], [ -118.211003782800006, 34.094310674099503 ], [ -118.211005075125996, 34.094312265899497 ], [ -118.211006399827994, 34.0943138298205 ], [ -118.211007757803998, 34.094315393741603 ], [ -118.211009149055002, 34.094316929783602 ], [ -118.211010573581007, 34.094318438846102 ], [ -118.211011997208004, 34.094319920029399 ], [ -118.211013487385003, 34.094321401212802 ], [ -118.211015009937, 34.0943228554166 ], [ -118.211016533388005, 34.0943242817414 ], [ -118.211018122490003, 34.094325680187097 ], [ -118.211019711592996, 34.094327050754003 ], [ -118.211021333069993, 34.094328422220102 ], [ -118.211022987823, 34.094329765807203 ], [ -118.211024675849998, 34.094331054535701 ], [ -118.211025999651994, 34.094332041092002 ], [ -118.210909695728006, 34.094434272424898 ], [ -118.210908240625002, 34.0944335880408 ], [ -118.210906223446003, 34.0944326572425 ], [ -118.210904173890995, 34.094431754323203 ], [ -118.210902123436, 34.094430906262502 ], [ -118.210900040607001, 34.094430058201802 ], [ -118.210897924502007, 34.094429264999803 ], [ -118.210895841671999, 34.094428498777397 ], [ -118.210893693192006, 34.094427760434002 ], [ -118.210891577086997, 34.094427022989898 ], [ -118.210889395330994, 34.094426367384102 ], [ -118.210887246851001, 34.094425710879001 ], [ -118.21088503272, 34.094425083152203 ], [ -118.210882850965007, 34.094424509384801 ], [ -118.210880636834005, 34.094423936516598 ], [ -118.210878422703004, 34.094423418507098 ], [ -118.210876208572003, 34.094422927477297 ], [ -118.210873961166001, 34.094422492205503 ], [ -118.210871713760994, 34.094422056034198 ], [ -118.210869467254, 34.094421675621 ], [ -118.210867187472999, 34.0944213221875 ], [ -118.210864907691004, 34.094420996632898 ], [ -118.210862627910004, 34.094420698058002 ], [ -118.210860348129003, 34.094420427362003 ], [ -118.210858068346994, 34.094420211524699 ], [ -118.210855755291007, 34.094420022667101 ], [ -118.210853476409, 34.094419862587799 ], [ -118.210851163352999, 34.094419728588797 ], [ -118.210848851196005, 34.094419623368097 ], [ -118.210846572313997, 34.094419572106702 ], [ -118.210844260157003, 34.094419548724296 ], [ -118.210841948, 34.094419552321597 ], [ -118.210839635843001, 34.094419611676898 ], [ -118.210837356960994, 34.094419670132901 ], [ -118.210835045703007, 34.094419784346798 ], [ -118.210832733545999, 34.094419925540301 ], [ -118.210830455562999, 34.0944200946129 ], [ -118.210828143406005, 34.094420291564397 ], [ -118.210825865423004, 34.094420542475198 ], [ -118.210823586540997, 34.094420821265103 ], [ -118.210821308559005, 34.0944211270346 ], [ -118.210819030576005, 34.094421460683002 ], [ -118.210816784968998, 34.094421850089503 ], [ -118.210814506985997, 34.0944222385966 ], [ -118.210812262277997, 34.094422681962399 ], [ -118.210810050844998, 34.094423153207103 ], [ -118.210807806136998, 34.094423651431498 ], [ -118.210805593805006, 34.094424205413901 ], [ -118.210803382372006, 34.094424758496899 ], [ -118.210801204213993, 34.094425366438699 ], [ -118.210799026055994, 34.094426002259397 ], [ -118.210796880274003, 34.094426665959098 ], [ -118.210794735391005, 34.094427356638398 ], [ -118.210792590508007, 34.094428074297298 ], [ -118.210790478, 34.094428847714298 ], [ -118.210788366391995, 34.094429621131297 ], [ -118.210786288058998, 34.094430448507602 ], [ -118.210784208825999, 34.094431276783197 ], [ -118.210782162868995, 34.094432159917403 ], [ -118.210780117810003, 34.0944330700314 ], [ -118.210778105128, 34.094434008024201 ], [ -118.210776125720002, 34.094434972996801 ], [ -118.210774146312005, 34.094435965848298 ], [ -118.210772200178994, 34.094436985679501 ], [ -118.210770287320997, 34.0944380333897 ], [ -118.210768374463001, 34.094439135958602 ], [ -118.210766494880005, 34.094440238527397 ], [ -118.210764614398002, 34.094441368075799 ], [ -118.210762768088998, 34.094442525503297 ], [ -118.210760987431996, 34.094443709910401 ], [ -118.210759173499, 34.094444922196601 ], [ -118.210757426116004, 34.094446162361699 ], [ -118.210755678734003, 34.094447429506403 ], [ -118.210753997900994, 34.094448723630897 ], [ -118.210752316169007, 34.0944500177553 ], [ -118.210750635335998, 34.094451367637703 ], [ -118.210749020153003, 34.094452744499698 ], [ -118.210747438246003, 34.094454120462501 ], [ -118.210745856337994, 34.0944555252035 ], [ -118.210744472282002, 34.094456819327903 ], [ -118.210668058685997, 34.094528973734299 ], [ -118.210658368490996, 34.094538128832703 ], [ -118.210504356892997, 34.094683634643197 ], [ -118.210490054974002, 34.094697140661701 ], [ -118.210422472721007, 34.094760964648003 ], [ -118.210343189388993, 34.094835021120502 ], [ -118.210322791866005, 34.094854291793297 ], [ -118.210179189919998, 34.094989984201597 ], [ -118.210152168890005, 34.095015503364003 ], [ -118.210046724278996, 34.095115105079202 ], [ -118.210012586014003, 34.095147397035902 ], [ -118.209972057166993, 34.095186349371701 ], [ -118.209932355695997, 34.095225878172897 ], [ -118.209916772243005, 34.095241952655101 ], [ -118.209893480701993, 34.095266009519896 ], [ -118.209855499634003, 34.095306661574298 ], [ -118.209818345043004, 34.095347889194898 ], [ -118.209795290022996, 34.095374226740397 ], [ -118.209855075153996, 34.095427046622 ], [ -118.209739586015004, 34.095565519734102 ], [ -118.209681456536003, 34.095514153156799 ], [ -118.209648668154003, 34.095557873698098 ], [ -118.209616806073001, 34.0956020322092 ], [ -118.209585902669005, 34.095646684448099 ], [ -118.209576195387001, 34.095661237277398 ], [ -118.209555924667995, 34.095691745878597 ], [ -118.209526872968993, 34.0957372740571 ], [ -118.209514241991002, 34.095757960262802 ], [ -118.209498814121005, 34.095783184447598 ], [ -118.209479869901998, 34.095815587020901 ], [ -118.209471713051002, 34.095829505828199 ], [ -118.209447478121007, 34.095872881929097 ], [ -118.209445603934, 34.095876209420702 ], [ -118.209420453492996, 34.095923297023703 ], [ -118.209416542341998, 34.0959307775844 ], [ -118.209354972956007, 34.096049152647502 ], [ -118.209276079928998, 34.096200861981401 ], [ -118.209275520551003, 34.096201907892898 ], [ -118.209262896767001, 34.096225588841001 ], [ -118.209240310294007, 34.096267917231799 ], [ -118.209203711483994, 34.096333407661803 ], [ -118.209165922870994, 34.096398433142397 ], [ -118.209126546055003, 34.096462828198099 ], [ -118.209125625149994, 34.096464313878201 ], [ -118.209124737519005, 34.096465854416799 ], [ -118.209123848988995, 34.096467394955503 ], [ -118.209123027008005, 34.0964689624738 ], [ -118.209122238302996, 34.0964705578712 ], [ -118.209121449597006, 34.096472125389496 ], [ -118.209120727441999, 34.096473719887399 ], [ -118.209120004387003, 34.096475343163704 ], [ -118.209119347881995, 34.096476965540703 ], [ -118.209118724652001, 34.096478587018296 ], [ -118.209118100522005, 34.096480237274299 ], [ -118.209117543841998, 34.096481886630897 ], [ -118.209117019537004, 34.0964835368869 ], [ -118.209116527608003, 34.096485186243498 ], [ -118.209116036577996, 34.0964868634791 ], [ -118.209115611198996, 34.096488539815397 ], [ -118.209115252369003, 34.096490217050999 ], [ -118.209114893540004, 34.096491921266299 ], [ -118.209114567086004, 34.096493597602702 ], [ -118.209114273907005, 34.096495301817903 ], [ -118.209114014003006, 34.096497006033204 ], [ -118.209113819749007, 34.096498710248397 ], [ -118.209113626394995, 34.096500414463698 ], [ -118.209113498690996, 34.096502118678998 ], [ -118.209113370088005, 34.096503821994901 ], [ -118.209113308933993, 34.0965055531899 ], [ -118.209113280156004, 34.0965072574052 ], [ -118.209113284653, 34.096508960721103 ], [ -118.209113321524995, 34.096510664037098 ], [ -118.209113391672005, 34.096512395231997 ], [ -118.209113495094002, 34.0965140985479 ], [ -118.209113631790999, 34.0965158027633 ], [ -118.209113834137995, 34.096517506079202 ], [ -118.209114036486, 34.096519236374803 ], [ -118.209114272107996, 34.0965209127111 ], [ -118.209114573381001, 34.096522615127803 ], [ -118.209114907929006, 34.096524318443699 ], [ -118.209115275751003, 34.096525993880597 ], [ -118.209115643573995, 34.096527669317602 ], [ -118.209116077047, 34.0965293447546 ], [ -118.209116542895998, 34.096531020191499 ], [ -118.209117042919004, 34.096532695628497 ], [ -118.209117575318004, 34.096534344085903 ], [ -118.209118140992004, 34.096535991643897 ], [ -118.209118739939996, 34.096537611322901 ], [ -118.209119404538995, 34.096539258880902 ], [ -118.209120069137995, 34.096540879459198 ], [ -118.209120767011996, 34.096542472158497 ], [ -118.209121497260995, 34.096544064857902 ], [ -118.209122294061004, 34.096545656657902 ], [ -118.209123090860004, 34.096547249357201 ], [ -118.209123920934005, 34.096548814177602 ], [ -118.209124451533995, 34.096549747673897 ], [ -118.209134836006001, 34.096568140608397 ], [ -118.209013641568006, 34.096737728464603 ], [ -118.209012782716002, 34.096737537808302 ], [ -118.209011261962004, 34.096737210455103 ], [ -118.209009742107995, 34.096736910980802 ], [ -118.209008222253999, 34.096736638486298 ], [ -118.209006701500002, 34.096736366891001 ], [ -118.209005181646006, 34.096736149255001 ], [ -118.209003629416003, 34.096735932518499 ], [ -118.209002109561993, 34.096735742761503 ], [ -118.209000556432997, 34.096735580883497 ], [ -118.208999003303006, 34.096735445985203 ], [ -118.208997451073998, 34.096735311086903 ], [ -118.208995897944007, 34.096735204067599 ], [ -118.208994345714999, 34.096735151906898 ], [ -118.208992792584993, 34.096735099746198 ], [ -118.208991240355999, 34.096735046686199 ], [ -118.208989688125996, 34.096735049384201 ], [ -118.208988135896007, 34.096735052082202 ], [ -118.208986582766997, 34.0967351096388 ], [ -118.208985030536994, 34.096735168094703 ], [ -118.208983478307005, 34.096735252630999 ], [ -118.208981893702003, 34.096735338066601 ], [ -118.208980374747, 34.096735478360799 ], [ -118.208978822516997, 34.096735617755797 ], [ -118.208977270286994, 34.0967357859289 ], [ -118.208975751332005, 34.096735980182501 ], [ -118.208974199102002, 34.096736203214299 ], [ -118.208972681047001, 34.096736453225901 ], [ -118.208971162091999, 34.096736703237397 ], [ -118.208969643136996, 34.096736980228599 ], [ -118.208968125081, 34.096737312977801 ], [ -118.208966606125998, 34.0967376178479 ], [ -118.208965120445995, 34.096737977576801 ], [ -118.208963634765993, 34.096738337305602 ], [ -118.208962116709998, 34.096738724913401 ], [ -118.208960664304996, 34.096739139500798 ], [ -118.208959178624994, 34.096739581967299 ], [ -118.208957727119, 34.096740051413398 ], [ -118.208956307988998, 34.096740520859498 ], [ -118.208954855583997, 34.096741018184602 ], [ -118.208953436453996, 34.096741542489397 ], [ -118.208952017323995, 34.096742094673097 ], [ -118.208950599093001, 34.096742646856796 ], [ -118.208949213238, 34.096743226020202 ], [ -118.208947827382005, 34.096743833062597 ], [ -118.208946474802005, 34.096744440104999 ], [ -118.208945122222005, 34.096745074127 ], [ -118.208943768742003, 34.096745736027998 ], [ -118.208942449437004, 34.096746424908702 ], [ -118.208941163405996, 34.096747114688803 ], [ -118.208939844100996, 34.096747831448397 ], [ -118.208938557170995, 34.096748575187803 ], [ -118.208937304415002, 34.096749318927102 ], [ -118.208936050760002, 34.096750090545399 ], [ -118.208934830380002, 34.096750890042699 ], [ -118.208933610900004, 34.096751688640701 ], [ -118.208932423793996, 34.0967525151177 ], [ -118.208931236688997, 34.096753369473603 ], [ -118.208930082858998, 34.096754222930201 ], [ -118.208928929029, 34.096755104265803 ], [ -118.208927808474002, 34.096756013480402 ], [ -118.208926687019002, 34.096756921795702 ], [ -118.208925599739004, 34.096757830110903 ], [ -118.208924544834005, 34.0967587663052 ], [ -118.208923489929006, 34.096759730378402 ], [ -118.208922469198995, 34.096760721431302 ], [ -118.208921447568997, 34.096761684605198 ], [ -118.208920459213999, 34.096762703537102 ], [ -118.208919503234995, 34.096763721569701 ], [ -118.208918548154998, 34.0967647396022 ], [ -118.208917626349006, 34.096765785513803 ], [ -118.208916736920003, 34.096766831425299 ], [ -118.208915847490005, 34.096767904316501 ], [ -118.208914991336002, 34.096768978107001 ], [ -118.208914168456005, 34.096770077977901 ], [ -118.208913246650994, 34.096771344223299 ], [ -118.208912522697005, 34.096772279518298 ], [ -118.208911666541994, 34.0967733524094 ], [ -118.208865999867996, 34.0968321536822 ], [ -118.208817628033003, 34.096892113281498 ], [ -118.208779524657004, 34.096937601889998 ], [ -118.208767998946001, 34.096951360618 ], [ -118.208758183745005, 34.096962671391303 ], [ -118.208717145882005, 34.097009895691301 ], [ -118.208665067940998, 34.097067663643003 ], [ -118.208647773077999, 34.097086159100101 ], [ -118.208611800197005, 34.097124691452599 ], [ -118.208557340851002, 34.097180897281703 ], [ -118.208509531990998, 34.097228518182803 ], [ -118.208501689903002, 34.097236335090003 ], [ -118.208444913904003, 34.097290950917902 ], [ -118.208386980477002, 34.097344716886298 ], [ -118.208376499777998, 34.097354104909201 ], [ -118.208327921098999, 34.097397659975201 ], [ -118.208267769043999, 34.097449726225101 ], [ -118.208238070733003, 34.0974745358223 ], [ -118.208206525213001, 34.0975009147365 ], [ -118.208144222879994, 34.097551198530198 ], [ -118.208094870783995, 34.097589670627997 ], [ -118.208080893521, 34.097600576706398 ], [ -118.208016537136004, 34.097649022285701 ], [ -118.207996721474004, 34.097663427626301 ], [ -118.207951155523006, 34.097696536167398 ], [ -118.207946968279998, 34.097699483245698 ], [ -118.207884780160995, 34.097743088673802 ], [ -118.207817444322004, 34.097788654623898 ], [ -118.207793931547002, 34.097804275847899 ], [ -118.207757789591994, 34.097828299437602 ], [ -118.207795211282004, 34.0978672823504 ], [ -118.207780374267003, 34.097878189328199 ], [ -118.207742323950995, 34.097838575091401 ], [ -118.207722142264998, 34.097851992076997 ], [ -118.207639074585998, 34.097907174477697 ], [ -118.207497109406006, 34.0980014504078 ], [ -118.207484215826, 34.098010046127897 ], [ -118.207329324691003, 34.098112917778103 ], [ -118.207303536631002, 34.098130053460402 ], [ -118.207174465031997, 34.098215788528897 ], [ -118.207019606271999, 34.098318660179203 ], [ -118.206864713338007, 34.098421530930104 ], [ -118.206710546156998, 34.098523933134203 ], [ -118.206766744792006, 34.098582476301402 ], [ -118.206736242486002, 34.098603522235997 ], [ -118.206679580699998, 34.098544512320601 ], [ -118.206576328636999, 34.098613110807598 ], [ -118.206264463536002, 34.098820229171501 ], [ -118.206204543506999, 34.098860037661801 ], [ -118.206208904319993, 34.098967280017099 ], [ -118.206127652370995, 34.0990233104786 ], [ -118.206128052569994, 34.0990112739523 ], [ -118.206092376463999, 34.099010263114302 ], [ -118.206093147182997, 34.098988168570301 ], [ -118.206049215300993, 34.098947740447002 ], [ -118.206040808438999, 34.098954321685802 ], [ -118.206032567050997, 34.0989610135411 ], [ -118.206024457864999, 34.098967842093401 ], [ -118.206016481776999, 34.098974780363001 ], [ -118.206008670266002, 34.098981827450501 ], [ -118.206001025128998, 34.098988985154698 ], [ -118.205993478918003, 34.0989962525761 ], [ -118.205986130558003, 34.0990036297149 ], [ -118.205978915296996, 34.099011115671701 ], [ -118.205971865511003, 34.099018712244998 ], [ -118.205970646031005, 34.099020060328698 ], [ -118.205890872568006, 34.098898163520602 ], [ -118.205904785979001, 34.098887477776103 ], [ -118.205944647530004, 34.0988578981746 ], [ -118.205947582017004, 34.098855804552898 ], [ -118.205926759115002, 34.098689401196097 ], [ -118.205914987887994, 34.0986979672386 ], [ -118.205852342913005, 34.098744211277499 ], [ -118.205810701605003, 34.098775580529797 ], [ -118.205770085523, 34.098713520114003 ], [ -118.205797186593003, 34.098693084819203 ], [ -118.205840213757, 34.098661218241801 ], [ -118.205802881099999, 34.098363000353302 ], [ -118.205494754480995, 34.098250367461702 ], [ -118.205341464138996, 34.098347407907703 ], [ -118.205319696949005, 34.098360937308598 ], [ -118.205315640107003, 34.0983634446184 ], [ -118.205288099268003, 34.098380006533297 ], [ -118.205260195104003, 34.0983961565586 ], [ -118.20523195909, 34.098411894694301 ], [ -118.205117043719, 34.098479549792501 ], [ -118.204914854538998, 34.098598628125401 ], [ -118.204888798480994, 34.098614252946597 ], [ -118.204863106649, 34.098630261778297 ], [ -118.204837712493003, 34.098646627641003 ], [ -118.204812682560998, 34.098663376614802 ], [ -118.204788016856, 34.098680455639702 ], [ -118.204763715374995, 34.098697917775901 ], [ -118.20473977812, 34.098715709963201 ], [ -118.204724678502998, 34.098727331901998 ], [ -118.204716205989996, 34.098733858282102 ], [ -118.204693029561994, 34.098752363631903 ], [ -118.204670251533003, 34.098771169355203 ], [ -118.204647870105006, 34.098790333008701 ], [ -118.204625885278006, 34.098809797934997 ], [ -118.204604298850995, 34.098829591113898 ], [ -118.204583141401002, 34.098849686465002 ], [ -118.204562414725999, 34.098870083088997 ], [ -118.204556780472998, 34.098875836052201 ], [ -118.204542117927005, 34.098890781885203 ], [ -118.204522251902006, 34.0989117819543 ], [ -118.204502848130005, 34.098933055417397 ], [ -118.204483875132993, 34.098954603173603 ], [ -118.204465364387005, 34.098976425223 ], [ -118.204447317692001, 34.098998521565697 ], [ -118.204429733248006, 34.099020864322597 ], [ -118.204414060762005, 34.099041554125598 ], [ -118.204412611954993, 34.099043480473398 ], [ -118.204395987086997, 34.099066316058803 ], [ -118.204379825371007, 34.099089398058503 ], [ -118.204364159180997, 34.099112726472299 ], [ -118.204352246761005, 34.099131185057303 ], [ -118.204348890491005, 34.099136411017703 ], [ -118.204334216253002, 34.099160150421703 ], [ -118.204320038440997, 34.0991841353407 ], [ -118.204306389430002, 34.099208284835697 ], [ -118.204300536643004, 34.099219148646 ], [ -118.204299155284005, 34.099221651459203 ], [ -118.204293203570998, 34.099232653765199 ], [ -118.204280578888003, 34.099257213350903 ], [ -118.204268418254998, 34.0992819375126 ], [ -118.204256818798996, 34.0993068523305 ], [ -118.204245748144999, 34.0993319317245 ], [ -118.204235173916004, 34.099357147815297 ], [ -118.204225160864993, 34.099382527582698 ], [ -118.204215644239, 34.099408044047202 ], [ -118.204213938224996, 34.099412800561403 ], [ -118.204212954366, 34.099415577667997 ], [ -118.204212757414993, 34.099416155032699 ], [ -118.204143899024004, 34.099610710766797 ], [ -118.204073760897003, 34.099808923144401 ], [ -118.204003589495997, 34.100007163401102 ], [ -118.203933451370006, 34.1002053757787 ], [ -118.203863312343998, 34.100403588156198 ], [ -118.203793140043999, 34.100601828412799 ], [ -118.203723000118003, 34.100800040790404 ], [ -118.203652827818004, 34.1009982801476 ], [ -118.203582686993002, 34.101196492525197 ], [ -118.203512612718995, 34.101394484568999 ], [ -118.203356549766994, 34.101835451845801 ], [ -118.203379004938995, 34.101832418432501 ], [ -118.203441056361996, 34.1019342873387 ], [ -118.203415738648005, 34.1020368810984 ], [ -118.203415573171995, 34.102036771381101 ], [ -118.203409452385998, 34.102032769397901 ], [ -118.203403232675001, 34.102028878031398 ], [ -118.203396947312996, 34.102025041523603 ], [ -118.203390596301006, 34.102021314733001 ], [ -118.203384145464, 34.102017671579397 ], [ -118.203377629876002, 34.102014137243799 ], [ -118.203371047738003, 34.1020106865451 ], [ -118.203364399948995, 34.102007344664401 ], [ -118.203357654135004, 34.1020040864206 ], [ -118.203350874145997, 34.102000937894097 ], [ -118.203343996130997, 34.101997872105301 ], [ -118.203339928497002, 34.101996147205597 ], [ -118.203335025393002, 34.1020173694072 ], [ -118.203326061850007, 34.1020533818592 ], [ -118.203316339279993, 34.102089257614303 ], [ -118.203305854983, 34.1021249975717 ], [ -118.203294611659004, 34.102160573852601 ], [ -118.203282640783002, 34.102195986456799 ], [ -118.203269942356002, 34.102231208404703 ], [ -118.203257535309007, 34.102263516549201 ], [ -118.203256582926997, 34.102265991483499 ], [ -118.203213968552006, 34.102373751848297 ], [ -118.203116788711, 34.102619410658498 ], [ -118.203107237012006, 34.102644487354397 ], [ -118.203098180837998, 34.102669727726898 ], [ -118.203089686742004, 34.102695076917399 ], [ -118.203085556155997, 34.102707971397002 ], [ -118.203077855261, 34.102733512142997 ], [ -118.203070683167994, 34.102759162606397 ], [ -118.203064073150998, 34.102784893109501 ], [ -118.203057991934998, 34.102810733329903 ], [ -118.203052439521002, 34.102836655388501 ], [ -118.203051232630003, 34.102842949743497 ], [ -118.203047415008001, 34.102862658386201 ], [ -118.203042985847006, 34.102888716242397 ], [ -118.203039052213001, 34.102914827158699 ], [ -118.203035713928998, 34.102941019913303 ], [ -118.203032903548007, 34.102967239647597 ], [ -118.203030621967997, 34.1029934854621 ], [ -118.203028934840006, 34.1030197852361 ], [ -118.203027776512997, 34.10304608501 ], [ -118.203027180261998, 34.103072409964902 ], [ -118.203027111913997, 34.103098734919797 ], [ -118.203027604742005, 34.1031250589755 ], [ -118.203028659647003, 34.103151354252702 ], [ -118.203029763114998, 34.103170339840503 ], [ -118.203090457461002, 34.1032025805359 ], [ -118.203091570821002, 34.103198676578799 ], [ -118.203092816381996, 34.103194689884198 ], [ -118.203094127593999, 34.103190703189497 ], [ -118.203095538629995, 34.1031867443739 ], [ -118.203097015316999, 34.103182812538002 ], [ -118.203098591829004, 34.103178907681603 ], [ -118.203100233990995, 34.103175002825303 ], [ -118.203101975077999, 34.103171152827599 ], [ -118.203103782715999, 34.103167302829902 ], [ -118.203105689278004, 34.103163479811997 ], [ -118.203107662391005, 34.1031597125519 ], [ -118.203109701154006, 34.103155944392398 ], [ -118.203111839741993, 34.103152231091798 ], [ -118.203114043979994, 34.103148545670003 ], [ -118.203116313869003, 34.1031448863286 ], [ -118.203118683582005, 34.1031412557655 ], [ -118.203121118946996, 34.103137652182099 ], [ -118.203123620861007, 34.103134102557902 ], [ -118.203126222598996, 34.103130580812802 ], [ -118.203128889089001, 34.103127113926298 ], [ -118.203131623028, 34.103123674918798 ], [ -118.203134422618007, 34.103120262890997 ], [ -118.203137287857999, 34.103116905721798 ], [ -118.203140252921997, 34.103113575532298 ], [ -118.203143251262006, 34.1031103011006 ], [ -118.203327427920996, 34.102913819918001 ], [ -118.203346076263003, 34.102893921518401 ], [ -118.203346405413996, 34.102893536608597 ], [ -118.203489278009997, 34.102895796604898 ], [ -118.203486141175006, 34.102923280785902 ], [ -118.203480093234006, 34.102976462195102 ], [ -118.203480425083995, 34.102977148377903 ], [ -118.203480756933999, 34.102977834560598 ], [ -118.203481089682995, 34.102978521642598 ], [ -118.203481421532999, 34.1029792078253 ], [ -118.203481753381993, 34.102979867028402 ], [ -118.203482085231997, 34.102980553211097 ], [ -118.203482417082, 34.102981239393898 ], [ -118.203483409034007, 34.102981705242698 ], [ -118.203483873083997, 34.1029823086878 ], [ -118.203484370409996, 34.102982940011898 ], [ -118.203484867735, 34.102983543456901 ], [ -118.203485364160002, 34.102984146902003 ], [ -118.203485893861, 34.102984751246403 ], [ -118.203486424461005, 34.1029853268126 ], [ -118.203486987437003, 34.102985903277997 ], [ -118.203487550412007, 34.1029864797434 ], [ -118.203488113388005, 34.102987055309498 ], [ -118.203488708739002, 34.102987603895997 ], [ -118.203489304990001, 34.102988152482403 ], [ -118.203489901240005, 34.102988674089197 ], [ -118.203490529866002, 34.102989221776298 ], [ -118.203491158492, 34.102989743383098 ], [ -118.203491820392998, 34.102990237110902 ], [ -118.203492449018995, 34.102990757818397 ], [ -118.203493110919993, 34.102991223667203 ], [ -118.203493806096006, 34.102991717395 ], [ -118.203494467997004, 34.102992183243799 ], [ -118.203495163173002, 34.102992649092698 ], [ -118.203495857449994, 34.102993114941498 ], [ -118.203496585002, 34.102993553810698 ], [ -118.203497313452004, 34.102993991780401 ], [ -118.203498041003996, 34.102994402770598 ], [ -118.203498768554994, 34.102994813760802 ], [ -118.203499529382, 34.1029951977713 ], [ -118.203500290207998, 34.102995607862198 ], [ -118.203501051035005, 34.102995963993699 ], [ -118.203501810961995, 34.102996348004197 ], [ -118.203502571787993, 34.1029967032364 ], [ -118.203503365890001, 34.102997032388302 ], [ -118.203504159092006, 34.102997360640799 ], [ -118.203504953193004, 34.102997688893403 ], [ -118.203505779669996, 34.102997989266903 ], [ -118.203506572872001, 34.102998290539801 ], [ -118.203507399348993, 34.102998591812799 ], [ -118.203508225825999, 34.102998865206601 ], [ -118.203509052303005, 34.102999110721598 ], [ -118.203509912054997, 34.102999357135801 ], [ -118.203510738532003, 34.102999602650698 ], [ -118.203511565008995, 34.102999821186003 ], [ -118.203512423861, 34.103000039721202 ], [ -118.203513283613006, 34.103000230377503 ], [ -118.203514142466005, 34.103000421033798 ], [ -118.203515002217998, 34.103000611690099 ], [ -118.203515861070002, 34.103000775366702 ], [ -118.203516753198002, 34.103000911164301 ], [ -118.203517612949994, 34.1030010469619 ], [ -118.203518505077, 34.103001183658797 ], [ -118.203519363929999, 34.103001291577499 ], [ -118.203520256057004, 34.103001400395499 ], [ -118.203521148185004, 34.103001481334502 ], [ -118.203522007036995, 34.103001562273398 ], [ -118.203522899164994, 34.103001615333397 ], [ -118.203523791292, 34.103001669292802 ], [ -118.20352468342, 34.103001695373102 ], [ -118.203525542272004, 34.103001721453502 ], [ -118.203526434400004, 34.103001719654799 ], [ -118.203527325628002, 34.103001717856202 ], [ -118.203528217754993, 34.103001716057499 ], [ -118.203529109882993, 34.103001687279203 ], [ -118.203530001111005, 34.103001630621897 ], [ -118.203530893237996, 34.103001574863903 ], [ -118.203531752090996, 34.103001518206597 ], [ -118.203534988751002, 34.103001210638503 ], [ -118.203544731107002, 34.103000396752101 ], [ -118.203554507636994, 34.102999721361201 ], [ -118.203564283266999, 34.102999182667297 ], [ -118.203574060695999, 34.102998808549401 ], [ -118.203583870501006, 34.102998545048003 ], [ -118.203593681206002, 34.102998446122598 ], [ -118.203603458635001, 34.102998484793403 ], [ -118.203613270237994, 34.102998660161198 ], [ -118.203623048566996, 34.102999001004299 ], [ -118.203632861070005, 34.1029994515646 ], [ -118.203642607022999, 34.103000067600199 ], [ -118.203652386250994, 34.103000820332802 ], [ -118.203662133102995, 34.103001710661601 ], [ -118.203671847579997, 34.103002738586703 ], [ -118.203681528781999, 34.103003904108 ], [ -118.203691210882994, 34.103005206326301 ], [ -118.203700860607995, 34.103006674020001 ], [ -118.203710477059005, 34.103008251430801 ], [ -118.203720060235, 34.103009994316899 ], [ -118.203729578658994, 34.103011846920303 ], [ -118.203739097083997, 34.103013864099701 ], [ -118.203748549858005, 34.103016018875302 ], [ -118.203757969357, 34.1030182833683 ], [ -118.203767324105002, 34.103020713336399 ], [ -118.203776612303002, 34.1030232809008 ], [ -118.203785868124996, 34.103025958182599 ], [ -118.203795058297004, 34.103028773060601 ], [ -118.203804215193998, 34.103031725534798 ], [ -118.203813274064998, 34.103034814706099 ], [ -118.203822267286, 34.103038042372901 ], [ -118.203831227231007, 34.103041379757002 ], [ -118.203840088251994, 34.103044881717103 ], [ -118.203848851245994, 34.103048494293802 ], [ -118.203857580965007, 34.103052216587699 ], [ -118.203866211757997, 34.103056076477898 ], [ -118.203874776901998, 34.103060046984702 ], [ -118.203883243118995, 34.103064154188502 ], [ -118.203891611310993, 34.103068398988597 ], [ -118.203899879678005, 34.103072754405297 ], [ -118.203908083293996, 34.103077219539202 ], [ -118.203916187084005, 34.103081822269402 ], [ -118.203924192849001, 34.103086507737302 ], [ -118.203932099688998, 34.103091330801398 ], [ -118.203939907603001, 34.103096263582898 ], [ -118.203947583315994, 34.103101333960602 ], [ -118.203955193379997, 34.103106487075898 ], [ -118.203962672141998, 34.103111750807798 ], [ -118.203970017803996, 34.103117124257103 ], [ -118.203977298715003, 34.103122607423501 ], [ -118.203984414152004, 34.103128201206701 ], [ -118.203991497212002, 34.103133932586097 ], [ -118.203998349147, 34.1031396639655 ], [ -118.204005135431004, 34.103145559920797 ], [ -118.204011757139, 34.103151566492798 ], [ -118.204018279021994, 34.1031576288227 ], [ -118.204024702880005, 34.1031638278495 ], [ -118.204030961262006, 34.103170082634399 ], [ -118.204037087443993, 34.103176447136498 ], [ -118.204043082324006, 34.103182894376303 ], [ -118.204048945004999, 34.103189424353602 ], [ -118.204054676384004, 34.103196037068599 ], [ -118.204060274664002, 34.103202732521197 ], [ -118.204065709266999, 34.103209510711501 ], [ -118.204071010771003, 34.103216371639398 ], [ -118.204076148596997, 34.103223315304902 ], [ -118.204081186600007, 34.103230313829101 ], [ -118.204086026751, 34.1032373950909 ], [ -118.204090734702007, 34.1032445590903 ], [ -118.204095874326995, 34.103252628706997 ], [ -118.204096770052004, 34.103254111689097 ], [ -118.204106653601002, 34.103270417297097 ], [ -118.204116173825, 34.103286888380403 ], [ -118.204125364896001, 34.103303470080299 ], [ -118.204134225915993, 34.103320189376397 ], [ -118.204142723610005, 34.103337047168097 ], [ -118.204150857977993, 34.103354014677201 ], [ -118.20415862902, 34.103371093702201 ], [ -118.204166070910006, 34.103388310323503 ], [ -118.204173116198007, 34.103405609682298 ], [ -118.204179798160993, 34.103423020557102 ], [ -118.204186150072999, 34.103440513270201 ], [ -118.204188845340994, 34.103448560403898 ], [ -118.204189344464993, 34.103450015507001 ], [ -118.204192106283003, 34.103458089620297 ], [ -118.204197699166997, 34.103475776586997 ], [ -118.204202895449001, 34.103493519311698 ], [ -118.204207728406004, 34.103511344773899 ], [ -118.204212198936006, 34.103529225994201 ], [ -118.204216305239996, 34.103547189952003 ], [ -118.204220015843006, 34.103565181788902 ], [ -118.204223364019001, 34.103583257262699 ], [ -118.204226314695006, 34.103601333635801 ], [ -118.204228902943996, 34.103619492746603 ], [ -118.204231094590995, 34.103637679736302 ], [ -118.204232922912993, 34.103655894604998 ], [ -118.204234354633996, 34.103674111272397 ], [ -118.204243445879996, 34.103825723479503 ], [ -118.204244478302002, 34.103842675700101 ], [ -118.204260525804997, 34.104110429054202 ], [ -118.204264523291002, 34.104110861628101 ], [ -118.204311112669998, 34.104115811496698 ], [ -118.204304472974997, 34.104129150241299 ], [ -118.204297438477994, 34.104143423381402 ], [ -118.204274358277004, 34.104188279766497 ], [ -118.204261273141, 34.104213637950203 ], [ -118.204260663401001, 34.104220783063802 ], [ -118.204258694784997, 34.104239911643802 ], [ -118.204256297192003, 34.104258986264398 ], [ -118.204253535373994, 34.104278033005997 ], [ -118.204250344580004, 34.104297053667302 ], [ -118.204246790458996, 34.104316020369303 ], [ -118.204242806462005, 34.104334905232797 ], [ -118.204238425865, 34.104353763116897 ], [ -118.204224323595994, 34.104409183837902 ], [ -118.204217318776003, 34.104435547463702 ], [ -118.204211618873003, 34.104455122107296 ], [ -118.204205522368994, 34.104474614912696 ], [ -118.204198995989003, 34.104494025879802 ], [ -118.204192073008002, 34.104513328028801 ], [ -118.204184490824005, 34.104533235421599 ], [ -118.204170695223993, 34.1045651883339 ], [ -118.204161987088, 34.104583998553899 ], [ -118.204152882352005, 34.104602672076801 ], [ -118.204143414289007, 34.104621208902898 ], [ -118.204133515452, 34.104639609031899 ], [ -118.204123253288003, 34.104657844584999 ], [ -118.204112627797997, 34.104675971320198 ], [ -118.204101572431995, 34.104693905600399 ], [ -118.204090186114996, 34.104711676204097 ], [ -118.204081003138, 34.104725403455802 ], [ -118.204077422037997, 34.104733350764697 ], [ -118.204074992068996, 34.1047392359282 ], [ -118.204072627751998, 34.104745147171997 ], [ -118.204070428909006, 34.104751114173801 ], [ -118.204068363166002, 34.104757108155198 ], [ -118.204066395449999, 34.1047631291163 ], [ -118.204064559933997, 34.104769177956399 ], [ -118.204062857517002, 34.104775252876799 ], [ -118.204061286401, 34.104781356575501 ], [ -118.204059848385, 34.104787459374897 ], [ -118.204058508396002, 34.104793616133698 ], [ -118.204057334780003, 34.104799773791697 ], [ -118.204056259191006, 34.104805930550398 ], [ -118.204055349976997, 34.104812142167802 ], [ -118.204054538788, 34.1048183268055 ], [ -118.204053860699005, 34.104824537523598 ], [ -118.204053313911004, 34.1048307761206 ], [ -118.204052932598998, 34.104836986838698 ], [ -118.204052651110999, 34.104843225435701 ], [ -118.204052500924007, 34.104849463133398 ], [ -118.204052482937996, 34.104855700831102 ], [ -118.204052597152, 34.104861938528799 ], [ -118.204052843566004, 34.104868176226503 ], [ -118.204053222181003, 34.104874385145898 ], [ -118.204053699721001, 34.104880621944297 ], [ -118.204054342736001, 34.104886830863698 ], [ -118.204055117951, 34.1048930397831 ], [ -118.204056024468002, 34.104899221722903 ], [ -118.204056460638995, 34.1049019412728 ], [ -118.204103077897003, 34.104836820464101 ], [ -118.204158542684993, 34.104756214229099 ], [ -118.204209259951995, 34.104679379750799 ], [ -118.204229103491997, 34.104648267704597 ], [ -118.204299043768003, 34.104746413417402 ], [ -118.204370079417998, 34.104711395615602 ], [ -118.204437468316996, 34.104805917959901 ], [ -118.204749887399004, 34.104651865892102 ], [ -118.204724597563995, 34.104617230302097 ], [ -118.204775114282, 34.104607005010401 ], [ -118.204836431857998, 34.104690986401003 ], [ -118.204913527139993, 34.1047966486476 ], [ -118.205229798019005, 34.105229945606702 ], [ -118.205368273828995, 34.105161673573498 ], [ -118.205363294283003, 34.105124832845902 ], [ -118.205356098807002, 34.1050735975696 ], [ -118.205566991626, 34.105156279439903 ], [ -118.205571535, 34.105190125425104 ], [ -118.205590511595005, 34.105330756910099 ], [ -118.205747651034997, 34.105316227463099 ], [ -118.205828797763004, 34.105429989004001 ], [ -118.205913061540997, 34.105548141035001 ], [ -118.205941925282005, 34.105588607829198 ], [ -118.205970530018007, 34.105628710397902 ], [ -118.205997357694002, 34.105666320945097 ], [ -118.206081621471995, 34.105784472976197 ], [ -118.206193174277999, 34.105729463245297 ], [ -118.206277108004002, 34.105847807731301 ], [ -118.206174543022996, 34.1058983730127 ], [ -118.206165918523993, 34.105902625007303 ], [ -118.206288632815998, 34.106074662616798 ], [ -118.206266112893005, 34.106075545750997 ], [ -118.205992183893997, 34.106079125952 ], [ -118.205718254895999, 34.106075545750997 ], [ -118.205444595694004, 34.106064809644401 ], [ -118.205171476984006, 34.106046928424099 ], [ -118.204899168563998, 34.106021919177401 ], [ -118.204627939329995, 34.105989806185796 ], [ -118.204358056380997, 34.105950621824903 ], [ -118.204089786815999, 34.105904404765603 ], [ -118.203823395035997, 34.105851200873403 ], [ -118.203559144541003, 34.105791061409498 ], [ -118.203297295235998, 34.105724047528 ], [ -118.203038107024994, 34.105650223979801 ], [ -118.202781833516994, 34.105569664509602 ], [ -118.202528730118999, 34.105482447358298 ], [ -118.202279045043994, 34.105388660659301 ], [ -118.202033024705997, 34.105288395244401 ], [ -118.201790912822005, 34.105181750038902 ], [ -118.201552948612004, 34.105068832062102 ], [ -118.201319365898001, 34.104949751031299 ], [ -118.201090395807, 34.104824625657102 ], [ -118.200866264069006, 34.1046935782472 ], [ -118.200647191916005, 34.104556739203304 ], [ -118.200433396087007, 34.104414243423797 ], [ -118.200294008363997, 34.104315202885502 ], [ -118.200334286300006, 34.104295338660101 ], [ -118.200565510992007, 34.104181302825999 ], [ -118.200585217835993, 34.104171581154702 ], [ -118.200663354531997, 34.104133034413202 ], [ -118.200708476217002, 34.104110775293201 ], [ -118.200852990974994, 34.104039502222399 ], [ -118.200867113029005, 34.104032527080697 ], [ -118.200899248504001, 34.10401637076 ], [ -118.200931053028, 34.103999720711698 ] ] ], [ [ [ -118.189531305228002, 34.116373505334202 ], [ -118.189602389441006, 34.1163384965256 ], [ -118.189630804420005, 34.116324492282601 ], [ -118.189659250876005, 34.116310488039801 ], [ -118.189801354550994, 34.116240469523198 ], [ -118.189943491500998, 34.116170450107397 ], [ -118.190057213472002, 34.116114434934403 ], [ -118.190170902168006, 34.116058418862103 ], [ -118.190227763603005, 34.116030411275602 ], [ -118.190284591763003, 34.116002403689102 ], [ -118.190398312834006, 34.115946387616901 ], [ -118.190512001529996, 34.115890371544502 ], [ -118.190654136681005, 34.115820351229402 ], [ -118.190760729725994, 34.115767836217799 ], [ -118.190855937354002, 34.115720916788 ], [ -118.190955435646998, 34.1156719028372 ], [ -118.191080507961004, 34.115610290283897 ], [ -118.191075470857996, 34.115603236001697 ], [ -118.191046767196994, 34.115562942776798 ], [ -118.191240814813995, 34.115511882868297 ], [ -118.191284763783003, 34.115573557474903 ], [ -118.191385614655999, 34.115523936481601 ], [ -118.191490302038005, 34.115663967219497 ], [ -118.191385854776001, 34.115715380561497 ], [ -118.191453767080006, 34.1158106511418 ], [ -118.191521150583, 34.115905181579997 ], [ -118.191588533186007, 34.1159997389979 ], [ -118.191655916689001, 34.116094268536898 ], [ -118.191723332568003, 34.116188825954701 ], [ -118.191807554077002, 34.1163070157573 ], [ -118.191874970854997, 34.116401573175303 ], [ -118.192031648043994, 34.116621400758198 ], [ -118.192032078820006, 34.116622005102599 ], [ -118.192032542869995, 34.116622608547701 ], [ -118.192033006919999, 34.116623212892101 ], [ -118.192033503345996, 34.116623816337203 ], [ -118.192034000671001, 34.116624392802699 ], [ -118.192034530371004, 34.116624968368797 ], [ -118.192035026797001, 34.1166255448342 ], [ -118.192035557397006, 34.116626121299603 ], [ -118.192036120373004, 34.116626669886102 ], [ -118.192036683347993, 34.116627218472502 ], [ -118.192037246324006, 34.116627767059001 ], [ -118.192037808400002, 34.116628288665702 ], [ -118.192038404651001, 34.1166288372522 ], [ -118.192039033276998, 34.116629330979997 ], [ -118.192039629527002, 34.116629851687499 ], [ -118.192040258153, 34.116630345415302 ], [ -118.192040886780006, 34.116630839143099 ], [ -118.192041548681004, 34.116631304991898 ], [ -118.192042178205995, 34.116631798719702 ], [ -118.192042839208, 34.116632237588902 ], [ -118.192043534383998, 34.116632703437702 ], [ -118.192044196284996, 34.116633142306803 ], [ -118.192044891460995, 34.116633580276599 ], [ -118.192045619012006, 34.116633991266902 ], [ -118.192046313288998, 34.116634403156297 ], [ -118.192047041739997, 34.1166348141466 ], [ -118.192047769290994, 34.1166351972577 ], [ -118.192048496843, 34.116635581268199 ], [ -118.192049224393998, 34.116635936500401 ], [ -118.192049985221004, 34.116636292632002 ], [ -118.192050746047002, 34.116636648763503 ], [ -118.192051506873995, 34.116636977915398 ], [ -118.192052266800999, 34.116637306167902 ], [ -118.192053060901998, 34.116637634420499 ], [ -118.192053854104003, 34.116637935693298 ], [ -118.192054614930996, 34.116638209087199 ], [ -118.192055441408002, 34.1166384824812 ], [ -118.192056235509, 34.116638755875101 ], [ -118.192057028711005, 34.116639029268903 ], [ -118.192057855187997, 34.116639275683198 ], [ -118.192058681665003, 34.116639494218397 ], [ -118.192059508141995, 34.116639712753702 ], [ -118.192060334619001, 34.116639931289001 ], [ -118.192061161096007, 34.116640121945203 ], [ -118.192061987572998, 34.116640313500803 ], [ -118.192062846425003, 34.116640477177398 ], [ -118.192063672901995, 34.116640639954703 ], [ -118.192064532654001, 34.1166407766517 ], [ -118.192065358232, 34.116640912449299 ], [ -118.192066217984006, 34.116641048246898 ], [ -118.192067076835997, 34.116641157064898 ], [ -118.192067936588003, 34.116641265882897 ], [ -118.192068795441003, 34.116641346821901 ], [ -118.192069655192995, 34.116641427760896 ], [ -118.192070514045, 34.116641480820803 ], [ -118.192071372897999, 34.116641534780101 ], [ -118.192072231750004, 34.1166415608606 ], [ -118.192073091501996, 34.116641586940901 ], [ -118.192073983629996, 34.116641586041503 ], [ -118.192074842482, 34.116641584242899 ], [ -118.192075701335, 34.116641583343601 ], [ -118.192076560187004, 34.1166415536659 ], [ -118.192077419040004, 34.116641524887697 ], [ -118.192078277891994, 34.116641469129597 ], [ -118.192079170019994, 34.116641385492798 ], [ -118.192080028871999, 34.116641328835399 ], [ -118.192080854449998, 34.116641217319497 ], [ -118.192081713302997, 34.116641133682499 ], [ -118.192082572155002, 34.116641022166597 ], [ -118.192083431008001, 34.116640883671003 ], [ -118.192084288960999, 34.116640745175502 ], [ -118.192085114538997, 34.116640605780503 ], [ -118.192085973391002, 34.116640440305297 ], [ -118.192086798969001, 34.116640246051702 ], [ -118.192087657821006, 34.116640079677097 ], [ -118.192088483399004, 34.116639859343302 ], [ -118.192089308977003, 34.1166396650896 ], [ -118.192090133655, 34.1166394438564 ], [ -118.192090926857006, 34.116639195643501 ], [ -118.192091751535003, 34.116638946531303 ], [ -118.192092543838001, 34.116638698318397 ], [ -118.192093369416, 34.1166384222266 ], [ -118.192094161718003, 34.116638119154999 ], [ -118.192094954021002, 34.116637843063202 ], [ -118.192095713049, 34.116637539092302 ], [ -118.192096505351998, 34.116637208141803 ], [ -118.192097264379001, 34.116636877191297 ], [ -118.192098023406999, 34.116636546240798 ], [ -118.192098782434996, 34.116636188310601 ], [ -118.192099541462994, 34.116635829481098 ], [ -118.192284314372003, 34.116544801002902 ], [ -118.192287694922996, 34.1165495215443 ], [ -118.192344522184001, 34.116521513058501 ], [ -118.192401382720007, 34.116493504572702 ], [ -118.192515070515995, 34.116437458822801 ], [ -118.192628758313006, 34.116381440951898 ], [ -118.192790759488005, 34.116301604536602 ], [ -118.192799306645, 34.116297386716198 ], [ -118.192912994441002, 34.116241367945896 ], [ -118.193055127793997, 34.116171344932802 ], [ -118.193051747241995, 34.116166624391397 ], [ -118.193193880595004, 34.116096573499298 ], [ -118.193197228770998, 34.116101321919601 ], [ -118.193339362123993, 34.116031271027502 ], [ -118.193481462202001, 34.115961248014401 ], [ -118.193623594654994, 34.115891197122203 ], [ -118.193620214104001, 34.115886475681499 ], [ -118.193709389079004, 34.115842542000898 ], [ -118.193709411561997, 34.115841563538503 ], [ -118.193711315426995, 34.115841593216103 ], [ -118.193762346556994, 34.115816452668298 ], [ -118.193765694733003, 34.115821173209703 ], [ -118.193907827187005, 34.115751149297303 ], [ -118.194013625230994, 34.115699017396899 ], [ -118.194038220788997, 34.115686892737003 ], [ -118.194041967364996, 34.1155233402311 ], [ -118.193958732412, 34.115406649598398 ], [ -118.193874442554005, 34.115288516452999 ], [ -118.193790153595003, 34.115170355428702 ], [ -118.193705864636001, 34.115052194404399 ], [ -118.193621576577002, 34.114934033380102 ], [ -118.193600992894005, 34.114905213705804 ], [ -118.193645823197997, 34.1147617853293 ], [ -118.193522073786994, 34.114822739578997 ], [ -118.193674680643994, 34.114411962543201 ], [ -118.193735369593995, 34.1144969673623 ], [ -118.193740583863004, 34.114481204944802 ], [ -118.193746584140001, 34.114219306177198 ], [ -118.193421445045999, 34.1142141539612 ], [ -118.193427639576001, 34.113943777284703 ], [ -118.193102501381006, 34.113938623270002 ], [ -118.193108699508997, 34.113668246593399 ], [ -118.192783560414995, 34.113663092578797 ], [ -118.192789758543, 34.113392716801599 ], [ -118.192464623046007, 34.113387560089002 ], [ -118.192474851035996, 34.112941489159603 ], [ -118.192414913918995, 34.112970077708098 ], [ -118.192365629272004, 34.112901047546501 ], [ -118.192145489625005, 34.1130094985906 ], [ -118.192003393144006, 34.113079520704503 ], [ -118.191861296664001, 34.113149542818299 ], [ -118.191719166908001, 34.113219564032804 ], [ -118.191577070427996, 34.113289585247301 ], [ -118.191434939773004, 34.113359606461799 ], [ -118.191292842392997, 34.113429627676297 ], [ -118.191150711738004, 34.113499647991503 ], [ -118.191008614357997, 34.1135696692061 ], [ -118.190866516078998, 34.113639661642203 ], [ -118.190724384524998, 34.113709681957502 ], [ -118.190582286245998, 34.113779702272602 ], [ -118.190440153791997, 34.113849722587801 ], [ -118.190403193454998, 34.113867943751799 ], [ -118.190298054614004, 34.113919742003702 ], [ -118.190155923060004, 34.113989761419496 ], [ -118.190186646599003, 34.114032855133402 ], [ -118.190014675539004, 34.114114875102601 ], [ -118.189985409800997, 34.114073785078297 ], [ -118.189895153839998, 34.114118222379297 ], [ -118.189816079151001, 34.113965565159901 ], [ -118.189841654071003, 34.113952967456697 ], [ -118.189843106476005, 34.113952222818 ], [ -118.189845250459996, 34.113951010531899 ], [ -118.189847329692995, 34.113949715508099 ], [ -118.189849308201005, 34.113948311666398 ], [ -118.189851221059001, 34.113946824187799 ], [ -118.189853001716997, 34.113945282749803 ], [ -118.189854155546996, 34.113944208959197 ], [ -118.189855770728997, 34.113942530824303 ], [ -118.189856792358995, 34.113941347316498 ], [ -118.189858241167002, 34.113939559464299 ], [ -118.189859591949002, 34.1139377158541 ], [ -118.189860777255006, 34.113935818284503 ], [ -118.189861896012005, 34.113933864957097 ], [ -118.189862849292993, 34.113931857670302 ], [ -118.189863703648996, 34.113929795524797 ], [ -118.189864392529998, 34.113927733379398 ], [ -118.189864982485005, 34.113925616375298 ], [ -118.189865406964998, 34.113923500270502 ], [ -118.189865732520005, 34.113921356286703 ], [ -118.189865862022003, 34.113919927264 ], [ -118.189865955550999, 34.113917756300602 ], [ -118.189865884504997, 34.1139156132162 ], [ -118.189865714532999, 34.113913470131699 ], [ -118.189865513084996, 34.113912041109003 ], [ -118.189865078712998, 34.1139098989239 ], [ -118.189864545415006, 34.113907783718403 ], [ -118.189864112840993, 34.113906382574697 ], [ -118.189863348417006, 34.113904323127201 ], [ -118.189862451793005, 34.1139023185384 ], [ -118.189861422967994, 34.113900314848799 ], [ -118.189860295219006, 34.113898392997598 ], [ -118.189859036168002, 34.113896499025401 ], [ -118.189800074816006, 34.113813770390401 ], [ -118.189732694910006, 34.1137192120732 ], [ -118.189668265679998, 34.113628853589901 ], [ -118.189533508566996, 34.113439763935098 ], [ -118.189462086207996, 34.1133395237012 ], [ -118.189317323238001, 34.113269185025999 ], [ -118.189270775227996, 34.113283904229903 ], [ -118.189147238955996, 34.113322951893899 ], [ -118.188900198786996, 34.113401076 ], [ -118.188776662514996, 34.113440123663999 ], [ -118.188653125344004, 34.113479171327803 ], [ -118.188606807560006, 34.1134938077942 ], [ -118.188603605073993, 34.113494884282602 ], [ -118.188598885432, 34.113496677530797 ], [ -118.188594264716002, 34.113498636254199 ], [ -118.188589776198995, 34.1135008135129 ], [ -118.188585454058, 34.113503184125797 ], [ -118.188581264115996, 34.113505746294301 ], [ -118.188577272025995, 34.113508472139401 ], [ -118.188573413933995, 34.113511391338797 ], [ -118.188569786068996, 34.113514447235097 ], [ -118.188566324578005, 34.113517667707399 ], [ -118.188564149117994, 34.113519924106399 ], [ -118.188561051853, 34.113523364013197 ], [ -118.188559075143004, 34.113525757109201 ], [ -118.188556374479006, 34.113529416450604 ], [ -118.188553871666002, 34.113533212488903 ], [ -118.188551634153001, 34.113537090365597 ], [ -118.188550252794002, 34.113539757754801 ], [ -118.188548444256995, 34.113543772328399 ], [ -118.188546867745998, 34.113547896619302 ], [ -118.188545523258995, 34.113552075768901 ], [ -118.188544475548994, 34.113556281897999 ], [ -118.188543724615002, 34.113560569865598 ], [ -118.188543335209005, 34.113563427910996 ], [ -118.188543014150994, 34.113567714979197 ], [ -118.188542921521005, 34.113570600903699 ], [ -118.188543030339005, 34.113574914951499 ], [ -118.188543436832006, 34.1135792281001 ], [ -118.188544106826996, 34.113583513369598 ], [ -118.188545008847001, 34.113587743780499 ], [ -118.188546207643995, 34.113591946312397 ], [ -118.188547670839995, 34.1135960930864 ], [ -118.188549364264006, 34.113600102264101 ], [ -118.188549530637999, 34.113600487173898 ], [ -118.188456727797998, 34.113629374297297 ], [ -118.188455500223, 34.113626848101802 ], [ -118.188453376924002, 34.113622922560999 ], [ -118.188450989223995, 34.113619078858598 ], [ -118.188448371297, 34.1136153457727 ], [ -118.188445522245004, 34.113611750283198 ], [ -118.188442474442994, 34.113608265410299 ], [ -118.188439163138995, 34.113604918133603 ], [ -118.188435687259002, 34.1136017363322 ], [ -118.188432013528995, 34.113598692127098 ], [ -118.188428141048007, 34.113595812497898 ], [ -118.188425461067993, 34.113594003061898 ], [ -118.188421292710999, 34.1135914265043 ], [ -118.188416959777001, 34.113589015421901 ], [ -118.188412527918004, 34.113586823774 ], [ -118.188407930584006, 34.113584797601497 ], [ -118.188404789252004, 34.113583566429597 ], [ -118.188399994966005, 34.113581897287901 ], [ -118.188395135928999, 34.1135804484801 ], [ -118.188390144691994, 34.113579220006201 ], [ -118.188386806408005, 34.113578510441002 ], [ -118.188381716245004, 34.113577612018403 ], [ -118.188376593707005, 34.113576960009802 ], [ -118.188371438792998, 34.113576528335301 ], [ -118.188366251502998, 34.113576316994603 ], [ -118.188361065113, 34.1135763520682 ], [ -118.188355878723002, 34.113576607475601 ], [ -118.188350726506997, 34.113577055337998 ], [ -118.188347291097003, 34.113577500502402 ], [ -118.188342205430999, 34.113578360254301 ], [ -118.188337186314001, 34.1135794124611 ], [ -118.188332233748, 34.113580684102402 ], [ -118.188328899062, 34.113581705732301 ], [ -118.188283010255006, 34.113596203702997 ], [ -118.188159506358005, 34.113635251366901 ], [ -118.188035968286997, 34.113674298131599 ], [ -118.187912431116004, 34.113713344896098 ], [ -118.187876148867005, 34.113724832835899 ], [ -118.187788927219003, 34.113752419539701 ], [ -118.187665389147995, 34.113791466304299 ], [ -118.187510983647002, 34.113840288699599 ], [ -118.187418346282001, 34.113869559833503 ], [ -118.187356578145994, 34.113889110195501 ], [ -118.187171303414999, 34.113947679443001 ], [ -118.187047765344005, 34.1139867262076 ], [ -118.186924227272996, 34.1140257720729 ], [ -118.186800721577995, 34.114064844917898 ], [ -118.186677183507001, 34.114103890783099 ], [ -118.186522776206999, 34.114152712279001 ], [ -118.186430138841999, 34.114181982513699 ], [ -118.186368369806999, 34.114201532875597 ], [ -118.186183060901996, 34.114260100324501 ], [ -118.186059555206, 34.114299145290502 ], [ -118.186008706639001, 34.114315216175498 ], [ -118.185936015337006, 34.114338190256497 ], [ -118.185688969772002, 34.114416308067298 ], [ -118.185748482408997, 34.114480955832597 ], [ -118.185718445952006, 34.114493504972401 ], [ -118.185656747962994, 34.114426497386098 ], [ -118.185627167462002, 34.114435857529998 ], [ -118.185529588321998, 34.114531303478103 ], [ -118.185443975561, 34.114615052843597 ], [ -118.185401185817994, 34.114656913586899 ], [ -118.185358395175996, 34.114698802209098 ], [ -118.185272782414998, 34.114782523695602 ], [ -118.185187202029994, 34.114866272161898 ], [ -118.185146540082997, 34.114906049176 ], [ -118.185101589268996, 34.114950021527498 ], [ -118.185016007984999, 34.115033743014003 ], [ -118.184994579838005, 34.1150546864258 ], [ -118.184930394323999, 34.115117491480198 ], [ -118.184887604580993, 34.1151593522235 ], [ -118.184844813938994, 34.115201239946401 ], [ -118.184759199379997, 34.115284961432998 ], [ -118.184673618095005, 34.115368709899201 ], [ -118.184620113828998, 34.115421055838198 ], [ -118.184614779051003, 34.115488772090401 ], [ -118.184707751863002, 34.115595604354901 ], [ -118.184855377375996, 34.1157652524656 ], [ -118.184920029637993, 34.115763971831001 ], [ -118.184938128493997, 34.115746274971798 ], [ -118.185031072528005, 34.115854234086797 ], [ -118.184974452111007, 34.115902105898599 ], [ -118.185057257189001, 34.115997220896197 ], [ -118.185154173528005, 34.116108498509497 ], [ -118.185251056593003, 34.116219776122897 ], [ -118.185347972933002, 34.116331053736303 ], [ -118.185444856897007, 34.116442359228699 ], [ -118.185541774135999, 34.116553636842099 ], [ -118.185639453099995, 34.116665819173399 ], [ -118.185736337064, 34.116777096786798 ], [ -118.185806103771, 34.116742614081502 ], [ -118.185937383205996, 34.116869501227697 ], [ -118.185853062771002, 34.116911178509298 ], [ -118.185899463292003, 34.116964502011299 ], [ -118.185791572525005, 34.116882840871597 ], [ -118.185594818848003, 34.116724240032802 ], [ -118.185404152681997, 34.116560576910203 ], [ -118.185219761984996, 34.116392012482599 ], [ -118.185041829319005, 34.116218714922901 ], [ -118.184870530053004, 34.1160408533039 ], [ -118.184706032359998, 34.115858603892598 ], [ -118.184548499914996, 34.115672147452798 ], [ -118.184398087404006, 34.115481666546899 ], [ -118.184254943213006, 34.115287350032297 ], [ -118.184119208536998, 34.115089389464899 ], [ -118.183991018273005, 34.114887980896803 ], [ -118.183870497428003, 34.114683322178799 ], [ -118.183757765611006, 34.1144756156583 ], [ -118.183652934337999, 34.114265066380902 ], [ -118.183572395552005, 34.114087744355103 ], [ -118.183590379294998, 34.1140926267745 ], [ -118.183613088974994, 34.114098445388102 ], [ -118.183635962332005, 34.114103906970897 ], [ -118.183658902239003, 34.114109065482197 ], [ -118.183681972547006, 34.1141138660632 ], [ -118.183705174156998, 34.1141183374924 ], [ -118.183728409040995, 34.114122478870499 ], [ -118.183751741950999, 34.114126291096603 ], [ -118.183775172888005, 34.114129744493297 ], [ -118.183798669474996, 34.114132868738103 ], [ -118.183822197539001, 34.114135663831 ], [ -118.183845824526998, 34.114138073114802 ], [ -118.183869451516003, 34.114140181125599 ], [ -118.183893143256, 34.114141931206298 ], [ -118.183916866472003, 34.114143351235803 ], [ -118.183940622962993, 34.114144414234502 ], [ -118.183964411830004, 34.114145120202302 ], [ -118.183988198898007, 34.114145496119001 ], [ -118.184005411922001, 34.114145497018299 ], [ -118.184011985965995, 34.114145514105303 ], [ -118.184015719051999, 34.114145453850803 ], [ -118.184018990786001, 34.114145640909797 ], [ -118.184040215685002, 34.114077516365498 ], [ -118.184054026574003, 34.114033227452701 ], [ -118.184051945543004, 34.114033120433298 ], [ -118.184019266877996, 34.114030944973301 ], [ -118.183986652963995, 34.114028300966503 ], [ -118.183986421838, 34.114028273986797 ], [ -118.184179462214999, 34.1137897126263 ], [ -118.184186928385998, 34.113789755793803 ], [ -118.184214514190998, 34.1137895210707 ], [ -118.184242065820996, 34.113788902337099 ], [ -118.184269616552001, 34.113787870814797 ], [ -118.184297166383004, 34.113786455281797 ], [ -118.184324648765994, 34.113784626960197 ], [ -118.184352097873003, 34.113782386748902 ], [ -118.184374955042003, 34.113780236469999 ], [ -118.184268424050998, 34.113726485789797 ], [ -118.184452152847001, 34.113701947787803 ], [ -118.184570625036002, 34.113686125115699 ], [ -118.184618351157994, 34.113710206262198 ], [ -118.184677652453999, 34.113740122209997 ], [ -118.184800640139997, 34.113720561955603 ], [ -118.184959757189006, 34.113695229852098 ], [ -118.185574277433005, 34.113597457357898 ], [ -118.185799100750003, 34.1135616877229 ], [ -118.185719127637995, 34.113521279384699 ], [ -118.185967184939997, 34.113453685440398 ], [ -118.186046926925997, 34.113493983162002 ], [ -118.186106526797005, 34.1135240906655 ], [ -118.186709170594, 34.112997603257902 ], [ -118.187030091867001, 34.112717236012799 ], [ -118.187041467392007, 34.112707298504198 ], [ -118.187132569615002, 34.112627689617398 ], [ -118.187223705112004, 34.1125480798312 ], [ -118.187314807335, 34.112468470045002 ], [ -118.187383158507998, 34.112408763155102 ], [ -118.187405942832001, 34.112388888137801 ], [ -118.187474294005995, 34.112329180348603 ], [ -118.187497044154995, 34.112309278351702 ], [ -118.187588178753998, 34.112229668565497 ], [ -118.187679280077006, 34.112150058779399 ], [ -118.187736255725994, 34.112100288498702 ], [ -118.187731934482997, 34.112044458586098 ], [ -118.187642964553007, 34.111984363189002 ], [ -118.187462742213995, 34.111862637252102 ], [ -118.187334531266004, 34.111776003760802 ], [ -118.187206287942004, 34.111689397249002 ], [ -118.187184286028, 34.111674537750901 ], [ -118.187180646472001, 34.111672070011203 ], [ -118.187078078791998, 34.111602789838003 ], [ -118.187072520083007, 34.1115990891278 ], [ -118.186937828620003, 34.111509387149702 ], [ -118.186870033228004, 34.111581266363601 ], [ -118.186859124451004, 34.111578013515697 ], [ -118.186929292255002, 34.1115036027103 ], [ -118.186889224759994, 34.111476543009204 ], [ -118.186809619469997, 34.111422724880001 ], [ -118.186759028108995, 34.111476386527201 ], [ -118.186706031060993, 34.111532580665198 ], [ -118.186695122283993, 34.111529326918102 ], [ -118.186745053544001, 34.1114763532523 ], [ -118.186801083106005, 34.111416967420297 ], [ -118.186681442696994, 34.111336090489402 ], [ -118.186672906332007, 34.11133030605 ], [ -118.186553266822003, 34.111249428219701 ], [ -118.186378027626006, 34.111435234449701 ], [ -118.186312407694004, 34.111415743442997 ], [ -118.186388805101004, 34.111334755895399 ], [ -118.186470376309003, 34.111248264497 ], [ -118.186563121592997, 34.111149939819001 ], [ -118.186696723077006, 34.1112402488396 ], [ -118.186764180325, 34.111179883645903 ], [ -118.186771707649996, 34.111103837873003 ], [ -118.186785277520997, 34.110966890910497 ], [ -118.186798813216996, 34.110829970927597 ], [ -118.186913759164995, 34.109668349915502 ], [ -118.187263432663002, 34.1094436372153 ], [ -118.187341845451996, 34.1093932302146 ], [ -118.187420290616004, 34.1093428492943 ], [ -118.187508961971005, 34.109285858356898 ], [ -118.187431899963997, 34.109216401916598 ], [ -118.187604346764999, 34.109128724312399 ], [ -118.187666413475995, 34.109184684626698 ], [ -118.187786258030997, 34.109107640606297 ], [ -118.187884198698995, 34.109044726733899 ], [ -118.187916988880005, 34.109023654719003 ], [ -118.187951460793002, 34.109001481034703 ], [ -118.187994620157994, 34.109008200768997 ], [ -118.188205691042, 34.109041066493198 ], [ -118.188238175454003, 34.109046126978299 ], [ -118.188335730312005, 34.109061320125001 ], [ -118.188337269051999, 34.108994427651901 ], [ -118.188541366593, 34.108997671506501 ], [ -118.188543163437998, 34.108989650453204 ], [ -118.188547955925998, 34.108990797088801 ], [ -118.188546398300005, 34.108997751546198 ], [ -118.188662387460994, 34.108999595156298 ], [ -118.188681022313006, 34.108188461529501 ], [ -118.1883559093, 34.108183294024997 ], [ -118.188364007695, 34.107830860507001 ], [ -118.188318114392004, 34.107840318676899 ], [ -118.188189866570994, 34.107866733564101 ], [ -118.188061618750993, 34.107893175430902 ], [ -118.187933336756004, 34.1079195894187 ], [ -118.187886118752004, 34.107929335371701 ], [ -118.187805055661002, 34.107946031285501 ], [ -118.187676807841001, 34.107972445273298 ], [ -118.187548559120998, 34.1079988862408 ], [ -118.187420278025996, 34.108025327208203 ], [ -118.187292029305993, 34.1080517411961 ], [ -118.187087405661003, 34.108093908608097 ], [ -118.186888593435995, 34.1081348565396 ], [ -118.186781576810006, 34.108156923204596 ], [ -118.186780453557006, 34.108157144437897 ], [ -118.186779364477999, 34.1081574205297 ], [ -118.186778242124007, 34.108157669641898 ], [ -118.186777152146007, 34.108157973612798 ], [ -118.186776063067001, 34.108158277583598 ], [ -118.186774973089001, 34.108158581554498 ], [ -118.186773884009995, 34.108158913404303 ], [ -118.186772794931002, 34.108159272233799 ], [ -118.186771738226994, 34.108159631063302 ], [ -118.186770681523996, 34.108160016872397 ], [ -118.186769625720004, 34.108160431459901 ], [ -118.186768602290996, 34.108160817269102 ], [ -118.186767546487005, 34.108161258836198 ], [ -118.186766523059006, 34.108161699504002 ], [ -118.186765532905, 34.108162141071098 ], [ -118.186764510375994, 34.108162637496903 ], [ -118.186763520222001, 34.108163106043698 ], [ -118.186762530069004, 34.108163602469503 ], [ -118.186761573189997, 34.1081641258749 ], [ -118.186760616311005, 34.108164649280397 ], [ -118.186759659432994, 34.108165200564798 ], [ -118.186758703454004, 34.108165750949802 ], [ -118.186757778949996, 34.1081663301132 ], [ -118.186756855346999, 34.108166908377299 ], [ -118.186755965017994, 34.1081674866413 ], [ -118.186755074689003, 34.108168119764102 ], [ -118.186754183461005, 34.108168725907099 ], [ -118.186753326407, 34.108169359029901 ], [ -118.186752469352996, 34.108170020031601 ], [ -118.186751644674999, 34.1081706810333 ], [ -118.186750819996007, 34.108171342035 ], [ -118.186749996217003, 34.108172030016398 ], [ -118.186749204814006, 34.108172717997697 ], [ -118.186748446685996, 34.108173433858099 ], [ -118.186747655282005, 34.108174149718401 ], [ -118.186746929528994, 34.108174864679398 ], [ -118.186746171400998, 34.108175608418698 ], [ -118.186745479821994, 34.108176351258798 ], [ -118.186744754968998, 34.108177121977803 ], [ -118.186744062491002, 34.108177891797503 ], [ -118.186743403288006, 34.108178662516501 ], [ -118.186742744984002, 34.108179460215098 ], [ -118.186742119056007, 34.108180257913801 ], [ -118.186741493127997, 34.108181056511697 ], [ -118.186740900474007, 34.108181881189999 ], [ -118.186740306922005, 34.1081827067677 ], [ -118.186739714268995, 34.108183532345301 ], [ -118.186739188165006, 34.1081843849026 ], [ -118.186738627886996, 34.108185237459899 ], [ -118.186738134159995, 34.108186090017199 ], [ -118.186737641331007, 34.108186969554197 ], [ -118.186737147602997, 34.108187823010802 ], [ -118.186736687150997, 34.1081887025477 ], [ -118.186736226698002, 34.108189582983997 ], [ -118.186735831895007, 34.108190490399998 ], [ -118.186735404716998, 34.108191397816 ], [ -118.186735043189998, 34.108192277352899 ], [ -118.186734648387002, 34.108193184768901 ], [ -118.186734320135002, 34.108194119164402 ], [ -118.186733991881994, 34.108195026580397 ], [ -118.186733663629994, 34.108195961875303 ], [ -118.186733368652, 34.108196896270996 ], [ -118.186733106049999, 34.108197803686899 ], [ -118.186732844347006, 34.108198765961397 ], [ -118.186732615020006, 34.108199700357098 ], [ -118.186732418968006, 34.108200634752698 ], [ -118.186732222916007, 34.1082015691482 ], [ -118.186732060138993, 34.108202531422897 ], [ -118.186731896462007, 34.108203465818399 ], [ -118.186731766959994, 34.108204428093103 ], [ -118.186731669832994, 34.108205390367601 ], [ -118.186731572705995, 34.108206351742901 ], [ -118.186731475578995, 34.108207286138502 ], [ -118.186731445001996, 34.108208248413099 ], [ -118.186731414424997, 34.108209209788399 ], [ -118.186731382949006, 34.108210172062897 ], [ -118.186731418023001, 34.108211133438203 ], [ -118.186731420721003, 34.108212094813503 ], [ -118.186731489069004, 34.108213057088101 ], [ -118.186731557418, 34.108214101201 ], [ -118.186732616819, 34.108215335970101 ], [ -118.186432227067996, 34.1082587489433 ], [ -118.186192602708999, 34.107982325225301 ], [ -118.185752907072995, 34.108383558655497 ], [ -118.185726434629004, 34.108408192884902 ], [ -118.185700425335995, 34.1084331562664 ], [ -118.185674979018998, 34.108458530637797 ], [ -118.185650094777998, 34.1084842620402 ], [ -118.185625706962995, 34.108510348674798 ], [ -118.185601881224002, 34.108536792340203 ], [ -118.185578617561006, 34.108563565157503 ], [ -118.185555915975002, 34.108590694106397 ], [ -118.185533810639001, 34.108618124328203 ], [ -118.185512267378996, 34.108645883701698 ], [ -118.185491286195997, 34.108673943448899 ], [ -118.185470933638996, 34.108702305368297 ], [ -118.185451175533004, 34.108730968560501 ], [ -118.185432013679005, 34.108759906045997 ], [ -118.185413446276002, 34.108789116925301 ], [ -118.185395507498995, 34.108818601198699 ], [ -118.185378196448994, 34.108848332785499 ], [ -118.185361481648997, 34.108878309887302 ], [ -118.185345426951997, 34.108908533403302 ], [ -118.185330034155996, 34.108938976353798 ], [ -118.185315235811998, 34.108969637839699 ], [ -118.185301099368004, 34.1090005178608 ], [ -118.185287623926996, 34.1090315894375 ], [ -118.185274776211998, 34.109062852569799 ], [ -118.185262589499004, 34.1090943072576 ], [ -118.185251097063002, 34.109125924722797 ], [ -118.185240233252003, 34.109157706763902 ], [ -118.185230062819002, 34.109189652481703 ], [ -118.185220553388007, 34.109221734896302 ], [ -118.185211738232994, 34.109253954007997 ], [ -118.18520358408, 34.109286281038202 ], [ -118.185196090928997, 34.109318717785797 ], [ -118.185189292054005, 34.109351290330899 ], [ -118.185183186556998, 34.109383916835498 ], [ -118.185182762077005, 34.109386417850097 ], [ -118.184920541352, 34.110886690269702 ], [ -118.184919791317, 34.110891170692199 ], [ -118.184918094297004, 34.110900653143801 ], [ -118.184916166150003, 34.110910108615798 ], [ -118.184914072528997, 34.110919537108103 ], [ -118.184911747781001, 34.110928938620802 ], [ -118.184909258458006, 34.110938312254497 ], [ -118.184906536209994, 34.110947631928802 ], [ -118.184903650284994, 34.110956924623501 ], [ -118.184900564711, 34.110966161560299 ], [ -118.184897248911, 34.1109753445377 ], [ -118.184893766735996, 34.110984473555803 ], [ -118.184890119984999, 34.110993573795596 ], [ -118.184858032175001, 34.1109840508744 ], [ -118.184592666520004, 34.110905299940796 ], [ -118.184576566857004, 34.110900515547499 ], [ -118.184461063330005, 34.110866234290498 ], [ -118.184430121255005, 34.110857048615102 ], [ -118.184449366747003, 34.110835640253804 ], [ -118.184468149986998, 34.110813986377501 ], [ -118.184486470077005, 34.110792057308799 ], [ -118.184504326115999, 34.110769854846097 ], [ -118.184521719903998, 34.110747378090203 ], [ -118.184538649640999, 34.110724682799002 ], [ -118.184555084750997, 34.110701740194301 ], [ -118.184571022537, 34.110678551175397 ], [ -118.184586498070999, 34.110655143621102 ], [ -118.184601477179001, 34.110631516632402 ], [ -118.184615959861006, 34.110607670208999 ], [ -118.184629914640993, 34.110583632229996 ], [ -118.184643405371006, 34.110559375715802 ], [ -118.184656334924, 34.110534926746602 ], [ -118.184668768050997, 34.110510287121301 ], [ -118.184680704753006, 34.110485482919898 ], [ -118.184692113552003, 34.1104605150419 ], [ -118.184702992650998, 34.110435382588001 ], [ -118.184713310573002, 34.110410114336503 ], [ -118.184723132068996, 34.110384681508997 ], [ -118.184732424763993, 34.110359084105603 ], [ -118.184741155382, 34.110333378783601 ], [ -118.184749357198996, 34.1103075637442 ], [ -118.184756996939996, 34.110281612007903 ], [ -118.184764108779007, 34.110255578433403 ], [ -118.184770657642005, 34.110229436040797 ], [ -118.184774781032999, 34.1102117886443 ], [ -118.184924488476, 34.109355185294703 ], [ -118.184924977707993, 34.109352409087599 ], [ -118.184931801763, 34.109316017121699 ], [ -118.184939352471005, 34.1092797339737 ], [ -118.184947696381002, 34.109243558744403 ], [ -118.184956800218004, 34.109207520212102 ], [ -118.184966631606997, 34.109171618376699 ], [ -118.184977222922996, 34.109135852338902 ], [ -118.184988574165004, 34.1091002499778 ], [ -118.185000652959999, 34.109064839172099 ], [ -118.185013491681005, 34.109029591143802 ], [ -118.185027057954002, 34.108994535570602 ], [ -118.185041384154999, 34.108959670653498 ], [ -118.185056404630998, 34.108925024271599 ], [ -118.185072152659998, 34.108890624304102 ], [ -118.185088627339994, 34.108856442871797 ], [ -118.185105829571995, 34.108822507853603 ], [ -118.185123726081002, 34.108788819249803 ], [ -118.185142350141007, 34.108755404039798 ], [ -118.185161635203002, 34.1087222622238 ], [ -118.185181647817004, 34.108689394701003 ], [ -118.185202322330994, 34.108656828450997 ], [ -118.185210998990996, 34.108643737020003 ], [ -118.185223690222998, 34.108624590453701 ], [ -118.185245720015999, 34.1085926258502 ], [ -118.185268411709998, 34.108561018277499 ], [ -118.185291764406003, 34.1085297389575 ], [ -118.185315778103003, 34.108498788789198 ], [ -118.185340453701002, 34.1084682226316 ], [ -118.185365757925993, 34.108437984726301 ], [ -118.185391689876994, 34.1084081299324 ], [ -118.185418218077999, 34.108378660048302 ], [ -118.185445407282003, 34.108349573275298 ], [ -118.185473159460997, 34.108320897492597 ], [ -118.185501540266003, 34.108292633599397 ], [ -118.185530483147005, 34.108264780696302 ], [ -118.185560054654999, 34.108237338783297 ], [ -118.186036641379999, 34.1078023870717 ], [ -118.185967851336997, 34.1077230524781 ], [ -118.185954570148994, 34.107707739721597 ], [ -118.185936983906998, 34.107687432130497 ], [ -118.186085416110998, 34.1074828444589 ], [ -118.186144137344002, 34.107550571502898 ], [ -118.186315541830993, 34.107396371946201 ], [ -118.186267084560001, 34.107354047152697 ], [ -118.186040092078997, 34.107155972371402 ], [ -118.186159267538002, 34.107060823199603 ], [ -118.186278442098995, 34.106965700108098 ], [ -118.186397584283, 34.106870550037002 ], [ -118.186516758842998, 34.106775426945603 ], [ -118.186635932504004, 34.1066802768744 ], [ -118.186755106164995, 34.106585153782902 ], [ -118.186874279826, 34.1064900028125 ], [ -118.186993420212005, 34.106394879721101 ], [ -118.187112593872996, 34.106299728750599 ], [ -118.187231766634994, 34.106204605659201 ], [ -118.187392883776994, 34.106075974727602 ], [ -118.187150659476998, 34.105797595883502 ], [ -118.187007544964004, 34.105633120673097 ], [ -118.186937584003999, 34.105552716785702 ], [ -118.187089336506006, 34.105469806487498 ], [ -118.187322932708994, 34.105350742543898 ], [ -118.187560909509997, 34.105237840754903 ], [ -118.187803031287004, 34.1051312126365 ], [ -118.187844923507001, 34.105114142604798 ], [ -118.187955358455, 34.105053805290098 ], [ -118.188188954658997, 34.104934742245703 ], [ -118.188426929661006, 34.104821840456701 ], [ -118.188603090661999, 34.1047442595411 ], [ -118.188670401319996, 34.104704912402902 ], [ -118.188899384901006, 34.104579805015199 ], [ -118.189132979305995, 34.104460741071499 ], [ -118.189370953408996, 34.104347839282497 ], [ -118.189613072487006, 34.104241211164201 ], [ -118.189859098221007, 34.1041409610377 ], [ -118.190108787791999, 34.104047188727897 ], [ -118.190361893887996, 34.103959985066403 ], [ -118.190618167397005, 34.103879438186702 ], [ -118.190715247412996, 34.103851792127699 ], [ -118.190810880420003, 34.103853451376899 ], [ -118.190846788550999, 34.1038540818016 ], [ -118.190945021497996, 34.103792566374999 ], [ -118.190956505840006, 34.103785373597198 ], [ -118.191139202214998, 34.103738623240098 ], [ -118.191403450010995, 34.103678494568001 ], [ -118.191669837294995, 34.1036252987696 ], [ -118.191938101464004, 34.103579089804299 ], [ -118.192207978118006, 34.1035399117387 ], [ -118.192479200156995, 34.103507805042298 ], [ -118.192751501383, 34.1034827993928 ], [ -118.193024611099005, 34.1034649208706 ], [ -118.193298262206994, 34.103454186562601 ], [ -118.193572183111996, 34.103450607260903 ], [ -118.193846104016998, 34.103454186562701 ], [ -118.194119755125001, 34.1034649208706 ], [ -118.194392864841006, 34.1034827993928 ], [ -118.194665166066997, 34.103507805042298 ], [ -118.194936388106001, 34.1035399117387 ], [ -118.195206264758994, 34.103579089804299 ], [ -118.195474528928997, 34.1036252987697 ], [ -118.195740916212003, 34.103678494568001 ], [ -118.196005164008994, 34.103738623240098 ], [ -118.196267010615998, 34.1038056272291 ], [ -118.196526198827002, 34.103879438186702 ], [ -118.196782472335002, 34.103959985066403 ], [ -118.197035578430999, 34.104047188727897 ], [ -118.197285268003, 34.1041409610377 ], [ -118.197531293736006, 34.104241211164201 ], [ -118.197773412814996, 34.104347839282497 ], [ -118.198011386917997, 34.104460741071499 ], [ -118.198244981323001, 34.104579805015199 ], [ -118.198473964903997, 34.104704912402902 ], [ -118.19869811193, 34.104835940927103 ], [ -118.198917201170005, 34.104972761984598 ], [ -118.199131016785003, 34.105115238878298 ], [ -118.199339348333993, 34.105263232213602 ], [ -118.199541988974005, 34.105416594501399 ], [ -118.199738739053998, 34.105575176454401 ], [ -118.199929404320997, 34.105738820691201 ], [ -118.200113797716, 34.105907365333799 ], [ -118.200291735777, 34.106080644907003 ], [ -118.200463043137006, 34.106258487640297 ], [ -118.200627551622006, 34.1064407181658 ], [ -118.200785098455995, 34.106627156619197 ], [ -118.200935528054003, 34.106817620438001 ], [ -118.201078692029995, 34.1070119198653 ], [ -118.201214449190005, 34.107209863345702 ], [ -118.201342664633998, 34.107411256625397 ], [ -118.201463212459004, 34.107615900054903 ], [ -118.201575973953993, 34.1078235921862 ], [ -118.201680837603007, 34.108034127973802 ], [ -118.201777699084005, 34.108247299674296 ], [ -118.201866463968003, 34.108462897745703 ], [ -118.201947044123003, 34.108680707250002 ], [ -118.202019359508, 34.1089005150479 ], [ -118.202083339077006, 34.109122103503402 ], [ -118.202138919877001, 34.109345254980703 ], [ -118.202186047051001, 34.1095697482465 ], [ -118.202224672932005, 34.109795361168104 ], [ -118.202254760651002, 34.110021872512597 ], [ -118.202276279629004, 34.110249058348501 ], [ -118.202289209181998, 34.110476694744797 ], [ -118.202293535820004, 34.110704555971601 ], [ -118.202289255946994, 34.110932417198498 ], [ -118.202276373158, 34.111160055393398 ], [ -118.202254900046, 34.111387243927403 ], [ -118.202224858193006, 34.111613759768296 ], [ -118.202186277276994, 34.111839378086003 ], [ -118.202139194170996, 34.112063877647003 ], [ -118.202083656537994, 34.112287036318797 ], [ -118.202019718336999, 34.112508633767597 ], [ -118.201947442522993, 34.112728451457997 ], [ -118.201866901938004, 34.112946272653502 ], [ -118.201778173926002, 34.113161881516803 ], [ -118.201681346618997, 34.113375065807801 ], [ -118.201603163157998, 34.113532094631601 ], [ -118.200881615496002, 34.113520709214498 ], [ -118.200593054527999, 34.113516155947003 ], [ -118.200580711333004, 34.114056910199402 ], [ -118.200255570440007, 34.1140517786678 ], [ -118.200249398392998, 34.114322155344297 ], [ -118.199846177460998, 34.114315789043602 ], [ -118.199599115709006, 34.114311887784602 ], [ -118.199588080127995, 34.114795039560498 ], [ -118.199586764420005, 34.114852639338999 ], [ -118.199554460772006, 34.114852129423397 ], [ -118.199226805375005, 34.114846954724399 ], [ -118.199227364753, 34.114886617524597 ], [ -118.199228881910003, 34.1149966396843 ], [ -118.199230279456003, 34.115097648838599 ], [ -118.199379790847004, 34.115126386674497 ], [ -118.199627873330002, 34.115174070528099 ], [ -118.199760448687996, 34.115199544724398 ], [ -118.199869902475996, 34.115220597853501 ], [ -118.199893024046006, 34.115225045000997 ], [ -118.200025599404, 34.115250518297898 ], [ -118.200158208036996, 34.115276019473903 ], [ -118.200290784293998, 34.115301491871499 ], [ -118.200314328546, 34.1153060154614 ], [ -118.200292466926001, 34.115328715249198 ], [ -118.200114536059004, 34.115502012808797 ], [ -118.199930147160998, 34.1156705772365 ], [ -118.199739483691999, 34.115834240359099 ], [ -118.199542731814006, 34.115992841197802 ], [ -118.199340086678006, 34.116146223270803 ], [ -118.199131748832997, 34.1162942354918 ], [ -118.198917922426006, 34.1164367312713 ], [ -118.198698819697, 34.116573569415898 ], [ -118.198474656482006, 34.1167046168258 ], [ -118.198245654914999, 34.116829742199997 ], [ -118.198012038927004, 34.116948822331402 ], [ -118.197774041440994, 34.1170617412075 ], [ -118.197597937997003, 34.117139299640101 ], [ -118.197530683996007, 34.117178616201301 ], [ -118.197301680630005, 34.117303741575597 ], [ -118.197068063741995, 34.117422822606301 ], [ -118.196830064457998, 34.117535740583101 ], [ -118.196587917499997, 34.117642384889301 ], [ -118.196546082837997, 34.117659432438103 ], [ -118.196435703646998, 34.117719741873699 ], [ -118.196202085859994, 34.117838822005197 ], [ -118.195964085675996, 34.117951740881303 ], [ -118.195721937819002, 34.118058385187503 ], [ -118.195475880610005, 34.118158649703098 ], [ -118.195226157763003, 34.118252437301301 ], [ -118.194973015694003, 34.118339653553299 ], [ -118.194716704415001, 34.118420213023597 ], [ -118.194457476633005, 34.118494036571697 ], [ -118.194195587758003, 34.118561050453302 ], [ -118.193931297692998, 34.118621189017801 ], [ -118.193664866342999, 34.1186743938094 ], [ -118.193396556308002, 34.118720610868699 ], [ -118.193126632889999, 34.118759794330202 ], [ -118.192855362287006, 34.1187919073218 ], [ -118.192583013396998, 34.118816916568598 ], [ -118.192309854219005, 34.1188347977888 ], [ -118.192036153648004, 34.118845533895502 ], [ -118.191762183280005, 34.118849114096498 ], [ -118.191488212913001, 34.118845533895403 ], [ -118.191214512342, 34.1188347977888 ], [ -118.190941353162998, 34.118816916568598 ], [ -118.190669004273005, 34.1187919073218 ], [ -118.190397733671006, 34.118759794330202 ], [ -118.190127810251994, 34.118720610868699 ], [ -118.189859500218006, 34.1186743938094 ], [ -118.189593068866998, 34.118621189017801 ], [ -118.189328778801993, 34.118561050453302 ], [ -118.189066889927005, 34.118494036571697 ], [ -118.188807662146004, 34.118420213023597 ], [ -118.188551350866007, 34.118339653553299 ], [ -118.188298208796994, 34.118252437301301 ], [ -118.188048485951001, 34.118158649703098 ], [ -118.187802428740994, 34.118058385187503 ], [ -118.187560280884, 34.117951740881303 ], [ -118.187322280700997, 34.117838822005297 ], [ -118.187088662913993, 34.117719741873699 ], [ -118.186859657748997, 34.117594616499503 ], [ -118.186663658602995, 34.117480034777003 ], [ -118.186775953349994, 34.1174999988271 ], [ -118.187093482380007, 34.117556470855597 ], [ -118.187120287572995, 34.117561238161798 ], [ -118.187243023449, 34.1175007875324 ], [ -118.187385130720997, 34.1174307708146 ], [ -118.187527271269005, 34.117360754996 ], [ -118.187669411816003, 34.117290738278101 ], [ -118.187806919056001, 34.117223003140303 ], [ -118.187811551463994, 34.117220721560201 ], [ -118.187870196255005, 34.117191804759202 ], [ -118.187953658736006, 34.117150704842302 ], [ -118.188237937132996, 34.117010670507199 ], [ -118.188522182254999, 34.116870635272697 ], [ -118.188664321003998, 34.1168006176555 ], [ -118.188759552014005, 34.116753706319599 ], [ -118.188806458852994, 34.116730599138997 ], [ -118.188934373025006, 34.116667583643299 ], [ -118.189090702176003, 34.116590563005197 ], [ -118.189232840025994, 34.116520544488701 ], [ -118.189374976975998, 34.116450525972198 ], [ -118.189403391056004, 34.116436522628597 ], [ -118.189431838410997, 34.116422518385697 ], [ -118.189502890247994, 34.116387509577102 ], [ -118.189517113926001, 34.116380507455602 ], [ -118.189531305228002, 34.116373505334202 ] ] ], [ [ [ -118.184075493391006, 34.110983771185197 ], [ -118.184099272365998, 34.110965544625401 ], [ -118.184122654738999, 34.110946988014298 ], [ -118.184128227838002, 34.110942472518303 ], [ -118.184153715524005, 34.110950045709203 ], [ -118.184292491706998, 34.1109912445514 ], [ -118.184328160617994, 34.111001824176 ], [ -118.184448524082001, 34.1110375551402 ], [ -118.184465218197005, 34.1110425032102 ], [ -118.184793646111999, 34.111139166840204 ], [ -118.184858340641995, 34.111158385352297 ], [ -118.184868109977003, 34.1111612892633 ], [ -118.185243829640996, 34.111272958081699 ], [ -118.185292982986994, 34.111286072895098 ], [ -118.185212955915006, 34.111384349009697 ], [ -118.185311945191998, 34.111434675970699 ], [ -118.185390726703005, 34.111474729076697 ], [ -118.185481282137999, 34.111520754580297 ], [ -118.185594227992993, 34.111578176293001 ], [ -118.185650619083006, 34.111606832290597 ], [ -118.185805867249002, 34.111685760390699 ], [ -118.185918814003998, 34.111743182103297 ], [ -118.186031794033994, 34.111800630795599 ], [ -118.186173085622002, 34.111872434466498 ], [ -118.186286033276005, 34.1119298840581 ], [ -118.186359457525, 34.111967196929797 ], [ -118.186399014204994, 34.111987304871398 ], [ -118.186430202693998, 34.112003167113599 ], [ -118.186511961860006, 34.112044725684697 ], [ -118.186604509293005, 34.111931810405899 ], [ -118.186747514987999, 34.1120012479604 ], [ -118.186673087995004, 34.112092070493901 ], [ -118.186598661001995, 34.112182893027303 ], [ -118.186524234008004, 34.112273714661399 ], [ -118.186449807014995, 34.1123645371948 ], [ -118.186375379123007, 34.112455358828903 ], [ -118.186300952129002, 34.112546181362298 ], [ -118.186226524237, 34.1126370029965 ], [ -118.186152096344003, 34.112727824630603 ], [ -118.186077668452, 34.112818646264699 ], [ -118.186003239659996, 34.112909468798101 ], [ -118.185928811766999, 34.1130002625532 ], [ -118.185958710628, 34.113015357673802 ], [ -118.185923428425994, 34.113045775443297 ], [ -118.185873718400003, 34.113020681660302 ], [ -118.185760803120999, 34.112963616978497 ], [ -118.185647855466001, 34.1129065522967 ], [ -118.185534907811999, 34.112849487614902 ], [ -118.185421961057003, 34.112792422933197 ], [ -118.185283865659997, 34.112961828226901 ], [ -118.185199204382002, 34.1130656837354 ], [ -118.185246962879006, 34.113089818841203 ], [ -118.185094092520004, 34.113205463562501 ], [ -118.185071371148993, 34.113193984615798 ], [ -118.184958423495004, 34.113136919934099 ], [ -118.184845475840007, 34.113079854353003 ], [ -118.184732528186004, 34.113022816650897 ], [ -118.184619581430994, 34.112965751069702 ], [ -118.184356836400994, 34.1131745502665 ], [ -118.184332960299997, 34.1131935475454 ], [ -118.184268519379003, 34.113244757640601 ], [ -118.184046106245006, 34.1134215085969 ], [ -118.184141027888003, 34.1134693965965 ], [ -118.183988155731001, 34.113585122256801 ], [ -118.183897698321999, 34.113539480763599 ], [ -118.183802190321003, 34.113615412322602 ], [ -118.183672348901993, 34.113718599634801 ], [ -118.183698497590001, 34.1137258688549 ], [ -118.183724809954001, 34.113732726185603 ], [ -118.183751254518995, 34.113739226485301 ], [ -118.183766757032004, 34.113742775210099 ], [ -118.183489895345005, 34.1138909879799 ], [ -118.183467378119005, 34.113836272327298 ], [ -118.183386835736002, 34.113618452031098 ], [ -118.183314559921001, 34.113398634340697 ], [ -118.183250620821994, 34.113177036891898 ], [ -118.183195082289004, 34.112953878220097 ], [ -118.183147999183007, 34.112729378659097 ], [ -118.183109417368001, 34.112503760341397 ], [ -118.183079375515007, 34.112277244500397 ], [ -118.183057902401998, 34.112050055966499 ], [ -118.183045018715006, 34.111822417771499 ], [ -118.183040738841001, 34.111594556544702 ], [ -118.183044965655, 34.111371958150499 ], [ -118.183063419742993, 34.111370175694198 ], [ -118.183095456291994, 34.111366582003399 ], [ -118.183127393915996, 34.111362521564303 ], [ -118.183159264091003, 34.111358022256098 ], [ -118.183191033540993, 34.111353055300398 ], [ -118.183222670792006, 34.1113476215966 ], [ -118.183254207318001, 34.111341748124303 ], [ -118.183285610743994, 34.111335380924203 ], [ -118.183316881970995, 34.111328600935401 ], [ -118.183347985923007, 34.111321326319299 ], [ -118.183378956775996, 34.111313640713099 ], [ -118.183409762153005, 34.111305487459397 ], [ -118.183440367881005, 34.111296867457703 ], [ -118.183470807234002, 34.111287836465699 ], [ -118.183501047836998, 34.111278364805798 ], [ -118.183531088791, 34.111268427297198 ], [ -118.183560897719005, 34.111258076999803 ], [ -118.183590507898003, 34.111247287833201 ], [ -118.183619885151998, 34.111236086777097 ], [ -118.183648998004998, 34.111224446851899 ], [ -118.183677877934002, 34.111212395037199 ], [ -118.183706525838005, 34.111199903453901 ], [ -118.183734875165996, 34.111187027860197 ], [ -118.183762960094995, 34.111173712498001 ], [ -118.183790746447997, 34.1111600131253 ], [ -118.183818267500996, 34.111145902762402 ], [ -118.183845490878994, 34.111131407489601 ], [ -118.183872382407003, 34.111116500327398 ], [ -118.183898942984001, 34.111101209154597 ], [ -118.183908357087006, 34.111095600082997 ], [ -118.183925204985997, 34.111085561850402 ], [ -118.183951136038004, 34.111069501757299 ], [ -118.183976736139996, 34.111053085532703 ], [ -118.184001972016006, 34.111036285297502 ], [ -118.184026843666004, 34.111019128031501 ], [ -118.184051351091, 34.111001614633999 ], [ -118.184075493391006, 34.110983771185197 ] ] ], [ [ [ -118.253652122649001, 34.123307367342299 ], [ -118.253347858618994, 34.124238994834897 ], [ -118.253276716849001, 34.124453893233699 ], [ -118.252876355761003, 34.124303292763898 ], [ -118.252494052160998, 34.124355778997199 ], [ -118.252494160080005, 34.124346490799098 ], [ -118.252493956833007, 34.124323134506199 ], [ -118.252493258959007, 34.1242997512337 ], [ -118.252492064658995, 34.124276396739504 ], [ -118.252490374833002, 34.124253044043897 ], [ -118.252488223655007, 34.124229746207 ], [ -118.252485542776, 34.124206477148398 ], [ -118.252482399645004, 34.124183236868099 ], [ -118.252478760987998, 34.124160052345701 ], [ -118.252474660079997, 34.124136923581403 ], [ -118.252470063645006, 34.124113878453898 ], [ -118.252464972582999, 34.124090862104801 ], [ -118.252459418369995, 34.124067956372301 ], [ -118.25245336863, 34.124045134276699 ], [ -118.252446824263998, 34.124022395818102 ], [ -118.252439816746005, 34.123999740097098 ], [ -118.252432347877004, 34.123977195892003 ], [ -118.252424415855998, 34.123954789283303 ], [ -118.252415989208998, 34.1239324672108 ], [ -118.252407000484993, 34.123910063299903 ], [ -118.251001423979005, 34.1227323920874 ], [ -118.250504551245996, 34.122316069831903 ], [ -118.250535165966994, 34.122170255554003 ], [ -118.250590754862003, 34.121947104976101 ], [ -118.250654744323001, 34.121725516520499 ], [ -118.250727071398998, 34.1215057096219 ], [ -118.250807663244998, 34.1212879001177 ], [ -118.25089644162, 34.121072302945599 ], [ -118.25099331749, 34.120859131245098 ], [ -118.251098197326002, 34.120648596356801 ], [ -118.251210975907995, 34.120440904225497 ], [ -118.251331541718997, 34.120236260795998 ], [ -118.251459776949005, 34.120034868415601 ], [ -118.251595553894006, 34.119836924935299 ], [ -118.251738739453003, 34.119642626407298 ], [ -118.251889191535, 34.119452163487701 ], [ -118.252046761751004, 34.119265725034303 ], [ -118.252211295416998, 34.1190834945088 ], [ -118.252382629756994, 34.118905651775599 ], [ -118.252560594797998, 34.1187323731017 ], [ -118.252745015171996, 34.118563828459102 ], [ -118.252935709217994, 34.118400185121601 ], [ -118.253132488974998, 34.118241604067997 ], [ -118.253335160191995, 34.118088240880802 ], [ -118.253543523217004, 34.117940248444803 ], [ -118.253757371207996, 34.117797771551103 ], [ -118.253976493722007, 34.117660951392899 ], [ -118.254200674922998, 34.117529922868798 ], [ -118.254429692678002, 34.117404815481002 ], [ -118.254663322157, 34.1172857524367 ], [ -118.254901332233004, 34.117172850647698 ], [ -118.255143488184004, 34.117066222529303 ], [ -118.255389550789005, 34.116965972402902 ], [ -118.255639277233001, 34.116872200093098 ], [ -118.255892422, 34.116784997330903 ], [ -118.256148734179007, 34.116704450451202 ], [ -118.256407961959994, 34.1166306394936 ], [ -118.256669848136994, 34.116563636403903 ], [ -118.256934135503997, 34.116503506832501 ], [ -118.257200563257001, 34.116450311933498 ], [ -118.257468867895994, 34.116404102068799 ], [ -118.257738785019001, 34.116364924902499 ], [ -118.258010048426996, 34.116332818206097 ], [ -118.258282390122005, 34.116307812556698 ], [ -118.258555542107004, 34.116289934034398 ], [ -118.258829233683997, 34.116279199726399 ], [ -118.259103195958005, 34.116275620424702 ], [ -118.259377158231004, 34.116279199726399 ], [ -118.259650849809006, 34.116289934034398 ], [ -118.259924001792996, 34.116307812556599 ], [ -118.260196343489, 34.116332818206203 ], [ -118.260467606896995, 34.116364924902499 ], [ -118.260737524020001, 34.116404102068799 ], [ -118.261005828658, 34.116450311933498 ], [ -118.261272256411999, 34.116503506832501 ], [ -118.261536543779002, 34.116563636403903 ], [ -118.261798429956002, 34.1166306394936 ], [ -118.262057657737003, 34.116704450451202 ], [ -118.262313969915994, 34.116784997330903 ], [ -118.262567114682994, 34.116872200093098 ], [ -118.262816841125996, 34.116965972402902 ], [ -118.263062903732006, 34.117066222529303 ], [ -118.263305059683006, 34.117172850647698 ], [ -118.263543069758995, 34.1172857524367 ], [ -118.263776699236999, 34.117404815481002 ], [ -118.264005716992003, 34.117529922868798 ], [ -118.264229898192994, 34.117660951392899 ], [ -118.264449020708, 34.117797771551103 ], [ -118.264662868699006, 34.117940248444803 ], [ -118.264871231724001, 34.118088240880802 ], [ -118.265073902940003, 34.118241604067897 ], [ -118.265270682698002, 34.118400185121601 ], [ -118.265461376743005, 34.118563828459102 ], [ -118.265645797117998, 34.1187323731017 ], [ -118.265823762159002, 34.118905651775599 ], [ -118.265995096498997, 34.1190834945088 ], [ -118.266159630165006, 34.119265725034303 ], [ -118.266317200380996, 34.119452163487701 ], [ -118.266467652461998, 34.119642626407199 ], [ -118.266610838022004, 34.119836924935299 ], [ -118.266746614965996, 34.120034868415601 ], [ -118.266874850196004, 34.120236260795998 ], [ -118.266995416008001, 34.120440904225497 ], [ -118.267108194589994, 34.120648596356801 ], [ -118.267213074425996, 34.120859131245098 ], [ -118.267309950295996, 34.121072302945599 ], [ -118.267398728670997, 34.1212879001177 ], [ -118.267479320516003, 34.1215057096219 ], [ -118.267551647592995, 34.121725516520499 ], [ -118.267615637054007, 34.121947104976101 ], [ -118.267671225948007, 34.122170255554103 ], [ -118.267718360315996, 34.122394747920403 ], [ -118.267756992493005, 34.122620360842099 ], [ -118.267787084708004, 34.1228468721865 ], [ -118.267808606383994, 34.123074057123198 ], [ -118.267821537735998, 34.123301692620203 ], [ -118.267825865274006, 34.123529553847 ], [ -118.267821584500993, 34.123757415073797 ], [ -118.267808699913999, 34.123985052369399 ], [ -118.267787224103003, 34.124212240003999 ], [ -118.267757177754007, 34.1244387549458 ], [ -118.267718590542998, 34.124664374162698 ], [ -118.267671500242002, 34.1248888728244 ], [ -118.267615953615007, 34.125112030596902 ], [ -118.267552006421994, 34.125333628045702 ], [ -118.267479719815, 34.125553444836797 ], [ -118.267399166640004, 34.125771265132997 ], [ -118.267310425138007, 34.125986873996197 ], [ -118.267213584342002, 34.126200058287203 ], [ -118.267108737780006, 34.126410606665303 ], [ -118.266995990674999, 34.126618313185801 ], [ -118.266875452741999, 34.126822971903799 ], [ -118.266747244491995, 34.127024380472001 ], [ -118.266611490930003, 34.127222340140001 ], [ -118.266468326953998, 34.127416656654503 ], [ -118.266317892859007, 34.127607136661197 ], [ -118.266160337930998, 34.127793593101003 ], [ -118.265995817754998, 34.127975841613001 ], [ -118.265824494206996, 34.128153703231902 ], [ -118.265646536361004, 34.1283270007916 ], [ -118.265462120482994, 34.128495564319998 ], [ -118.265271427336998, 34.128659227442597 ], [ -118.265074645780004, 34.128817827382001 ], [ -118.264871970067006, 34.128971209454903 ], [ -118.264663600746999, 34.1291192216759 ], [ -118.264449742862993, 34.129261716556201 ], [ -118.264230606859002, 34.129398555599998 ], [ -118.264006410370001, 34.129529602110601 ], [ -118.263777372830006, 34.129654727484798 ], [ -118.263543722666995, 34.129773807616402 ], [ -118.263536076630999, 34.129777434582103 ], [ -118.263485009527997, 34.129678194394302 ], [ -118.263218594365, 34.1291726773783 ], [ -118.262941604074001, 34.128671109285399 ], [ -118.262654134882993, 34.128173612423403 ], [ -118.262356282119001, 34.127680363958802 ], [ -118.262032523483995, 34.1271660920427 ], [ -118.262011981170005, 34.127134290216503 ], [ -118.261833077237, 34.126860971857603 ], [ -118.261789733512003, 34.126795706258001 ], [ -118.261746011171994, 34.126731373255403 ], [ -118.261418689422996, 34.126251297160799 ], [ -118.261080722399001, 34.125776284249298 ], [ -118.260732847545, 34.125306223004998 ], [ -118.260681683314999, 34.125239094010098 ], [ -118.260368366709002, 34.124832111214197 ], [ -118.260000813789006, 34.124372542360099 ], [ -118.259623672296996, 34.123918364941801 ], [ -118.259414798456007, 34.123675986858402 ], [ -118.259237060944002, 34.123469741736301 ], [ -118.258841099338994, 34.123026786957801 ], [ -118.258435909791999, 34.122589654390197 ], [ -118.258021604714997, 34.122158454650098 ], [ -118.257598330701001, 34.121733344219599 ], [ -118.257382559060005, 34.121522330892098 ], [ -118.257075650122999, 34.121228510688397 ], [ -118.256633010106995, 34.120817276796998 ], [ -118.256181811244005, 34.1204125153265 ], [ -118.255843362183995, 34.120117976564501 ], [ -118.255603194634006, 34.119911665791903 ], [ -118.255488224404004, 34.119812080264403 ], [ -118.254270686244993, 34.118765369227603 ], [ -118.254265945019, 34.118769190446997 ], [ -118.254168829929995, 34.118850041297499 ], [ -118.254025515766998, 34.118949798595501 ], [ -118.251500481164001, 34.120704724844401 ], [ -118.251145516055004, 34.120951587846697 ], [ -118.253652122649001, 34.123307367342299 ] ] ], [ [ [ -118.227919164439996, 34.136249419176501 ], [ -118.227920498135006, 34.136157059701702 ], [ -118.227921916365005, 34.136062005408398 ], [ -118.227919164439996, 34.136249419176501 ] ] ], [ [ [ -118.219369818763994, 34.1443029919906 ], [ -118.219362920964002, 34.144293853979299 ], [ -118.219356221015005, 34.144284633230399 ], [ -118.219349685642001, 34.1442753027641 ], [ -118.219343381393998, 34.144265861681298 ], [ -118.219337274997002, 34.144256364840501 ], [ -118.219331334076003, 34.144246758282399 ], [ -118.219325624280003, 34.144237068087399 ], [ -118.219320112334998, 34.144227296053998 ], [ -118.219314799141003, 34.144217440383699 ], [ -118.219309716173001, 34.144207529854803 ], [ -118.219304831955, 34.144197536588202 ], [ -118.219300145586999, 34.144187460584 ], [ -118.219295657071001, 34.144177328821897 ], [ -118.219291399680003, 34.144167142200999 ], [ -118.219287374315002, 34.1441568998222 ], [ -118.219285211444998, 34.144151435541502 ], [ -118.219282949651003, 34.144145998240397 ], [ -118.219280556555006, 34.144140589717601 ], [ -118.219278063633993, 34.144135208174497 ], [ -118.219275471787995, 34.144129882389301 ], [ -118.219272747741002, 34.144124583583803 ], [ -118.219269924768994, 34.144119340536299 ], [ -118.219266969597001, 34.144114124468501 ], [ -118.219263915498999, 34.144108964158498 ], [ -118.219260762475997, 34.144103831727598 ], [ -118.219257510527996, 34.144098781135 ], [ -118.219254126378999, 34.144093759320697 ], [ -118.219250643305003, 34.144088764486 ], [ -118.219247060406005, 34.144083851489697 ], [ -118.219243379481, 34.144078967271703 ], [ -118.219239599630001, 34.144074137912199 ], [ -118.219235719954995, 34.1440693912905 ], [ -118.219231741353994, 34.144064671648501 ], [ -118.219227664727001, 34.1440600356432 ], [ -118.219223488275006, 34.144055454496801 ], [ -118.219219212899006, 34.144050928208998 ], [ -118.219214838596002, 34.144046456779698 ], [ -118.219210365367999, 34.144042041108499 ], [ -118.219205826489997, 34.144037735154498 ], [ -118.219201188686, 34.144033456180203 ], [ -118.219196451057002, 34.144029260842899 ], [ -118.219189859926004, 34.144023667059798 ], [ -118.219186713197999, 34.144021062623104 ], [ -118.219181712967995, 34.144017086720297 ], [ -118.219177374637994, 34.144013715161996 ], [ -118.219171512857002, 34.144009329168398 ], [ -118.219166248226003, 34.144005546619901 ], [ -118.219160951218996, 34.144001873788604 ], [ -118.219155554387001, 34.1439982567153 ], [ -118.219150091904993, 34.143994721480396 ], [ -118.219144563773, 34.1439912689831 ], [ -118.219138936714998, 34.143987900122703 ], [ -118.219133276381996, 34.143984612201301 ], [ -118.219127517122999, 34.143981407916797 ], [ -118.219121725489003, 34.143978285470602 ], [ -118.219115834929994, 34.143975246661498 ], [ -118.219109878720005, 34.143972289690602 ], [ -118.219103889235001, 34.143969415457299 ], [ -118.219097834099998, 34.143966650941401 ], [ -118.219091712414993, 34.143963969163003 ], [ -118.219085525978002, 34.143961369223 ], [ -118.219079305367998, 34.143958852919901 ], [ -118.219073020005993, 34.143956418455097 ], [ -118.219066701369002, 34.143954094606897 ], [ -118.219060317081997, 34.143951852597098 ], [ -118.219053900418999, 34.143949721203803 ], [ -118.219047417206994, 34.143947671648903 ], [ -118.219040901618001, 34.143945704831602 ], [ -118.219034352755003, 34.143943848630897 ], [ -118.219027771517005, 34.143942102147399 ], [ -118.219021157002999, 34.143940409623397 ], [ -118.219014476839007, 34.143938855594897 ], [ -118.219007797573994, 34.143937384304003 ], [ -118.219001084135002, 34.143935994851397 ], [ -118.218994471420004, 34.1439347429951 ], [ -118.218969011612998, 34.143930089902902 ], [ -118.218735969392, 34.143887562762004 ], [ -118.218448403972999, 34.143835075629397 ], [ -118.218161631756004, 34.143782724294503 ], [ -118.218157263749006, 34.143818564975902 ], [ -118.218038627881995, 34.1437970154211 ], [ -118.218043028265001, 34.143761065921602 ], [ -118.217784759161006, 34.1437139378491 ], [ -118.217456326749996, 34.143653965659098 ], [ -118.217445391892994, 34.143693884766101 ], [ -118.217381817919005, 34.143685837632503 ], [ -118.217393271684003, 34.143642456135602 ], [ -118.217116586263998, 34.143591952008201 ], [ -118.216750527117, 34.143525121588297 ], [ -118.216721562651998, 34.143519704971602 ], [ -118.216681353962997, 34.1435116155697 ], [ -118.216637506618, 34.143502187077402 ], [ -118.216623121062, 34.143498832606198 ], [ -118.216595740303006, 34.143492506774898 ], [ -118.216592407416002, 34.143520046714002 ], [ -118.216591744615002, 34.143519278692899 ], [ -118.216591474818998, 34.143517135608498 ], [ -118.216591240095994, 34.143515706585802 ], [ -118.216590905548003, 34.143514306341302 ], [ -118.216590338076003, 34.143512191135898 ], [ -118.216589372203998, 34.143509417626703 ], [ -118.216588176106001, 34.143506726855101 ], [ -118.216586781257007, 34.143504091841599 ], [ -118.216585122007999, 34.143501566545197 ], [ -118.216583298182996, 34.143499151865498 ], [ -118.216581243232, 34.1434968190242 ], [ -118.216580149655996, 34.143495694871604 ], [ -118.216578426555003, 34.143494076991203 ], [ -118.216575975902998, 34.1434920472214 ], [ -118.216573359774998, 34.143490183826103 ], [ -118.216570579969996, 34.143488457127802 ], [ -118.216567667066002, 34.143486896803999 ], [ -118.216565416962993, 34.1434858562884 ], [ -118.216563862035002, 34.143485199783299 ], [ -118.216560686528993, 34.143484051349098 ], [ -118.216559065949994, 34.1434835324402 ], [ -118.216556783471006, 34.143482876834398 ], [ -118.216540611862001, 34.143478729161203 ], [ -118.216499370750995, 34.143467645916303 ], [ -118.216458393142005, 34.143455986206 ], [ -118.216417612485003, 34.143443721251899 ], [ -118.21637716008, 34.143430878933103 ], [ -118.216336408201002, 34.1434172667946 ], [ -118.216297011600005, 34.143403433422897 ], [ -118.216257413551006, 34.143388830231501 ], [ -118.216218079002999, 34.143373650574702 ], [ -118.216179106881995, 34.143357919633502 ], [ -118.216140463913007, 34.1433416113275 ], [ -118.216102182472, 34.143324752636403 ], [ -118.216064230181999, 34.1433073444596 ], [ -118.216026673594001, 34.143289384998297 ], [ -118.215998578772997, 34.143275421224899 ], [ -118.215989478533999, 34.143270903930301 ], [ -118.215954333927002, 34.143252720537802 ], [ -118.215919950148006, 34.1432349481355 ], [ -118.215885237216, 34.143217643380702 ], [ -118.215850128583, 34.1432008620313 ], [ -118.215814691697005, 34.143184602288699 ], [ -118.215778892383995, 34.143168865951502 ], [ -118.215742796295004, 34.143153625140897 ], [ -118.215716845458005, 34.143143157931597 ], [ -118.215706371953999, 34.143138933815898 ], [ -118.215669650836006, 34.143124765896403 ], [ -118.215632633840997, 34.1431111195837 ], [ -118.215598298624997, 34.143099062372997 ], [ -118.215595354244002, 34.143098023656101 ], [ -118.215557778771, 34.143085478113498 ], [ -118.215519939795001, 34.143073455077101 ], [ -118.215481870594004, 34.143062009405398 ], [ -118.215443572064999, 34.1430511132194 ], [ -118.21540504331, 34.143040767418597 ], [ -118.215364631374996, 34.143030589791103 ], [ -118.215327362569994, 34.1430217530527 ], [ -118.215288243860002, 34.143013112366397 ], [ -118.215248961472994, 34.143005021165997 ], [ -118.215209481234993, 34.1429975073302 ], [ -118.215169871493998, 34.142990570859297 ], [ -118.215130130453005, 34.142984210853797 ], [ -118.215090225734997, 34.142978402132698 ], [ -118.215064769525995, 34.142975094426198 ], [ -118.215050222992005, 34.142973224735698 ], [ -118.215023676803, 34.142970139161697 ], [ -118.215010123121004, 34.142968569844797 ], [ -118.214969925223997, 34.142964546278002 ], [ -118.214929662575997, 34.142961073096203 ], [ -118.214889336075998, 34.142958205158202 ], [ -118.214872181507999, 34.142957246480897 ], [ -118.214848944824993, 34.142955913685697 ], [ -118.214808521197995, 34.142954226557499 ], [ -118.214768033720006, 34.142953116794097 ], [ -118.214727580415996, 34.142952584395402 ], [ -118.214693804578005, 34.142952616770998 ], [ -118.214687063259007, 34.142952628462197 ], [ -118.214646612652999, 34.142953277772698 ], [ -118.214632006764006, 34.142953660883897 ], [ -118.214540666220998, 34.1429562689178 ], [ -118.214264993436998, 34.142964121797903 ], [ -118.214209442314001, 34.1429657037054 ], [ -118.214113277807996, 34.142968429550599 ], [ -118.214090640972003, 34.142968936768199 ], [ -118.214062879799997, 34.1429692065648 ], [ -118.214035118628004, 34.142969062673203 ], [ -118.214007389830996, 34.142968507791501 ], [ -118.213979659236003, 34.142967567100698 ], [ -118.213951961015994, 34.142966215419698 ], [ -118.213924294272999, 34.142964477929503 ], [ -118.213896659905004, 34.1429623285498 ], [ -118.213879669014005, 34.142960737649098 ], [ -118.213869057913001, 34.142959766381303 ], [ -118.213841553947006, 34.142956820202301 ], [ -118.213814081457002, 34.142953461234399 ], [ -118.213786707891998, 34.142949690377101 ], [ -118.213759399078995, 34.142945561589599 ], [ -118.213732188291999, 34.142941020912602 ], [ -118.213716648006994, 34.142938190746101 ], [ -118.213705075530996, 34.142936067446698 ], [ -118.213678094071, 34.142930756950101 ], [ -118.213651210636996, 34.142925034563802 ], [ -118.213624426128007, 34.142918926368502 ], [ -118.213597804396997, 34.142912433263298 ], [ -118.213571314866002, 34.142905528268699 ], [ -118.213544989911, 34.142898265343902 ], [ -118.213518795357999, 34.142890617509103 ], [ -118.213492765381005, 34.1428825847646 ], [ -118.213466933253997, 34.142874194089899 ], [ -118.213441264804999, 34.142865418505401 ], [ -118.213438817748994, 34.142864626202702 ], [ -118.213436369795005, 34.142863971496297 ], [ -118.213433857089001, 34.142863370749097 ], [ -118.213431344382997, 34.142862908497499 ], [ -118.213429624878998, 34.142862663881999 ], [ -118.213427046522995, 34.142862394085398 ], [ -118.213424468167005, 34.142862233106797 ], [ -118.213421889809993, 34.1428621827447 ], [ -118.213419279079005, 34.1428622429993 ], [ -118.213417561373006, 34.142862355414501 ], [ -118.213414983915996, 34.1428626072247 ], [ -118.213412407359002, 34.142862969651503 ], [ -118.213410722028996, 34.142863274521702 ], [ -118.213408212020994, 34.142863800625101 ], [ -118.213405735289001, 34.1428644652241 ], [ -118.213403324205999, 34.142865210761997 ], [ -118.213400947297998, 34.1428660947956 ], [ -118.213398603664999, 34.142867060667498 ], [ -118.213397117984996, 34.1428677504475 ], [ -118.213394906551997, 34.142868907874998 ], [ -118.213392761668999, 34.142870121060398 ], [ -118.213390715711, 34.142871443063797 ], [ -118.213389396406001, 34.142872352278403 ], [ -118.213387483548004, 34.142873839757101 ], [ -118.213386263168005, 34.142874858688899 ], [ -118.213384515784995, 34.142876428005899 ], [ -118.213382867327994, 34.142878107040197 ], [ -118.213381318694999, 34.142879840933098 ], [ -118.213379902263, 34.142881657563599 ], [ -118.213378584756001, 34.1428835002745 ], [ -118.213377399449996, 34.1428854266223 ], [ -118.21337664312, 34.142886773806701 ], [ -118.213356941672004, 34.142923959873997 ], [ -118.213252468329003, 34.142882541597203 ], [ -118.213274241815, 34.142841504632898 ], [ -118.213275228371003, 34.142839497346102 ], [ -118.213276081827999, 34.142837462180303 ], [ -118.213276803983007, 34.142835400034897 ], [ -118.213277230261994, 34.1428339979919 ], [ -118.213277720392995, 34.1428318809877 ], [ -118.213278111598001, 34.1428297370039 ], [ -118.213278273476007, 34.142828307981198 ], [ -118.213278432655997, 34.142826163997498 ], [ -118.213278427259993, 34.142824020912997 ], [ -118.213278322937995, 34.142821849949598 ], [ -118.213278153866, 34.142820421826201 ], [ -118.213277817519, 34.1428182787417 ], [ -118.213277316597001, 34.142816163536203 ], [ -118.213276916398996, 34.142814763291902 ], [ -118.213276216726001, 34.142812675965402 ], [ -118.213275385752993, 34.142810644396903 ], [ -118.213274422579005, 34.142808639808102 ], [ -118.213273724705004, 34.142807322301202 ], [ -118.213272563679993, 34.142805400450001 ], [ -118.213271269556003, 34.142803507377202 ], [ -118.213269876506004, 34.142801696142499 ], [ -118.213268352154998, 34.142799939766597 ], [ -118.213267291853995, 34.142798814714702 ], [ -118.213265602028002, 34.142797196834302 ], [ -118.213263813276001, 34.142795633812597 ], [ -118.213261925598999, 34.142794153528499 ], [ -118.213259938996998, 34.142792755082702 ], [ -118.213258549545003, 34.142791878243699 ], [ -118.213257159193006, 34.142791029283799 ], [ -118.213254974739002, 34.142789851171798 ], [ -118.213252757910993, 34.142788755797604 ], [ -118.213250574357005, 34.142787798019597 ], [ -118.213230757795003, 34.142779973917797 ], [ -118.213210776658002, 34.142772398028903 ], [ -118.213190631844, 34.142765151291897 ], [ -118.213170322454999, 34.142758179747403 ], [ -118.213149914138995, 34.142751484294699 ], [ -118.213129341248006, 34.142745117993996 ], [ -118.213108637955003, 34.142739025986401 ], [ -118.213087802461999, 34.142733264929397 ], [ -118.213066868043995, 34.142727779064899 ], [ -118.213045803222997, 34.142722594473298 ], [ -118.213024639477993, 34.142717740832197 ], [ -118.213003410981003, 34.142713189363398 ], [ -118.212982050283998, 34.142708940066697 ], [ -118.212960591560005, 34.142704993841498 ], [ -118.212939101361002, 34.142701376768301 ], [ -118.212917512236004, 34.142698062766499 ], [ -118.212895857459998, 34.142695050937 ], [ -118.212880418797994, 34.142693126387897 ], [ -118.212836615518995, 34.142687845568702 ], [ -118.212534028725003, 34.142651391549599 ], [ -118.212231540855001, 34.142614936631198 ], [ -118.212217622946994, 34.142613256697601 ], [ -118.212190151357007, 34.142610145043399 ], [ -118.212162648290004, 34.1426074452785 ], [ -118.212135079571993, 34.142605131322902 ], [ -118.212107446104, 34.142603228357402 ], [ -118.212079781159005, 34.142601710301903 ], [ -118.212052082938996, 34.142600605035 ], [ -118.212024386517996, 34.142599911657797 ], [ -118.211996690996997, 34.142599603190298 ], [ -118.211968963998999, 34.142599706612302 ], [ -118.211941237001, 34.142600222823198 ], [ -118.211913545076001, 34.1426011230445 ], [ -118.211901813419999, 34.1426016932148 ], [ -118.211885886426998, 34.142602435155403 ], [ -118.211858228675993, 34.142604132176103 ], [ -118.211830638375005, 34.142606241985703 ], [ -118.211803082249006, 34.142608762785301 ], [ -118.211775593571005, 34.142611669394199 ], [ -118.211748171443006, 34.142614986993202 ], [ -118.211720816764, 34.1426186895021 ], [ -118.211693528636005, 34.142622776920803 ], [ -118.211666341230995, 34.142627276229 ], [ -118.211639286926001, 34.142632159547603 ], [ -118.21161229917, 34.142637455655198 ], [ -118.211585412139002, 34.142643135773298 ], [ -118.211576064585998, 34.142645268065799 ], [ -118.211558690583004, 34.142649199901797 ], [ -118.211532069751001, 34.142655648940199 ], [ -118.211505615294001, 34.142662482888397 ], [ -118.211479293935994, 34.142669700847101 ], [ -118.211453105678004, 34.142677302816502 ], [ -118.211427116170995, 34.142685262715901 ], [ -118.211401293037, 34.142693633605496 ], [ -118.211375636279001, 34.1427023345463 ], [ -118.211350145894997, 34.142711447376598 ], [ -118.211324887535994, 34.142720916338398 ], [ -118.211299828826, 34.142730742331103 ], [ -118.211274968867002, 34.142740953233599 ], [ -118.211269719523997, 34.142743133190201 ], [ -118.211268168193996, 34.142743822970203 ], [ -118.210974116863994, 34.142868183021399 ], [ -118.210734570745998, 34.142969503341099 ], [ -118.210722850780996, 34.1429743875591 ], [ -118.210705551421995, 34.142981342016498 ], [ -118.210688084788998, 34.142988050059699 ], [ -118.210678740833004, 34.1429914737787 ], [ -118.210670519231002, 34.142994482910197 ], [ -118.210652788198004, 34.143000669346598 ], [ -118.210634923165003, 34.143006608469399 ], [ -118.210616959207002, 34.143012272399602 ], [ -118.210598862149993, 34.143017689915602 ], [ -118.210580665267997, 34.143022832239097 ], [ -118.210562368561, 34.143027728148297 ], [ -118.210543972029001, 34.1430323218853 ], [ -118.210525475672, 34.143036695288401 ], [ -118.210506879491007, 34.143040767418597 ], [ -118.210488215861005, 34.143044564356302 ], [ -118.210469453304995, 34.143048113980399 ], [ -118.210452407554996, 34.143051056562101 ], [ -118.210431760020001, 34.143054362469996 ], [ -118.210419701909998, 34.1430560873697 ], [ -118.210412796914994, 34.143057061335497 ], [ -118.210393800535996, 34.143059511988099 ], [ -118.210374769981996, 34.1430616892467 ], [ -118.210355671979002, 34.143063563433898 ], [ -118.210336540700993, 34.143065190307503 ], [ -118.210317376147998, 34.143066515008798 ], [ -118.210298210695996, 34.143067565416999 ], [ -118.21027901107, 34.143068340632603 ], [ -118.210259778167995, 34.143068840655701 ], [ -118.210240544368006, 34.1430690663855 ], [ -118.210221342042999, 34.143068989943103 ], [ -118.210202107344003, 34.143068666187098 ], [ -118.210182904120003, 34.143068040259003 ], [ -118.210163700896004, 34.143067139138303 ], [ -118.210144529149005, 34.143065963724403 ], [ -118.210125158650996, 34.1430644861383 ], [ -118.210106283680005, 34.143062787319003 ], [ -118.210087209958999, 34.143060787226702 ], [ -118.210068200988999, 34.143058484962303 ], [ -118.210049224393998, 34.143055934484998 ], [ -118.210030280175005, 34.143053082734703 ], [ -118.210011434882006, 34.1430499827717 ], [ -118.209992621064998, 34.143046607616 ], [ -118.209973906173005, 34.1430429581672 ], [ -118.209955290207006, 34.143039033525802 ], [ -118.209936738991004, 34.143034833691701 ], [ -118.209918286702006, 34.143030359564598 ], [ -118.209899900061998, 34.143025638123902 ], [ -118.209881644724007, 34.143020640591303 ], [ -118.209878337017997, 34.143019794329199 ], [ -118.209875824311993, 34.143019304198702 ], [ -118.209873245956004, 34.143018923785498 ], [ -118.209869807846999, 34.143018600029599 ], [ -118.209866370639006, 34.143018468728499 ], [ -118.209863759906995, 34.143018473225098 ], [ -118.209861182449998, 34.143018643197003 ], [ -118.209857746140003, 34.143019006523097 ], [ -118.209855201958007, 34.143019395030201 ], [ -118.209851833098, 34.143020115387202 ], [ -118.209849388739997, 34.143020779086903 ], [ -118.209846152980006, 34.143021801616101 ], [ -118.209843016144006, 34.143023043579802 ], [ -118.209840738162001, 34.143024091290002 ], [ -118.209837834251005, 34.143025608446202 ], [ -118.209835721743005, 34.143026875590998 ], [ -118.209833049856996, 34.143028694020202 ], [ -118.209831137, 34.143030153619797 ], [ -118.209829323066998, 34.143031722936797 ], [ -118.209827081057, 34.143033897497503 ], [ -118.20982549915, 34.143035604410798 ], [ -118.209823588090003, 34.143037998406101 ], [ -118.209822270583004, 34.143039868995999 ], [ -118.209820723749999, 34.143042427567202 ], [ -118.209819704818003, 34.143044434853898 ], [ -118.209818521309998, 34.143047130122099 ], [ -118.209817603101996, 34.143049907228601 ], [ -118.209817046422003, 34.143051996353698 ], [ -118.209816621941997, 34.143054140337497 ], [ -118.209816265810005, 34.143056998382903 ], [ -118.209816236131999, 34.143058427405599 ], [ -118.209694794380994, 34.143036984870101 ], [ -118.209690846358001, 34.142991266934601 ], [ -118.209690643111003, 34.142989344184002 ], [ -118.209690373314004, 34.142987448413102 ], [ -118.209690005490998, 34.1429855535416 ], [ -118.209689304020003, 34.142982751254202 ], [ -118.209688437973, 34.142979949866003 ], [ -118.209687772474993, 34.142978110752402 ], [ -118.209687008051006, 34.142976325598099 ], [ -118.209686177077003, 34.142974513464203 ], [ -118.209684782229004, 34.142971877551297 ], [ -118.209683786680003, 34.142970148155001 ], [ -118.209682128330002, 34.142967622858698 ], [ -118.209680934030004, 34.142966004079 ], [ -118.209679011278993, 34.142963589399301 ], [ -118.209677652403997, 34.142962052457897 ], [ -118.209676227878006, 34.142960544294802 ], [ -118.209674736802, 34.142959063111398 ], [ -118.209672385074995, 34.142956950604002 ], [ -118.209670761797994, 34.142955607016802 ], [ -118.209669072872003, 34.142954291308698 ], [ -118.209667318293995, 34.142953030459203 ], [ -118.209665530441995, 34.142951824468298 ], [ -118.209663676939002, 34.142950673336102 ], [ -118.209660830584994, 34.142949057254398 ], [ -118.209658878157001, 34.142948043718398 ], [ -118.209656893352999, 34.142947085041101 ], [ -118.209654842, 34.142946182121797 ], [ -118.209651698868996, 34.142944950949897 ], [ -118.209649581864994, 34.142944212606501 ], [ -118.209647432484999, 34.142943530021 ], [ -118.209644158054004, 34.142942601021403 ], [ -118.209641943023001, 34.142942083011903 ], [ -118.209639693819, 34.142941619860999 ], [ -118.209632486651998, 34.142940313146099 ], [ -118.209625344236002, 34.142939116148398 ], [ -118.209618203619002, 34.1429380297674 ], [ -118.209610996452, 34.142937053103701 ], [ -118.209603822559998, 34.1429361861572 ], [ -118.209596616292998, 34.142935428927998 ], [ -118.209589376750003, 34.142934754436602 ], [ -118.209582137208002, 34.142934190561597 ], [ -118.209574898564995, 34.142933735504698 ], [ -118.209567627545994, 34.142933391064297 ], [ -118.209560355628, 34.142933156341201 ], [ -118.209553084608999, 34.142933004355797 ], [ -118.209545813591006, 34.142932989067397 ], [ -118.209538543470998, 34.142933056516497 ], [ -118.209531273351999, 34.142933233682903 ], [ -118.209524003232005, 34.142933521465999 ], [ -118.209516766388006, 34.142933891087402 ], [ -118.209509497168, 34.142934398305002 ], [ -118.209502260323006, 34.142934988260201 ], [ -118.209495057653001, 34.142935687932798 ], [ -118.209487854982996, 34.1429365243023 ], [ -118.209480653211997, 34.142937416429703 ], [ -118.209473483815998, 34.142938445254202 ], [ -118.209466348595001, 34.142939556816202 ], [ -118.209459212474997, 34.1429407780956 ], [ -118.209452110529, 34.142942109092203 ], [ -118.209445041856995, 34.142943550705397 ], [ -118.209438006460999, 34.142945074156998 ], [ -118.209431003440002, 34.142946707325898 ], [ -118.209424034593994, 34.142948451111302 ], [ -118.209418287925999, 34.142949971864901 ], [ -118.20941023, 34.142952212076104 ], [ -118.209403394253002, 34.142954257134399 ], [ -118.209396591781001, 34.142956411909999 ], [ -118.209389821684994, 34.142958622443601 ], [ -118.209383119037994, 34.142960969674199 ], [ -118.209376448765994, 34.142963399642298 ], [ -118.209369845943996, 34.142965911448798 ], [ -118.209363308771998, 34.142968532972603 ], [ -118.209356804875, 34.142971265112898 ], [ -118.209350367528003, 34.142974051212597 ], [ -118.209343995831006, 34.142976974908699 ], [ -118.209337658308002, 34.142979953463303 ], [ -118.209331419711006, 34.142983041735199 ], [ -118.209325214388997, 34.142986212744702 ], [ -118.209319108892004, 34.142989493471497 ], [ -118.209313035769995, 34.142992856036599 ], [ -118.209307063371995, 34.142996274359703 ], [ -118.209301155725996, 34.1429998015008 ], [ -118.209295315527996, 34.143003411379503 ], [ -118.209289574256999, 34.143007130975398 ], [ -118.209283899534, 34.143010905430103 ], [ -118.209278290463004, 34.143014761723002 ], [ -118.209272781216001, 34.143018700753601 ], [ -118.209267371793999, 34.143022722521799 ], [ -118.209262028021996, 34.143026826128299 ], [ -118.209256750801003, 34.1430310115731 ], [ -118.209251572504002, 34.143035252775903 ], [ -118.209246494032996, 34.1430395758169 ], [ -118.209241514485996, 34.143043980696298 ], [ -118.209236634765006, 34.143048440434299 ], [ -118.209231820694001, 34.14305298291 ], [ -118.209228787281006, 34.143055956068601 ], [ -118.209123588184994, 34.143159567860899 ], [ -118.209121049399002, 34.143162073372203 ], [ -118.209058970997006, 34.143223183204597 ], [ -118.209053993249, 34.143228027852402 ], [ -118.209048882402001, 34.143232818540902 ], [ -118.209043672628994, 34.143237498612798 ], [ -118.209038363031993, 34.143242123826099 ], [ -118.209032954508999, 34.143246667201097 ], [ -118.209027446161997, 34.143251128737802 ], [ -118.209021872164001, 34.1432555075368 ], [ -118.209016198341004, 34.143259831477202 ], [ -118.209010425592993, 34.143264045700299 ], [ -118.209004553019994, 34.143268177185803 ], [ -118.208998614796002, 34.143272226832998 ], [ -118.208992610023003, 34.143276194641899 ], [ -118.208986472150002, 34.143280051834097 ], [ -118.208980301902002, 34.143283855067097 ], [ -118.208974031828006, 34.143287520703701 ], [ -118.208967695205004, 34.143291131481703 ], [ -118.208961259657002, 34.143294659522098 ], [ -118.208954757558004, 34.143298050865504 ], [ -118.208948222185001, 34.143301386451 ], [ -118.208941586986995, 34.143304613218497 ], [ -118.208934886137996, 34.143307730268702 ], [ -118.208928118740005, 34.143310764581301 ], [ -118.208921284791998, 34.1433137161563 ], [ -118.208914417567996, 34.143316531034202 ], [ -118.208907451420004, 34.143319263174597 ], [ -118.208904477361997, 34.143320377434598 ], [ -118.208900451096994, 34.143321886496999 ], [ -118.208893418399001, 34.143324426182502 ], [ -118.208886285876005, 34.143326857049999 ], [ -118.208879153352001, 34.143329177300899 ], [ -118.208871953379997, 34.143331387834401 ], [ -118.208864688657002, 34.1433335165298 ], [ -118.208857389759004, 34.143335534608397 ], [ -118.208850057586005, 34.143337415990104 ], [ -118.208842692139001, 34.143339215533501 ], [ -118.208835293416001, 34.143340904460402 ], [ -118.208827828143995, 34.143342483669898 ], [ -118.208820362872004, 34.143343952262803 ], [ -118.208812864324003, 34.143345339017301 ], [ -118.208805332501996, 34.143346589075001 ], [ -118.208797766505995, 34.143347728515998 ], [ -118.208790168134001, 34.143348758239803 ], [ -118.208782568863001, 34.143349678246203 ], [ -118.208774969591005, 34.143350515515003 ], [ -118.208767337045003, 34.143351216086998 ], [ -118.208759671224001, 34.143351806042197 ], [ -118.208752005402999, 34.143352287179503 ], [ -118.208744338681996, 34.143352656800801 ], [ -118.208736671962001, 34.143352917604197 ], [ -118.208728971967005, 34.143353068690402 ], [ -118.208721305246002, 34.143353109159797 ], [ -118.208713604351004, 34.143353012932401 ], [ -118.208705936732002, 34.143352833068001 ], [ -118.208698268212999, 34.1433525443856 ], [ -118.208690599693995, 34.143352118107003 ], [ -118.208682931173996, 34.143351609090701 ], [ -118.208675295929993, 34.143350990357099 ], [ -118.208667659786997, 34.143350234027203 ], [ -118.208660056018999, 34.143349394959799 ], [ -118.208652452251002, 34.143348419195299 ], [ -118.208644881758005, 34.143347360693298 ], [ -118.208637343641001, 34.143346164595002 ], [ -118.208629804623996, 34.143344885758999 ], [ -118.208622299780998, 34.1433434702261 ], [ -118.208614859690002, 34.1433419719556 ], [ -118.208607419599005, 34.143340336088798 ], [ -118.208600011882993, 34.143338617484403 ], [ -118.208592670716996, 34.143336789162603 ], [ -118.208585329550999, 34.143334850224299 ], [ -118.208578053137003, 34.143332802468002 ], [ -118.208570809996999, 34.143330644095101 ], [ -118.208563632508003, 34.143328402984601 ], [ -118.208556488292999, 34.143326052156802 ], [ -118.208549409729997, 34.143323591611598 ], [ -118.208544844770998, 34.1433219233692 ], [ -118.208542364441001, 34.143321020449903 ], [ -118.208535383902998, 34.143318339570797 ], [ -118.208528469914995, 34.143315575954297 ], [ -118.208521588303, 34.1433127026203 ], [ -118.208514806514998, 34.143309746548702 ], [ -118.208508056203996, 34.143306680759899 ], [ -118.208501372442001, 34.143303532233404 ], [ -118.208496475634007, 34.143301204788003 ], [ -118.208491545550004, 34.143298960080102 ], [ -118.208486549816996, 34.143296770230897 ], [ -118.208481521707, 34.143294690998403 ], [ -118.208476427047998, 34.1432926387455 ], [ -118.208471299113, 34.143290696209803 ], [ -118.208466138803004, 34.1432888094322 ], [ -118.208460946117995, 34.143287004492798 ], [ -118.208455720157005, 34.143285282291103 ], [ -118.208450427646994, 34.143283615847402 ], [ -118.208445136036005, 34.143282058221601 ], [ -118.208439778775002, 34.143280556353702 ], [ -118.208434420613997, 34.143279109344597 ], [ -118.208429030977001, 34.143277772052699 ], [ -118.208423607165997, 34.1432765174984 ], [ -118.208418150979, 34.143275317802797 ], [ -118.208412662417004, 34.143274227824499 ], [ -118.208407173853999, 34.143273193604202 ], [ -118.208401652017002, 34.1432722412221 ], [ -118.208396131078999, 34.143271371577697 ], [ -118.208390576865995, 34.143270583771603 ], [ -118.208384989378004, 34.143269878703101 ], [ -118.208379402789006, 34.1432692563722 ], [ -118.208373816201004, 34.143268716778998 ], [ -118.208368197236993, 34.143268259024097 ], [ -118.208362577372995, 34.143267857027197 ], [ -118.208356958408999, 34.143267563848099 ], [ -118.208351339445002, 34.143267354306097 ], [ -118.208345688104998, 34.143267226602397 ], [ -118.208340069141002, 34.1432671537573 ], [ -118.208334418701, 34.143267190629501 ], [ -118.208328800635996, 34.143267283259704 ], [ -118.208323149296007, 34.143267484707799 ], [ -118.208317532131005, 34.143267769792899 ], [ -118.208311914066002, 34.143268108837297 ], [ -118.208306296900005, 34.143268558498399 ], [ -118.208300713010004, 34.143269063018003 ], [ -118.208295129118994, 34.143269676355601 ], [ -118.208289546128, 34.143270345451299 ], [ -118.208283995512005, 34.143271097284497 ], [ -118.208278444895996, 34.143271930955997 ], [ -118.208272895180002, 34.143272847365203 ], [ -118.208267412013996, 34.143273873491601 ], [ -118.208261927948001, 34.143274954476702 ], [ -118.208256478056001, 34.143276091219803 ], [ -118.208251028164995, 34.143277336780798 ], [ -118.208245611547994, 34.143278665079499 ], [ -118.208240228205995, 34.143280048236797 ], [ -118.208234877240002, 34.1432815141318 ], [ -118.208229560448004, 34.143283089743903 ], [ -118.208224276931006, 34.143284692335897 ], [ -118.208219026688994, 34.143286404645004 ], [ -118.208213842096995, 34.143288199691803 ], [ -118.208208658404999, 34.143290050496603 ], [ -118.208203507088001, 34.143291982240299 ], [ -118.208198422321004, 34.143293969742103 ], [ -118.208193371728996, 34.143296066961099 ], [ -118.208188353512, 34.143298219038698 ], [ -118.208183401845005, 34.143300425974999 ], [ -118.208178482552995, 34.143302742628599 ], [ -118.208173630711002, 34.143305086261897 ], [ -118.208168811243993, 34.143307540511799 ], [ -118.208164059225993, 34.143310048720899 ], [ -118.208159339584, 34.143312612688099 ], [ -118.208154685592007, 34.143315258493601 ], [ -118.208150099050002, 34.143317959157699 ], [ -118.208145544882996, 34.143320742559403 ], [ -118.208141057266005, 34.143323580819803 ], [ -118.208136669474001, 34.143326473039501 ], [ -118.208132280781996, 34.143329448896097 ], [ -118.208127991915006, 34.143332478712097 ], [ -118.208123769598004, 34.143335591265703 ], [ -118.208119612931995, 34.143338730798902 ], [ -118.208115292589, 34.1433421185451 ], [ -118.208112885104001, 34.1433441833885 ], [ -118.208111203371004, 34.143345807564202 ], [ -118.208109126837002, 34.1433480918421 ], [ -118.208107677130002, 34.143349907573302 ], [ -118.208105964821002, 34.143352383406999 ], [ -118.208104780412995, 34.143354309754798 ], [ -118.208103431430004, 34.143356949264998 ], [ -118.208102544699003, 34.143358984430797 ], [ -118.208101593216, 34.1433617615373 ], [ -118.208101036535993, 34.1433638785414 ], [ -118.208100481654, 34.143366709607101 ], [ -118.208100222648994, 34.1433688535909 ], [ -118.208100097644007, 34.143371711636298 ], [ -118.208100168689995, 34.143373882599803 ], [ -118.208100372836, 34.143376024784899 ], [ -118.208100809006993, 34.143378854951301 ], [ -118.208112716930003, 34.143435989780301 ], [ -118.208034933666994, 34.1434814639995 ], [ -118.208034264572007, 34.143478030388003 ], [ -118.208032424558994, 34.143469185555702 ], [ -118.208031723087998, 34.143466383268098 ], [ -118.208031024313996, 34.143464295941598 ], [ -118.208030225716001, 34.143462264373198 ], [ -118.208028930693004, 34.143459573601604 ], [ -118.208027436918997, 34.143456993446698 ], [ -118.208026142793997, 34.143455099474501 ], [ -118.208024783919001, 34.143453288239897 ], [ -118.208022728968004, 34.143450956297798 ], [ -118.208020541817007, 34.143448734072997 ], [ -118.208018753963998, 34.143447171051299 ], [ -118.208016236762006, 34.143445197039398 ], [ -118.208014217783997, 34.143443826472598 ], [ -118.208011437080003, 34.143442127653202 ], [ -118.208009252626994, 34.143440976520999 ], [ -118.208007003423006, 34.143439882046103 ], [ -118.208004686769002, 34.143438924268096 ], [ -118.208002305364005, 34.143438048328399 ], [ -118.207999064207996, 34.143437065369497 ], [ -118.207995724125993, 34.143436273966103 ], [ -118.207993211420003, 34.143435783835599 ], [ -118.207989773310999, 34.143435322483299 ], [ -118.207987194954995, 34.143435134524999 ], [ -118.207983757746007, 34.143435003223999 ], [ -118.207981147013996, 34.143435062579201 ], [ -118.207977709806002, 34.143435288309099 ], [ -118.207975133247999, 34.143435621957501 ], [ -118.207972589066003, 34.1434360392429 ], [ -118.207969253480002, 34.143436758700602 ], [ -118.207966776747, 34.143437450279301 ], [ -118.207963573361994, 34.143438527667101 ], [ -118.207961228830001, 34.143439438680304 ], [ -118.207958555144998, 34.143440651865802 ], [ -118.207943238791998, 34.143447904898103 ], [ -118.207930463023004, 34.143453697431298 ], [ -118.207917620703995, 34.143459298409098 ], [ -118.207912404636005, 34.143461450486697 ], [ -118.207904612909999, 34.143464679052897 ], [ -118.207891538566003, 34.143469922100401 ], [ -118.207878331122004, 34.143474918733702 ], [ -118.207865586829001, 34.143479858709703 ], [ -118.207852346110997, 34.143484690767004 ], [ -118.207825036398006, 34.143493476244103 ], [ -118.207811793881007, 34.143497620320097 ], [ -118.207801259223004, 34.143500771544502 ], [ -118.207800334720005, 34.143501047636398 ], [ -118.207798518089007, 34.143501544961502 ], [ -118.207784680220996, 34.143505224088003 ], [ -118.207770774902997, 34.143508737739197 ], [ -118.207756803036006, 34.143512004076896 ], [ -118.207742765518006, 34.143515077959599 ], [ -118.207731997036007, 34.143517294788502 ], [ -118.207717528743004, 34.143520369570602 ], [ -118.207706364559002, 34.143522917349898 ], [ -118.207695300200001, 34.143525601826198 ], [ -118.207684301491, 34.143528478757503 ], [ -118.207673336957001, 34.143531492385598 ], [ -118.207662471348002, 34.1435346714891 ], [ -118.207654381047007, 34.143537158114498 ], [ -118.207651639912996, 34.143538014269097 ], [ -118.207640907403999, 34.143541522524401 ], [ -118.207630242343996, 34.143545168376001 ], [ -118.207619642934006, 34.143548950924497 ], [ -118.207609110074003, 34.143552925927899 ], [ -118.207598709414995, 34.143557038527703 ], [ -118.207588376204995, 34.143561287824298 ], [ -118.207578108644995, 34.1435657016969 ], [ -118.207570845719999, 34.143568957242799 ], [ -118.207567940909996, 34.143570253165798 ], [ -118.207557905374998, 34.143574969210597 ], [ -118.20754793639, 34.143579822851699 ], [ -118.207538100505005, 34.143584813189698 ], [ -118.207528430094996, 34.143589886265403 ], [ -118.207518694035002, 34.143595206654602 ], [ -118.207509189099994, 34.143600635861802 ], [ -118.207499783990002, 34.143606175685598 ], [ -118.207494338594998, 34.143609509472398 ], [ -118.207490477804996, 34.143611879185997 ], [ -118.207481304721, 34.143617693303099 ], [ -118.207472132535003, 34.143623726854699 ], [ -118.207463454977002, 34.143629594930999 ], [ -118.207460155364004, 34.14363179827 ], [ -118.207455800847001, 34.143634855965097 ], [ -118.207443724749993, 34.143643011017303 ], [ -118.207439270408003, 34.143645931115998 ], [ -118.207431450803, 34.143651027574002 ], [ -118.207430150383004, 34.143651845057803 ], [ -118.207419043756005, 34.143658825595502 ], [ -118.207406470334007, 34.143666486020699 ], [ -118.207393732336996, 34.143673927910598 ], [ -118.207380861239997, 34.143681204325297 ], [ -118.207367791392997, 34.1436882613053 ], [ -118.20735462172, 34.143695153709601 ], [ -118.207341286572998, 34.143701853658797 ], [ -118.207327818325993, 34.143708361153102 ], [ -118.207314217879002, 34.143714677991099 ], [ -118.207300485231002, 34.143720773596002 ], [ -118.207286618585002, 34.143726678544503 ], [ -118.207272653013007, 34.143732390138901 ], [ -118.207258555240003, 34.143737882298602 ], [ -118.207244356743999, 34.143743182902803 ], [ -118.207230026047, 34.143748263173002 ], [ -118.207215596425002, 34.143753151887601 ], [ -118.207201066077999, 34.143757821167704 ], [ -118.207186469182005, 34.143762297093502 ], [ -118.207171740085997, 34.143766526605098 ], [ -118.207156943539999, 34.143770564561102 ], [ -118.207142048069002, 34.143774381283798 ], [ -118.207127086048004, 34.143777979471302 ], [ -118.207112056577998, 34.143781357324997 ], [ -118.207100033542005, 34.1437838790239 ], [ -118.207096961458006, 34.143784515744002 ], [ -118.207081798887998, 34.143787482607401 ], [ -118.207066570668005, 34.1437902012579 ], [ -118.207051307374002, 34.143792700473902 ], [ -118.20703597843, 34.143794980255301 ], [ -118.207020582935996, 34.143797039702797 ], [ -118.207005186542006, 34.143798879715703 ], [ -118.206989723598994, 34.143800472415101 ], [ -118.206974227380996, 34.1438018735588 ], [ -118.206958729364004, 34.1438030264896 ], [ -118.206943198971999, 34.143803959986002 ], [ -118.206927634405005, 34.143804673148303 ], [ -118.206912069837998, 34.143805139896401 ], [ -118.206896504371997, 34.143805413290401 ], [ -118.206880938007004, 34.14380544027 ], [ -118.206865371641996, 34.143805246915797 ], [ -118.206849804377001, 34.143804834126897 ], [ -118.206835162515006, 34.143804227084601 ], [ -118.206818701323996, 34.143803320567997 ], [ -118.206803198811002, 34.143802220697097 ], [ -118.206787695398006, 34.143800900492302 ], [ -118.206772224361004, 34.143799360853002 ], [ -118.206770042605001, 34.143799090157003 ], [ -118.206756818974, 34.143797573900102 ], [ -118.206741413588006, 34.143795594492303 ], [ -118.206726072951994, 34.143793366871598 ], [ -118.206710765590998, 34.143790919816297 ], [ -118.206695522982002, 34.143788281205403 ], [ -118.206680346922994, 34.143785394381602 ], [ -118.206665235613997, 34.1437822872239 ], [ -118.206650189955994, 34.1437789606317 ], [ -118.206635209948999, 34.143775441584502 ], [ -118.206620295592003, 34.143771675223803 ], [ -118.206605479261995, 34.143767715508801 ], [ -118.206590729480993, 34.143763536359302 ], [ -118.206576077725998, 34.143759109896102 ], [ -118.206568966785994, 34.143756868785601 ], [ -118.206561524896998, 34.143754518857101 ], [ -118.206547070092995, 34.143749707484098 ], [ -118.206533310466, 34.1437448664336 ], [ -118.206518490538002, 34.143739423736598 ], [ -118.206504364886996, 34.143733980140198 ], [ -118.206490338161004, 34.143728343189601 ], [ -118.206476443634998, 34.143722485905201 ], [ -118.206462680409999, 34.143716437065102 ], [ -118.206449048487002, 34.143710194870799 ], [ -118.206435548764006, 34.1437037332419 ], [ -118.206422180340994, 34.143697106137701 ], [ -118.20640894412, 34.1436902586996 ], [ -118.206395839199004, 34.143683246685598 ], [ -118.206382932129003, 34.143676042216804 ], [ -118.206370156359995, 34.143668617413901 ], [ -118.206357513689994, 34.143661054115498 ], [ -118.206345067973004, 34.143653272281803 ], [ -118.206332753555998, 34.143645324073603 ], [ -118.206320637888993, 34.143637211289402 ], [ -118.206308686799005, 34.143628905150997 ], [ -118.206305486111006, 34.143711182326399 ], [ -118.206194746292994, 34.143647400608202 ], [ -118.206186308853006, 34.143549645201098 ], [ -118.206183628873006, 34.1435484688879 ], [ -118.206180055866994, 34.1435468806852 ], [ -118.206173736330996, 34.143544171027898 ], [ -118.206167352044005, 34.1435415719871 ], [ -118.206160934482, 34.143539054784704 ], [ -118.206154450369993, 34.143536647299598 ], [ -118.206147901506995, 34.1435343225521 ], [ -118.206141318468994, 34.1435320805423 ], [ -118.206134703955996, 34.143529949148999 ], [ -118.206128022892003, 34.143527926573697 ], [ -118.206121341829004, 34.1435259876354 ], [ -118.206114562739003, 34.143524130535397 ], [ -118.206107783649003, 34.1435223831526 ], [ -118.206100971284997, 34.1435207463865 ], [ -118.206094126544997, 34.1435192184383 ], [ -118.206087215254996, 34.143517774127197 ], [ -118.206080304864003, 34.143516412553602 ], [ -118.206073361199003, 34.143515159798 ], [ -118.206066385157996, 34.143514017658902 ], [ -118.206059409117003, 34.143512985237301 ], [ -118.206052400700003, 34.143512035553201 ], [ -118.206045359008002, 34.143511195586299 ], [ -118.206038318216002, 34.143510466236201 ], [ -118.206031244149003, 34.143509845704003 ], [ -118.206024170080994, 34.143509308808703 ], [ -118.206017096913996, 34.143508880731403 ], [ -118.206009990471003, 34.1435085632707 ], [ -118.206002884027995, 34.143508327648398 ], [ -118.205995778485004, 34.1435082026426 ], [ -118.205988672941004, 34.143508187354101 ], [ -118.205981567397998, 34.1435082817829 ], [ -118.205974495128999, 34.143508458949398 ], [ -118.205967390485, 34.143508745833103 ], [ -118.205960285841002, 34.143509142434098 ], [ -118.205953214470995, 34.143509648752399 ], [ -118.205946144001004, 34.1435102378084 ], [ -118.205939105907007, 34.143510964460603 ], [ -118.205932068712002, 34.143511773850499 ], [ -118.205925031516998, 34.143512665078603 ], [ -118.205918027596994, 34.143513666023999 ], [ -118.205911056952004, 34.1435147766868 ], [ -118.205904119582001, 34.143515997966098 ], [ -118.205897182211004, 34.143517301083698 ], [ -118.205890279014994, 34.143518713918702 ], [ -118.205883408195007, 34.143520237370197 ], [ -118.205876603923997, 34.1435218426601 ], [ -118.205869800553003, 34.143523557667201 ], [ -118.205863029556994, 34.143525355412002 ], [ -118.205856292736001, 34.143527262874002 ], [ -118.205849621564994, 34.1435292800534 ], [ -118.205842983669001, 34.143531379970398 ], [ -118.205836379047994, 34.143533562625002 ], [ -118.205829840975994, 34.1435358540975 ], [ -118.205823336180003, 34.143538256186702 ], [ -118.205816897934, 34.143540740114197 ], [ -118.205810492962001, 34.143543305880002 ], [ -118.205804154540004, 34.143545982262403 ], [ -118.205797881769001, 34.143548741382503 ], [ -118.205791642272999, 34.143551582340798 ], [ -118.205785502601003, 34.143554533016498 ], [ -118.205779396203994, 34.143557538550702 ], [ -118.205773355458007, 34.143560653802297 ], [ -118.205767381262007, 34.143563851791498 ], [ -118.205761473614999, 34.1435671585987 ], [ -118.205755665793006, 34.143570521163802 ], [ -118.205749890346993, 34.143573993446203 ], [ -118.205744214725996, 34.1435775205873 ], [ -118.205738605654005, 34.143581156546297 ], [ -118.205733062232994, 34.143584848263302 ], [ -118.205727618636999, 34.1435886227179 ], [ -118.205722240691003, 34.143592505990497 ], [ -118.205716930194001, 34.143596445021103 ], [ -118.205711750999001, 34.143600464990598 ], [ -118.205706605078007, 34.143604540718201 ], [ -118.205701592257, 34.143608726163002 ], [ -118.205694897702998, 34.1436144530457 ], [ -118.205688631227005, 34.143619849877297 ], [ -118.205684344158996, 34.143623429179101 ], [ -118.205679957266, 34.143626926642497 ], [ -118.205675470548996, 34.143630341368301 ], [ -118.205670951455005, 34.143633729114498 ], [ -118.205666365811993, 34.143637034123003 ], [ -118.205661680343994, 34.1436402572932 ], [ -118.205656962500996, 34.1436434256048 ], [ -118.205652144832996, 34.143646511178801 ], [ -118.205647293889996, 34.143649541894 ], [ -118.205642344021001, 34.143652518650001 ], [ -118.205637360878001, 34.143655384789298 ], [ -118.205632311184004, 34.14365819607 ], [ -118.205627228216002, 34.143660952492098 ], [ -118.205622046322006, 34.143663599196898 ], [ -118.205616830254996, 34.143666191043003 ], [ -118.205611548535998, 34.143668701050899 ], [ -118.205606234442001, 34.143671127421797 ], [ -118.205600852898996, 34.143673499833298 ], [ -118.205595438081005, 34.143675790406597 ], [ -118.205589957613, 34.1436779703632 ], [ -118.205584443869, 34.1436800954612 ], [ -118.205578896850994, 34.143682138720898 ], [ -118.205573283283002, 34.143684099243004 ], [ -118.205567636439, 34.143685977027403 ], [ -118.205561956321006, 34.1436877729735 ], [ -118.205556242927997, 34.143689486181998 ], [ -118.205550496260003, 34.143691117552201 ], [ -118.205544716318002, 34.143692666184798 ], [ -118.205538903100006, 34.143694104200698 ], [ -118.205533057506997, 34.1436954882573 ], [ -118.205527177739, 34.143696789576303 ], [ -118.205521264696998, 34.1436979811781 ], [ -118.205515351654, 34.143699117921102 ], [ -118.205509405336997, 34.143700144946898 ], [ -118.205503425744993, 34.143701089235101 ], [ -118.205497446151995, 34.143701951684903 ], [ -118.205491433285005, 34.143702731397099 ], [ -118.205485420418, 34.143703428371701 ], [ -118.205479373377003, 34.143704015628899 ], [ -118.205473326334996, 34.143704521048001 ], [ -118.205467280193005, 34.143704942829999 ], [ -118.205461199877007, 34.143705282773801 ], [ -118.205455151935993, 34.143705540879097 ], [ -118.205449071619995, 34.143705688368001 ], [ -118.205442990403995, 34.143705754018498 ], [ -118.205436910087002, 34.143705736931402 ], [ -118.205430827971995, 34.143705637106699 ], [ -118.205424780032004, 34.143705454544303 ], [ -118.205420747472004, 34.143705269283899 ], [ -118.205412649077005, 34.1437047881466 ], [ -118.205406566961997, 34.143704359170002 ], [ -118.205400550497004, 34.143703792597101 ], [ -118.205394501656997, 34.1437031702662 ], [ -118.205388484292996, 34.143702439117497 ], [ -118.205382501103998, 34.143701652210602 ], [ -118.205376517014997, 34.1437007555866 ], [ -118.205370565300996, 34.1436997762248 ], [ -118.205364614486996, 34.143698715024797 ], [ -118.205358695149997, 34.143697543208198 ], [ -118.205352809985996, 34.143696316532903 ], [ -118.205346923923997, 34.143694980140403 ], [ -118.205341103511003, 34.143693588889199 ], [ -118.205335283099004, 34.1436920870214 ], [ -118.205329529235996, 34.143690503315298 ], [ -118.205323774475005, 34.143688836871398 ], [ -118.205318085363004, 34.143687115569101 ], [ -118.205305484063004, 34.143683261974097 ], [ -118.205292817111996, 34.143679573854399 ], [ -118.205280052134995, 34.143676106068597 ], [ -118.205267220607993, 34.143672802858703 ], [ -118.205254357605, 34.143669692103799 ], [ -118.205241394777005, 34.143666773803702 ], [ -118.205228366298002, 34.143664020978903 ], [ -118.205215306343007, 34.143661487588801 ], [ -118.205202179839006, 34.143659118774501 ], [ -118.205189020958997, 34.143656970294202 ], [ -118.205180425239007, 34.143655666277098 ], [ -118.205179301086005, 34.143655503499801 ], [ -118.205176987130002, 34.143655314642203 ], [ -118.205174706449995, 34.143655236401202 ], [ -118.205173549921994, 34.143655266078802 ], [ -118.205171236864999, 34.143655379393302 ], [ -118.205170080336998, 34.143655491808701 ], [ -118.205167833830998, 34.143655824557896 ], [ -118.205165587324004, 34.1436562958026 ], [ -118.205163407366996, 34.143656876764602 ], [ -118.205161261585005, 34.143657594423601 ], [ -118.205159181452998, 34.143658450578201 ], [ -118.205158158025, 34.143658919125002 ], [ -118.205156210992001, 34.143659938956198 ], [ -118.205155286489003, 34.143660490240599 ], [ -118.205153438382993, 34.143661647667997 ], [ -118.205152581329003, 34.143662280790799 ], [ -118.205151723374996, 34.143662941792499 ], [ -118.205150140569003, 34.143664318654501 ], [ -118.205148656687001, 34.143665777354897 ], [ -118.205147305905996, 34.143667345772499 ], [ -118.205146054048996, 34.143668969048797 ], [ -118.205145493771994, 34.143669794626497 ], [ -118.205144506316003, 34.1436715276201 ], [ -118.205144045862994, 34.143672407156998 ], [ -118.205143618685, 34.143673315472299 ], [ -118.205142896530006, 34.143675130304203 ], [ -118.205142338949997, 34.143676999095398 ], [ -118.205141946845998, 34.143678868785898 ], [ -118.205141720216005, 34.143680792435802 ], [ -118.205141656364006, 34.143681726831403 ], [ -118.205141660861003, 34.143683650481201 ], [ -118.205141696834005, 34.143684666715103 ], [ -118.205144283284, 34.143715329100303 ], [ -118.204945151798995, 34.143710638236499 ], [ -118.204942702045997, 34.143682037097498 ], [ -118.204942600422996, 34.143681102701898 ], [ -118.204942264975998, 34.143679206930997 ], [ -118.204941798228006, 34.143677312059502 ], [ -118.204941465478001, 34.143676405542898 ], [ -118.204941132729004, 34.143675472046603 ], [ -118.204940335030997, 34.143673686892299 ], [ -118.204939903356006, 34.143672781275001 ], [ -118.204938874532004, 34.143671079757702 ], [ -118.204937746781994, 34.143669405220102 ], [ -118.204937116357002, 34.143668609320102 ], [ -118.204936453556996, 34.143667813420002 ], [ -118.204935029029997, 34.143666304357602 ], [ -118.204933472304006, 34.143664878032901 ], [ -118.204932644028005, 34.143664220628402 ], [ -118.204930956000993, 34.143662931900003 ], [ -118.204930028800007, 34.143662328454802 ], [ -118.204929134874007, 34.143661752888697 ], [ -118.204927215721, 34.143660684494201 ], [ -118.204926222869005, 34.143660191665703 ], [ -118.204924171515003, 34.143659288746399 ], [ -118.204922054511002, 34.143658495544301 ], [ -118.204920996008994, 34.143658167291797 ], [ -118.204918813354993, 34.143657566544597 ], [ -118.204917689202006, 34.1436573210297 ], [ -118.204915440896997, 34.143656939717097 ], [ -118.204914283468995, 34.143656776939899 ], [ -118.204913160215995, 34.143656669021198 ], [ -118.204910846261001, 34.1436565359216 ], [ -118.204908532304998, 34.143656539518901 ], [ -118.204907375776997, 34.1436565961762 ], [ -118.204905095995002, 34.143656792228299 ], [ -118.204903576141007, 34.143656987381199 ], [ -118.204890428053005, 34.1436591529487 ], [ -118.204877313240004, 34.1436615109711 ], [ -118.204864232600002, 34.143664061448497 ], [ -118.204851217612003, 34.143666803481402 ], [ -118.204838270072003, 34.143669738868503 ], [ -118.204825388182996, 34.143672837932201 ], [ -118.204812572844006, 34.143676157329999 ], [ -118.204799824953994, 34.143679641303599 ], [ -118.204787142715006, 34.1436833168327 ], [ -118.204774527924002, 34.143687157837199 ], [ -118.204762012059007, 34.143691191296597 ], [ -118.204749596018999, 34.143695416311601 ], [ -118.204744312502001, 34.143697266217004 ], [ -118.204731797536994, 34.143701601848697 ], [ -118.204720602776007, 34.143705247700197 ], [ -118.204709341465005, 34.143708756854799 ], [ -118.204698014504004, 34.143712101433501 ], [ -118.204686586818994, 34.143715280537002 ], [ -118.204675125858003, 34.143718295064403 ], [ -118.204672285799006, 34.143718986643101 ], [ -118.204663565972993, 34.143721117136998 ], [ -118.204651972812002, 34.143723802512604 ], [ -118.204640345477998, 34.143726295433403 ], [ -118.204628651592998, 34.143728650757801 ], [ -118.204616891159006, 34.1437308136273 ], [ -118.204605097449004, 34.143732812820197 ], [ -118.204593270464997, 34.143734618658897 ], [ -118.204581410206004, 34.143736286901301 ], [ -118.204569515773002, 34.143737763588099 ], [ -118.204557588963993, 34.143739075699003 ], [ -118.204545627081004, 34.143740194455603 ], [ -118.204533632823001, 34.1437411495356 ], [ -118.204521638564998, 34.143741939140298 ], [ -118.204509642508, 34.143742536290198 ], [ -118.204497614076004, 34.143742996743001 ], [ -118.204390112715998, 34.143746118289897 ], [ -118.204145699467006, 34.143753236423798 ], [ -118.203990908156001, 34.1437577294368 ], [ -118.2039885951, 34.143757870630402 ], [ -118.203987471846006, 34.143757982146298 ], [ -118.203986315318005, 34.143758121541197 ], [ -118.203984068812005, 34.143758537927297 ], [ -118.203982946457998, 34.143758787039602 ], [ -118.203980766501004, 34.143759368001596 ], [ -118.203979676523005, 34.143759698952103 ], [ -118.203977563115998, 34.143760499348701 ], [ -118.203976539688, 34.143760940915797 ], [ -118.203974559380001, 34.143761878908798 ], [ -118.203972644724004, 34.143762953598603 ], [ -118.203971721119999, 34.143763531862703 ], [ -118.203969939562995, 34.143764772027801 ], [ -118.203969114884998, 34.1437654330295 ], [ -118.203967498802996, 34.143766808992197 ], [ -118.203966014922003, 34.143768268591899 ], [ -118.203965323342999, 34.143769038411499 ], [ -118.203964038212007, 34.143770634708197 ], [ -118.203963444658996, 34.143771460285798 ], [ -118.203962358278005, 34.143773138420798 ], [ -118.203961864551005, 34.143774017957703 ], [ -118.203961010195002, 34.143775805809902 ], [ -118.203960615392006, 34.143776713225897 ], [ -118.203960287140006, 34.143777620641799 ], [ -118.203959730459005, 34.1437794903323 ], [ -118.203959501132005, 34.1437804247279 ], [ -118.203959207953005, 34.143782321398199 ], [ -118.203959047873994, 34.143784245048003 ], [ -118.203959017296995, 34.143785207322601 ], [ -118.203959087444005, 34.143787157952097 ], [ -118.203963102017994, 34.143833837262903 ], [ -118.203877281513002, 34.1438374993023 ], [ -118.203872996244002, 34.1437876597738 ], [ -118.203872759722003, 34.1437857370233 ], [ -118.203872559173007, 34.143784803527097 ], [ -118.203872092425001, 34.143782907756098 ], [ -118.203871792951006, 34.1437820012396 ], [ -118.203871060902998, 34.143780162125999 ], [ -118.203870197553996, 34.1437784048507 ], [ -118.203869699329005, 34.143777526213 ], [ -118.203868604853994, 34.143775824695702 ], [ -118.203868007704003, 34.143775000916698 ], [ -118.203867411453999, 34.143774205016697 ], [ -118.203866052577993, 34.143772668974599 ], [ -118.203865323228001, 34.143771900054297 ], [ -118.203863766501996, 34.1437705016085 ], [ -118.203862110849997, 34.143769158021399 ], [ -118.203860322997997, 34.143767924151497 ], [ -118.203859396696004, 34.143767348585399 ], [ -118.203857476642995, 34.143766280190803 ], [ -118.203856517066995, 34.143765787362398 ], [ -118.203855491840002, 34.143765322412897 ], [ -118.203853408110007, 34.143764501331901 ], [ -118.203851291106005, 34.143763789968098 ], [ -118.203849075177004, 34.143763189220898 ], [ -118.203847983399996, 34.143762943706001 ], [ -118.203845702718993, 34.143762535413799 ], [ -118.203843421138998, 34.143762292596897 ], [ -118.203842264610998, 34.143762184678302 ], [ -118.203841140457996, 34.143762158597902 ], [ -118.203838860676996, 34.143762135215603 ], [ -118.203677162573001, 34.143766859354301 ], [ -118.203478155195, 34.143772634800399 ], [ -118.203279180191998, 34.143778438125601 ], [ -118.203080172813998, 34.143784213571799 ], [ -118.203071349564993, 34.143784475274501 ], [ -118.203054991797003, 34.143785107497798 ], [ -118.203038634926997, 34.143785987034803 ], [ -118.203022311333001, 34.143787112985997 ], [ -118.203005987737995, 34.1437884592711 ], [ -118.202989731592993, 34.143790052869797 ], [ -118.202973476346997, 34.143791866802403 ], [ -118.202957286751001, 34.143793955028201 ], [ -118.202941131329993, 34.143796234809599 ], [ -118.202925042459, 34.143798762803797 ], [ -118.202910308865995, 34.1438012881002 ], [ -118.202893031990001, 34.1438045319547 ], [ -118.202877110391995, 34.143807746131699 ], [ -118.202861255344999, 34.143811207622299 ], [ -118.202845466846995, 34.143814888547404 ], [ -118.202829778174006, 34.143818816786101 ], [ -118.202814188426004, 34.143822937479797 ], [ -118.202798666128004, 34.143827305486901 ], [ -118.202783243653997, 34.143831919908401 ], [ -118.202767920105998, 34.143836726784698 ], [ -118.202752696382007, 34.143841753994899 ], [ -118.202747017163006, 34.143843714516997 ], [ -118.202737573381995, 34.143847027619401 ], [ -118.202722581684, 34.143852493698802 ], [ -118.202707690709005, 34.1438581792127 ], [ -118.202692931935005, 34.143864084161301 ], [ -118.202678272986006, 34.143870209443698 ], [ -118.202663779511994, 34.143876553261499 ], [ -118.202649419137003, 34.143883090433398 ], [ -118.202635158587995, 34.143889846140603 ], [ -118.202621096787993, 34.143896794302798 ], [ -118.202607133914, 34.143903962798802 ], [ -118.202593370689996, 34.143911321951101 ], [ -118.202589904701995, 34.143913197037598 ], [ -118.202604542966995, 34.143980275670401 ], [ -118.202459083022006, 34.144084965749698 ], [ -118.20244257057, 34.144008382182299 ], [ -118.202276541331003, 34.144121708451301 ], [ -118.202097775894003, 34.144243793217697 ], [ -118.201919966435, 34.144365189103397 ], [ -118.201770334534999, 34.144467274746098 ], [ -118.201741133549007, 34.1444871911321 ], [ -118.201683392576996, 34.144526581437802 ], [ -118.201634196962999, 34.144560160324303 ], [ -118.201587733489006, 34.1445892551911 ], [ -118.201564203627001, 34.1446034464931 ], [ -118.201561596492994, 34.144604961850703 ], [ -118.201540408464993, 34.144617307743701 ], [ -118.201516281452996, 34.1446308128629 ], [ -118.201491890040998, 34.1446439609512 ], [ -118.201467232428996, 34.1446567520087 ], [ -118.201442310415999, 34.144669213914199 ], [ -118.201417156378994, 34.14468129091 ], [ -118.201391702866999, 34.144692984794602 ], [ -118.201366050605003, 34.144704320749 ], [ -118.201368648745998, 34.144767408190603 ], [ -118.201206741099995, 34.144850526231998 ], [ -118.201203231945996, 34.144765732753598 ], [ -118.201195306220995, 34.144768301217297 ], [ -118.201171263744996, 34.144775788073296 ], [ -118.201142400902995, 34.144578758304199 ], [ -118.201158680431007, 34.144573152829899 ], [ -118.201181629331003, 34.1445648439935 ], [ -118.201191667564004, 34.144561062344302 ], [ -118.201186185295995, 34.144466627234202 ], [ -118.201168671898998, 34.144165764439599 ], [ -118.201160444901006, 34.144029180803201 ], [ -118.20115238068, 34.143891910084797 ], [ -118.201144349733994, 34.143754640265598 ], [ -118.201136318788002, 34.143617369547101 ], [ -118.201128288741998, 34.143480098828697 ], [ -118.201120224521006, 34.143342829009498 ], [ -118.201112193575, 34.143205558291001 ], [ -118.201104163528001, 34.1430683154516 ], [ -118.201045307396996, 34.143070061934999 ], [ -118.200580642085001, 34.143084023010402 ], [ -118.200581877754004, 34.143117243067501 ], [ -118.199935780513997, 34.143134086470099 ], [ -118.199938040510006, 34.143194508321002 ], [ -118.199938216776999, 34.143199151520797 ], [ -118.199938410132006, 34.143210775258197 ], [ -118.199938371461002, 34.143222398995697 ], [ -118.199938101664003, 34.143234022733203 ], [ -118.199937600742004, 34.143245619490898 ], [ -118.199936835418995, 34.143257244127703 ], [ -118.199935805695006, 34.143268814805097 ], [ -118.199934577221001, 34.1432803845832 ], [ -118.199933084346, 34.143291956160098 ], [ -118.199931327971001, 34.143303472878202 ], [ -118.199929697499996, 34.143312983208801 ], [ -118.199929371945004, 34.143314989596199 ], [ -118.199927152417999, 34.1433264514557 ], [ -118.199924667591006, 34.1433378872349 ], [ -118.199921984913999, 34.143349295135003 ], [ -118.199919037835002, 34.143360649075802 ], [ -118.199915859631005, 34.143371975137697 ], [ -118.199912449402007, 34.143383247240202 ], [ -118.199908808046999, 34.143394464484103 ], [ -118.199904934667003, 34.143405626869303 ], [ -118.199900830160999, 34.143416735295297 ], [ -118.199896461254994, 34.143427761882897 ], [ -118.199892223649002, 34.143438540257598 ], [ -118.199888217169999, 34.143449373491002 ], [ -118.199884409440003, 34.143460261583002 ], [ -118.199880866111002, 34.143471203634299 ], [ -118.199878537765997, 34.143478709376097 ], [ -118.199877521532997, 34.143482200544298 ], [ -118.199874441353998, 34.143493252312901 ], [ -118.199871559927004, 34.143504331061202 ], [ -118.199868909624996, 34.143515464668099 ], [ -118.199866523723003, 34.143526624355403 ], [ -118.199864368947999, 34.143537811921597 ], [ -118.199862446197002, 34.143549026467603 ], [ -118.199860754572001, 34.143560295872099 ], [ -118.199859294072994, 34.143571564377403 ], [ -118.199858065599003, 34.1435828598622 ], [ -118.199857068251006, 34.143594155347103 ], [ -118.199856334404004, 34.143605477811697 ], [ -118.199855833482005, 34.143616800276298 ], [ -118.199855588866001, 34.143625291675001 ], [ -118.199855443176006, 34.143633425143697 ], [ -118.199979831106006, 34.1436296470917 ], [ -118.199980835649001, 34.143635114070399 ], [ -118.199855356840999, 34.143638920900699 ], [ -118.199852400769998, 34.143798495705198 ], [ -118.199849411423003, 34.143958041731402 ], [ -118.199847922146006, 34.144040343188401 ], [ -118.199847931139004, 34.1440440528919 ], [ -118.199848039057997, 34.144047762595299 ], [ -118.199848213525996, 34.144051471399401 ], [ -118.199848486920004, 34.1440551811029 ], [ -118.199848825965006, 34.144058889907001 ], [ -118.199849231559, 34.144062571731403 ], [ -118.199849702804002, 34.1440662526566 ], [ -118.199850273872997, 34.144069961460701 ], [ -118.199850943868, 34.144073614506901 ], [ -118.199851646238997, 34.144077296331403 ], [ -118.199852448434001, 34.144080949377503 ], [ -118.199853316279999, 34.144084575443998 ], [ -118.199854283050996, 34.144088200611201 ], [ -118.199855316371995, 34.144091825778297 ], [ -118.199856415343007, 34.144095423965801 ], [ -118.199857580865, 34.144098994274401 ], [ -118.199858845311994, 34.144102564582802 ], [ -118.199860176307993, 34.144106107012398 ], [ -118.199861572055994, 34.144109649441901 ], [ -118.199863001978002, 34.144113082154199 ], [ -118.199864829399999, 34.144117146190503 ], [ -118.199866224249007, 34.144120083376301 ], [ -118.199867917671995, 34.144123516088499 ], [ -118.199869677646006, 34.144126947901498 ], [ -118.199871503268994, 34.144130324855702 ], [ -118.199873428718007, 34.144133673931002 ], [ -118.199875386542004, 34.144136995127397 ], [ -118.199877443291001, 34.144140317222998 ], [ -118.199879566590994, 34.144143583560698 ], [ -118.199881755541, 34.144146822019401 ], [ -118.199884010141005, 34.1441500065188 ], [ -118.199886331290998, 34.1441531901188 ], [ -118.199888718091998, 34.144156318860198 ], [ -118.199891171442005, 34.144159446702297 ], [ -118.199893690444, 34.144162492706101 ], [ -118.199896275994007, 34.1441655387098 ], [ -118.199898893921002, 34.144168529854902 ], [ -118.199901610772997, 34.1441714931211 ], [ -118.199904394174993, 34.144174400629197 ], [ -118.199907209952002, 34.1441772820571 ], [ -118.199910092278998, 34.144180106827697 ], [ -118.199913040257002, 34.144182905517901 ], [ -118.199916053885005, 34.144185648450097 ], [ -118.199919100787994, 34.144188335624399 ], [ -118.199922214240999, 34.144190995819002 ], [ -118.199925393344003, 34.144193601154903 ], [ -118.199928638098001, 34.144196179511198 ], [ -118.199931916126999, 34.144198702109598 ], [ -118.199935259807006, 34.144201168949898 ], [ -118.199938636761004, 34.1442035818311 ], [ -118.199942079365997, 34.144205966833098 ], [ -118.199945555244994, 34.144208269097497 ], [ -118.199949096775995, 34.144210544382297 ], [ -118.199954094307998, 34.1442136137684 ], [ -118.200053683432998, 34.144273517609903 ], [ -118.200059309592007, 34.144277024965902 ], [ -118.200067816279002, 34.144282396616497 ], [ -118.200074569288006, 34.144286864448397 ], [ -118.200081255746994, 34.144291442897 ], [ -118.200087844180999, 34.144296103183798 ], [ -118.200094332789007, 34.144300846208203 ], [ -118.200099961646004, 34.144305151262898 ], [ -118.199897393851998, 34.144315213777297 ], [ -118.199872670589002, 34.144300306615001 ], [ -118.199870882737002, 34.144299182462497 ], [ -118.199865520979003, 34.1442957569448 ], [ -118.199860191596997, 34.144292247790197 ], [ -118.199854961140005, 34.144288684676297 ], [ -118.199849796332998, 34.1442850379253 ], [ -118.199844896827003, 34.144281446932403 ], [ -118.198992773, 34.144303296860897 ], [ -118.198991305307004, 34.144464242232203 ], [ -118.198989430219996, 34.144662147041601 ], [ -118.198989698218, 34.144677534441797 ], [ -118.198996084304, 34.145180384968 ], [ -118.199024452518998, 34.145199271630197 ], [ -118.199053348635005, 34.145217799463097 ], [ -118.199064900427004, 34.145224952670603 ], [ -118.199047674811993, 34.145416452508499 ], [ -118.199031094911007, 34.145407301906602 ], [ -118.198998661760996, 34.145388669752499 ], [ -118.198965730386007, 34.145369049243399 ], [ -118.198933658762996, 34.145349235380102 ], [ -118.198902014319003, 34.145328952969898 ], [ -118.198870799749997, 34.145308202912403 ], [ -118.198825315638004, 34.145277446098497 ], [ -118.198727661853994, 34.145211382800198 ], [ -118.198725610501, 34.145210067092101 ], [ -118.198724186874003, 34.145209245111701 ], [ -118.198721274869001, 34.145207711767704 ], [ -118.198718198288006, 34.145206342999501 ], [ -118.198715055158004, 34.145205165786898 ], [ -118.198711814001001, 34.145204181928598 ], [ -118.198708474818005, 34.145203390525197 ], [ -118.198705102361004, 34.1452027915767 ], [ -118.198701664252994, 34.145202385083103 ], [ -118.198698226144003, 34.145202171044502 ], [ -118.198694755660995, 34.1452021494608 ], [ -118.198691319350999, 34.145202347311702 ], [ -118.198687883041003, 34.145202737617403 ], [ -118.198684480007003, 34.145203348257098 ], [ -118.198681176796995, 34.145204122573297 ], [ -118.198677907760995, 34.145205117223497 ], [ -118.198674737651004, 34.145206276449699 ], [ -118.198671667366, 34.145207628130699 ], [ -118.198668762555002, 34.145209144387699 ], [ -118.198665924295, 34.145210825220602 ], [ -118.198663284784999, 34.145212670629398 ], [ -118.198660777474998, 34.145214652735199 ], [ -118.198658468914999, 34.145216800316199 ], [ -118.198656326730003, 34.145219056715298 ], [ -118.198654382396001, 34.145221423730902 ], [ -118.198652669186998, 34.145223926544197 ], [ -118.198651122353994, 34.1452265120951 ], [ -118.198649839919995, 34.145229179484197 ], [ -118.198648755337999, 34.145231901731997 ], [ -118.198647902781005, 34.145234678838499 ], [ -118.198647281348997, 34.145237537783302 ], [ -118.198646925218, 34.1452403958288 ], [ -118.198646828989993, 34.145241824851503 ], [ -118.198646799312002, 34.145243391470501 ], [ -118.198646831687995, 34.145256828241202 ], [ -118.198514432596994, 34.145130726203199 ], [ -118.198514407415999, 34.1451200368614 ], [ -118.198514367846002, 34.145117233674597 ], [ -118.198514162799995, 34.145114431387 ], [ -118.198513858829998, 34.145111629099603 ], [ -118.198513455034004, 34.145108854691102 ], [ -118.198512919937002, 34.145106080282602 ], [ -118.198512285015994, 34.145103332853701 ], [ -118.198511086219995, 34.1450992409384 ], [ -118.198510153623005, 34.145096522287801 ], [ -118.198509123, 34.145093858495898 ], [ -118.198507960176002, 34.145091222583098 ], [ -118.198506698428005, 34.145088641528801 ], [ -118.198504574229005, 34.145084797826399 ], [ -118.198503048079004, 34.145082299509603 ], [ -118.198501389729003, 34.145079856951 ], [ -118.198498770003994, 34.145076261461497 ], [ -118.198496880529007, 34.145073956499097 ], [ -118.198494892127997, 34.145071678516302 ], [ -118.198492804801006, 34.145069484170499 ], [ -118.198490618549002, 34.145067316804401 ], [ -118.198488365748005, 34.145065232175902 ], [ -118.198486014919993, 34.145063230284997 ], [ -118.198483597541994, 34.145061283252801 ], [ -118.198481081238995, 34.145059418958198 ], [ -118.198478499285002, 34.145057609522198 ], [ -118.198475818405996, 34.145055882823797 ], [ -118.198473104252997, 34.145054237963897 ], [ -118.198470291172995, 34.145052676740796 ], [ -118.198467445717995, 34.1450511694771 ], [ -118.198465195614006, 34.145050101981802 ], [ -118.198449082460996, 34.145042708655303 ], [ -118.198432805631995, 34.145035536561899 ], [ -118.198416396601999, 34.145028610882903 ], [ -118.198399822995995, 34.145021933416601 ], [ -118.198383150463997, 34.145015476284399 ], [ -118.198366313356999, 34.145009293445298 ], [ -118.198357580939998, 34.145006230354397 ], [ -118.198349344947999, 34.145003330940099 ], [ -118.198332277614995, 34.144997615748501 ], [ -118.198315045705002, 34.144992147870497 ], [ -118.198297748144995, 34.144986928205299 ], [ -118.198280319283, 34.1449819828334 ], [ -118.198262792395994, 34.144977257795396 ], [ -118.198250060693994, 34.144974036423797 ], [ -118.198098107644, 34.144936145288099 ], [ -118.197876610918996, 34.144880972779802 ], [ -118.197816458865006, 34.144865985577901 ], [ -118.197680346473007, 34.144832052358502 ], [ -118.197484049650996, 34.144783158916802 ], [ -118.197392249554994, 34.144760281063299 ], [ -118.197287785205006, 34.144734237596197 ], [ -118.197132956122999, 34.144695662076302 ], [ -118.197129616940003, 34.1446949534106 ], [ -118.197127070959993, 34.144694518138699 ], [ -118.197124492602995, 34.144694219563704 ], [ -118.197121054495, 34.144693977646099 ], [ -118.197117584010996, 34.144693956062497 ], [ -118.197115006554, 34.144694042397298 ], [ -118.197112429097004, 34.144694267227798 ], [ -118.197109852539995, 34.144694600876299 ], [ -118.197107308358, 34.144695044242098 ], [ -118.197103972771998, 34.144695791578698 ], [ -118.197101528415004, 34.144696483157297 ], [ -118.197099117332002, 34.144697311432999 ], [ -118.197096740424001, 34.144698194567198 ], [ -118.197094462441996, 34.1446992143984 ], [ -118.197092217733996, 34.144700317866601 ], [ -118.197089379472999, 34.144701943840801 ], [ -118.197087333515995, 34.1447032658442 ], [ -118.197084726380993, 34.144705166111699 ], [ -118.197082879174005, 34.144706680570003 ], [ -118.197081131790995, 34.144708276866602 ], [ -118.197079515709007, 34.1447099559009 ], [ -118.197077967077007, 34.144711689793802 ], [ -118.197076549745006, 34.144713505524997 ], [ -118.197074837436006, 34.144716009237598 ], [ -118.197073685404007, 34.144717934686099 ], [ -118.197072665573003, 34.144719914093898 ], [ -118.197071744666999, 34.1447220041184 ], [ -118.196937490275005, 34.144690759871899 ], [ -118.196937559522993, 34.144677872586897 ], [ -118.196937453402995, 34.1446749875618 ], [ -118.196937317605006, 34.144673558539097 ], [ -118.196936982157993, 34.144671415454603 ], [ -118.196936347236999, 34.1446685861875 ], [ -118.196935947938002, 34.144667185943099 ], [ -118.196935215889994, 34.144665125596198 ], [ -118.196934351641005, 34.144663094027699 ], [ -118.196933720317006, 34.144661748642001 ], [ -118.196932259817999, 34.144659140607999 ], [ -118.196931033143002, 34.144657246635802 ], [ -118.196930170692994, 34.144656010967303 ], [ -118.196928247941997, 34.144653596287597 ], [ -118.196926691216007, 34.144651894770298 ], [ -118.196925564365003, 34.144650770617702 ], [ -118.196924405139001, 34.144649700424502 ], [ -118.196922617287001, 34.144648164382502 ], [ -118.196920696334999, 34.144646684098397 ], [ -118.196919405808003, 34.1446457515014 ], [ -118.196916625103995, 34.1446440248031 ], [ -118.196914473926, 34.144642819711599 ], [ -118.196912985547996, 34.144642052589802 ], [ -118.196909941342994, 34.144640710801397 ], [ -118.196906799112, 34.144639506609103 ], [ -118.196905178533001, 34.144638987700297 ], [ -118.196902730578998, 34.144638304215498 ], [ -118.196711626443005, 34.144590665328103 ], [ -118.196464701387001, 34.144529157096102 ], [ -118.196233815740001, 34.144471606780399 ], [ -118.196231302135004, 34.144471033912303 ], [ -118.196228757054001, 34.144470598640297 ], [ -118.196226211072997, 34.144470245206797 ], [ -118.196223599442007, 34.144470002389902 ], [ -118.196221021984996, 34.144469896269896 ], [ -118.196218443627998, 34.144469872887498 ], [ -118.196215832896002, 34.144469987101402 ], [ -118.196213255439005, 34.144470211032598 ], [ -118.196210678881997, 34.144470545580397 ], [ -118.196208167975001, 34.144470988946203 ], [ -118.196205657068006, 34.1444715429285 ], [ -118.196203180335004, 34.144472178749197 ], [ -118.196200735977001, 34.144472952166197 ], [ -118.196197599141996, 34.144474139271303 ], [ -118.196195288783997, 34.144475159102498 ], [ -118.196193076450996, 34.144476261671301 ], [ -118.196190898292997, 34.144477446977703 ], [ -118.196188852335993, 34.144478742001503 ], [ -118.196186839652995, 34.144480146742602 ], [ -118.196184925896006, 34.144481606342303 ], [ -118.196183145237995, 34.1444831477802 ], [ -118.196181430230993, 34.144484771955803 ], [ -118.196179815049007, 34.144486477969799 ], [ -118.196178332065998, 34.1444882388422 ], [ -118.196176948010006, 34.144490055472801 ], [ -118.196175663778007, 34.144491953042397 ], [ -118.196174544122002, 34.144493878490898 ], [ -118.196173491015998, 34.144495858798003 ], [ -118.196172604284001, 34.144497893963802 ], [ -118.196171848853993, 34.1444999561092 ], [ -118.196171192348999, 34.144502045234397 ], [ -118.196170604192005, 34.144504738703901 ], [ -118.196169298377001, 34.1445116661816 ], [ -118.196009053577001, 34.144474307444497 ], [ -118.196011566283005, 34.144460893156797 ], [ -118.196012904474003, 34.144453719264902 ], [ -118.196013132901996, 34.144452318121203 ], [ -118.196013391907002, 34.1444501462584 ], [ -118.196013486335005, 34.144448003173999 ], [ -118.196013482737996, 34.144446574151303 ], [ -118.196013413489993, 34.144445118148901 ], [ -118.196013210244004, 34.1444429750645 ], [ -118.196012874795997, 34.144440831979999 ], [ -118.196012573524001, 34.144439430836201 ], [ -118.196012206600003, 34.144438002712803 ], [ -118.196011541101996, 34.144435915386403 ], [ -118.196011041977997, 34.144434542121601 ], [ -118.196010145353995, 34.144432510553102 ], [ -118.196009148905006, 34.144430533843199 ], [ -118.196008418656007, 34.1444292154371 ], [ -118.196007224355995, 34.144427321464903 ], [ -118.196005897855997, 34.144425455371703 ], [ -118.196004472430999, 34.144423671116698 ], [ -118.196003445404997, 34.1444224912062 ], [ -118.196001822127997, 34.144420817567898 ], [ -118.196000099927005, 34.144419199687398 ], [ -118.195998278800005, 34.144417663645498 ], [ -118.195997020647994, 34.144416676189799 ], [ -118.195995034046007, 34.144415305622999 ], [ -118.195993643693996, 34.144414400904999 ], [ -118.195992254241006, 34.144413578924699 ], [ -118.195990103062996, 34.144412373833099 ], [ -118.195987852958993, 34.144411277559499 ], [ -118.195986331306003, 34.144410621054497 ], [ -118.195984776377998, 34.144409991529102 ], [ -118.195982394973996, 34.144409143468401 ], [ -118.195980774394997, 34.144408623660198 ], [ -118.195978294065, 34.144407941074697 ], [ -118.195806237569997, 34.144365050607803 ], [ -118.195552932723999, 34.144302012628899 ], [ -118.195324329556001, 34.144245061261699 ], [ -118.195321816849997, 34.144244488393603 ], [ -118.195319270870002, 34.144244025242699 ], [ -118.195316724888997, 34.144243699688097 ], [ -118.195314146532994, 34.144243455971903 ], [ -118.195311535800997, 34.1442433228722 ], [ -118.195308957444993, 34.144243327368798 ], [ -118.195305487859997, 34.144243498240002 ], [ -118.195302910403001, 34.144243749150903 ], [ -118.195300366221005, 34.144244110678301 ], [ -118.195297822938002, 34.144244581923097 ], [ -118.195295345305993, 34.144245190764103 ], [ -118.195292076269993, 34.144246129656302 ], [ -118.195289665188, 34.144246985810902 ], [ -118.195287353929999, 34.144247923803803 ], [ -118.195285075947993, 34.144248944534297 ], [ -118.195282864514994, 34.144250101961802 ], [ -118.195280718731993, 34.144251314247903 ], [ -118.195278672775004, 34.144252636251302 ], [ -118.195276726642007, 34.144254068871298 ], [ -118.195274252607007, 34.144256050977098 ], [ -118.195272504325004, 34.144257675152801 ], [ -118.195270855866994, 34.144259326308003 ], [ -118.195269339609993, 34.144261088079901 ], [ -118.195267889902993, 34.1442628759321 ], [ -118.195266605670994, 34.144264746521998 ], [ -118.195265420365004, 34.144266671970499 ], [ -118.195264367259, 34.144268625297997 ], [ -118.195263413077996, 34.144270659564498 ], [ -118.195262591996993, 34.144272694730198 ], [ -118.195261935491999, 34.144274783855401 ], [ -118.195261378812006, 34.144276900859502 ], [ -118.195260954331999, 34.144279127580901 ], [ -118.195257893038999, 34.144298367676697 ], [ -118.195097315490997, 34.144259799351502 ], [ -118.195102689839004, 34.144225991137802 ], [ -118.195102884991996, 34.144224562114999 ], [ -118.195103077447001, 34.144222419030598 ], [ -118.195103106225005, 34.144220248067199 ], [ -118.195103069352996, 34.144218819044397 ], [ -118.195102966831001, 34.144217390021701 ], [ -118.195102697932995, 34.1442152469373 ], [ -118.195102295935996, 34.144213104752097 ], [ -118.195101962288007, 34.144211703608399 ], [ -118.195101562090002, 34.144210303363899 ], [ -118.195100830041, 34.144208216037597 ], [ -118.195100298542002, 34.144206870651701 ], [ -118.195099368643, 34.144204838183903 ], [ -118.195098671669001, 34.144203520677102 ], [ -118.195097543019003, 34.144201598825902 ], [ -118.195096713843995, 34.144200336177803 ], [ -118.195095354068997, 34.144198470084497 ], [ -118.195094425969003, 34.1441972892747 ], [ -118.195092901617997, 34.144195533797998 ], [ -118.195091808941996, 34.144194408746102 ], [ -118.195090119116003, 34.144192762986698 ], [ -118.195088297989003, 34.144191226944798 ], [ -118.195087039837006, 34.144190239489099 ], [ -118.195085086510005, 34.144188814063703 ], [ -118.195083729432994, 34.144187909345703 ], [ -118.195082339080997, 34.144187059486399 ], [ -118.195080188801995, 34.1441858534955 ], [ -118.195077971973006, 34.144184758121298 ], [ -118.195076449420995, 34.144184046757502 ], [ -118.195074894493004, 34.144183417232099 ], [ -118.195072546362994, 34.144182541292402 ], [ -118.195070099307998, 34.1441817759694 ], [ -118.195067783553, 34.144181120363598 ], [ -118.194904458576005, 34.144140440430199 ], [ -118.19477572692, 34.144108355317499 ], [ -118.194605584182, 34.143931753648701 ], [ -118.194441033429001, 34.143749506036002 ], [ -118.194283448823995, 34.143563049596203 ], [ -118.194132986849993, 34.143372569589602 ], [ -118.193989795893998, 34.143178253974497 ], [ -118.193854017150997, 34.142980294306298 ], [ -118.193725784619005, 34.142778886637501 ], [ -118.193605224204006, 34.142574228818702 ], [ -118.193492455514999, 34.142366523197701 ], [ -118.193387589167997, 34.142155974819502 ], [ -118.193290729485994, 34.141942791427901 ], [ -118.193201971796, 34.141727183463999 ], [ -118.193135595532993, 34.1415477327429 ], [ -118.193144095026, 34.141539132526098 ], [ -118.193128025039996, 34.141527265072398 ], [ -118.193121403332, 34.1415093631677 ], [ -118.193105960173995, 34.141462411362397 ], [ -118.193206649169994, 34.141364844812898 ], [ -118.193270077454002, 34.141411677008499 ], [ -118.193391772813996, 34.1412885427332 ], [ -118.193513468174004, 34.141165407558702 ], [ -118.193635163533997, 34.141042273283396 ], [ -118.193756660144004, 34.140919330563797 ], [ -118.193698688045998, 34.140887988291198 ], [ -118.193763811552998, 34.1408248747694 ], [ -118.193819996697997, 34.140855258364702 ], [ -118.193917556952002, 34.140756536186402 ], [ -118.194015116307, 34.140657813108803 ], [ -118.194115445573004, 34.140556283247001 ], [ -118.194067598043006, 34.140530447523297 ], [ -118.194176147114007, 34.140425221447998 ], [ -118.194221016089003, 34.140449468069598 ], [ -118.194318278668007, 34.1403510480636 ], [ -118.194331895302994, 34.140337286637603 ], [ -118.194413265061996, 34.140254967194103 ], [ -118.194407772003004, 34.140251843848702 ], [ -118.194440215046001, 34.140219036580397 ], [ -118.194507341342998, 34.140151110786299 ], [ -118.194610373071995, 34.140046855978802 ], [ -118.194615866131002, 34.140049952344597 ], [ -118.194721172246005, 34.139943384480802 ], [ -118.194826510737002, 34.139836817516297 ], [ -118.194928254637006, 34.139733855034599 ], [ -118.194928716888995, 34.139733387387103 ], [ -118.194929211515998, 34.139732891860596 ], [ -118.194929672868, 34.1397324242132 ], [ -118.194930134220002, 34.1397319286867 ], [ -118.194930628847999, 34.139731461039197 ], [ -118.194931354600001, 34.139730718199303 ], [ -118.194931715229004, 34.139729810783301 ], [ -118.194932110929997, 34.139729260398198 ], [ -118.194932473356999, 34.139728737892099 ], [ -118.194932835784002, 34.139728187506996 ], [ -118.194933197311002, 34.139727637121901 ], [ -118.194933526463004, 34.139727086736897 ], [ -118.194933855615005, 34.139726509372103 ], [ -118.194934184767007, 34.139725958987 ], [ -118.194934481543001, 34.139725381622199 ], [ -118.194934777420002, 34.139724804257497 ], [ -118.194935040022003, 34.139724226892703 ], [ -118.194935303524005, 34.139723649527902 ], [ -118.194935566126006, 34.139723044284302 ], [ -118.194935796351999, 34.139722466919501 ], [ -118.194936058953999, 34.1397218895547 ], [ -118.194936255906001, 34.139721284311001 ], [ -118.194936452856993, 34.139720679966601 ], [ -118.194936649808994, 34.139720074722803 ], [ -118.194936846760001, 34.139719470378402 ], [ -118.194937010437002, 34.139718865134597 ], [ -118.194937174112994, 34.139718260790303 ], [ -118.194937305414001, 34.139717655546598 ], [ -118.194937435816001, 34.139717023323101 ], [ -118.194937533841994, 34.139716418978701 ], [ -118.194937664243994, 34.139715786755303 ], [ -118.194937728995001, 34.139715182410903 ], [ -118.194937827020993, 34.139714550187499 ], [ -118.194937891772, 34.1397139449438 ], [ -118.194937923249, 34.139713312720403 ], [ -118.194937988, 34.139712681396297 ], [ -118.194937986200998, 34.139712076152598 ], [ -118.194938017677003, 34.1397114448284 ], [ -118.194938016777996, 34.139710812605102 ], [ -118.194937981704996, 34.139710208260702 ], [ -118.194937980804994, 34.139709576037298 ], [ -118.194937912456993, 34.139708943813901 ], [ -118.194937878283, 34.1397083394695 ], [ -118.194937810832997, 34.139707707246103 ], [ -118.194937743384003, 34.139707075921997 ], [ -118.194937642659994, 34.139706471577497 ], [ -118.194937541936, 34.1397058393542 ], [ -118.194937408835997, 34.1397052350097 ], [ -118.194937274837997, 34.1397046306653 ], [ -118.194937141737995, 34.139704026320899 ], [ -118.194936974463999, 34.139703394996801 ], [ -118.194936808088997, 34.1397027906524 ], [ -118.194936641715003, 34.139702186308 ], [ -118.194936442065, 34.1397015819636 ], [ -118.194936209141005, 34.139701005498203 ], [ -118.194936009491002, 34.139700401153803 ], [ -118.194935776566993, 34.139699796809303 ], [ -118.194935510367998, 34.1396992203439 ], [ -118.194935278342996, 34.1396986159995 ], [ -118.194935012143006, 34.139698039534103 ], [ -118.194934713568003, 34.1396974630686 ], [ -118.194934414993, 34.139696886603197 ], [ -118.194934116417997, 34.139696310137701 ], [ -118.194933784569002, 34.139695760652003 ], [ -118.194933485994, 34.139695212065597 ], [ -118.194933120868996, 34.139694635600101 ], [ -118.194932755744006, 34.139694086114403 ], [ -118.194932391519004, 34.139693564507603 ], [ -118.194932026394, 34.139693015921097 ], [ -118.194931628893997, 34.139692467334697 ], [ -118.194931263769007, 34.139691945727897 ], [ -118.194930832994004, 34.139691424121096 ], [ -118.194930435493006, 34.139690902514303 ], [ -118.194929971443003, 34.1396904087864 ], [ -118.194929540667999, 34.139689887179699 ], [ -118.194929109892996, 34.139689393451903 ], [ -118.194928645841998, 34.139688899724099 ], [ -118.194928149416995, 34.139688432976001 ], [ -118.194927685367006, 34.139687939248098 ], [ -118.194927188041007, 34.1396874725 ], [ -118.194926691616004, 34.139687006651201 ], [ -118.194926161915006, 34.1396865677821 ], [ -118.194925632213995, 34.139686101933201 ], [ -118.194925102514006, 34.139685663064 ], [ -118.194924572812994, 34.139685251174498 ], [ -118.194924009836996, 34.139684812305497 ], [ -118.194923480137007, 34.139684401315201 ], [ -118.194922883885994, 34.139683990324997 ], [ -118.194922321809997, 34.139683578435601 ], [ -118.194921758833999, 34.139683195324402 ], [ -118.194921162583995, 34.139682811313897 ], [ -118.194920567232998, 34.139682427303299 ], [ -118.194919938606006, 34.139682071171798 ], [ -118.194919342356002, 34.139681715040297 ], [ -118.194918713730004, 34.139681358908803 ], [ -118.194918085104007, 34.1396810297569 ], [ -118.194917456477995, 34.139680701504297 ], [ -118.194916794576997, 34.139680372352501 ], [ -118.194916133575006, 34.139680071079603 ], [ -118.194915504948995, 34.139679769806698 ], [ -118.194914843047997, 34.139679469433098 ], [ -118.194914148771005, 34.139679195139898 ], [ -118.194913486870007, 34.139678921745997 ], [ -118.194912792593001, 34.139678648352103 ], [ -118.194912130692003, 34.1396784019378 ], [ -118.194911436416007, 34.139678155523598 ], [ -118.194910741239994, 34.139677936988399 ], [ -118.194910046963003, 34.1396777184531 ], [ -118.194909419235998, 34.139677526897501 ], [ -118.195210471788002, 34.139390327502802 ], [ -118.195217214004998, 34.139390756479401 ], [ -118.195264135233998, 34.139388152942097 ], [ -118.195267273867998, 34.1393878732529 ], [ -118.195268132720003, 34.139387761736998 ], [ -118.195268991573002, 34.139387623241397 ], [ -118.195269850425007, 34.139387483846498 ], [ -118.195270676901998, 34.139387345350897 ], [ -118.195271535754998, 34.1393871789763 ], [ -118.195272361332002, 34.139387012601702 ], [ -118.195273220185001, 34.139386846227097 ], [ -118.195274045763, 34.139386652872901 ], [ -118.195274871340004, 34.1393864316397 ], [ -118.195275696918003, 34.139386210406499 ], [ -118.195276523394995, 34.139385989173299 ], [ -118.195277315697993, 34.1393857409604 ], [ -118.195278141274997, 34.139385491848103 ], [ -118.195278933577995, 34.139385215756299 ], [ -118.195279725880994, 34.139384939664403 ], [ -118.195280518182997, 34.139384636592901 ], [ -118.195281311385997, 34.139384360500998 ], [ -118.195282103688001, 34.139384029550499 ], [ -118.195282862715999, 34.1393836986 ], [ -118.195283621743997, 34.139383367649501 ], [ -118.195284381671001, 34.139383036698902 ], [ -118.195285140698999, 34.139382677869499 ], [ -118.195285899726997, 34.139382292060297 ], [ -118.195286626379001, 34.1393819341301 ], [ -118.195287352131999, 34.139381547421699 ], [ -118.195288077884996, 34.139381134632799 ], [ -118.195288771262, 34.1393807209447 ], [ -118.195289497014997, 34.1393803081558 ], [ -118.195290157117, 34.139379867488103 ], [ -118.195290850494004, 34.1393794259209 ], [ -118.195291542972001, 34.139378985253103 ], [ -118.195292203074999, 34.139378517605699 ], [ -118.195292863177002, 34.139378049058898 ], [ -118.195293490005, 34.139377581411402 ], [ -118.195294115932995, 34.139377084985703 ], [ -118.195294742759998, 34.139376589459197 ], [ -118.195295369587996, 34.139376093932697 ], [ -118.195295963139998, 34.139375571426697 ], [ -118.195296556692995, 34.139375048021201 ], [ -118.195297151144999, 34.139374524615803 ], [ -118.195297711422, 34.139373974230701 ], [ -118.195298271699997, 34.139373423845598 ], [ -118.195298831977993, 34.139372873460601 ], [ -118.195299359879996, 34.139372295196402 ], [ -118.195299886881998, 34.1393717178317 ], [ -118.195300381509995, 34.139371139567601 ], [ -118.195300876136997, 34.139370562202899 ], [ -118.195301369863998, 34.139369956959101 ], [ -118.195301864491995, 34.139369351715402 ], [ -118.195302325843997, 34.139368746471597 ], [ -118.195302753920998, 34.139368141227898 ], [ -118.195303215273, 34.139367508105202 ], [ -118.195303610075996, 34.1393668749825 ], [ -118.195304038152997, 34.139366242759102 ], [ -118.195304432954998, 34.1393656096364 ], [ -118.195304795382, 34.139364977413003 ], [ -118.195305190184001, 34.139364317310601 ], [ -118.195305519336003, 34.1393636572082 ], [ -118.195305881763005, 34.139362997105799 ], [ -118.195306210016, 34.139362337003398 ], [ -118.195306505893001, 34.139361676900997 ], [ -118.195306801770002, 34.139360989818996 ], [ -118.195307097647003, 34.139360302737003 ], [ -118.195307360249004, 34.139359614755598 ], [ -118.195307623749997, 34.139358954653197 ], [ -118.195307853076997, 34.139358240591498 ], [ -118.195308082403997, 34.1393575526101 ], [ -118.195308312630999, 34.1393568655281 ], [ -118.195308509582006, 34.139356150567103 ], [ -118.195308672359005, 34.139355463485003 ], [ -118.195308869311006, 34.139354748523999 ], [ -118.195308999713006, 34.139354034462301 ], [ -118.195309163388998, 34.139353346480902 ], [ -118.195309261415005, 34.139352632419197 ], [ -118.195309391817005, 34.1393519174582 ], [ -118.195309455669005, 34.139351203396501 ], [ -118.195309553694997, 34.1393504605565 ], [ -118.195309617546997, 34.139349746494801 ], [ -118.195309682298003, 34.139349031533698 ], [ -118.195309713773995, 34.139348317472098 ], [ -118.195309711975995, 34.139347602511002 ], [ -118.195309711076007, 34.139347053025297 ], [ -118.195309701184001, 34.139328779700598 ], [ -118.195441890732994, 34.139314717001703 ], [ -118.195441900624999, 34.139319140766901 ], [ -118.195441902423994, 34.139319855727898 ], [ -118.195441937498003, 34.139320569789597 ], [ -118.195441971671997, 34.139321311730299 ], [ -118.195442006744997, 34.139322026691403 ], [ -118.195442074194005, 34.139322740753002 ], [ -118.195442174918995, 34.1393234548148 ], [ -118.195442276541996, 34.139324168876499 ], [ -118.195442377266005, 34.139324883837503 ], [ -118.195442510365993, 34.139325597899102 ], [ -118.195442644365002, 34.139326284081903 ], [ -118.195442811638998, 34.1393269990429 ], [ -118.195442978013006, 34.139327713104599 ], [ -118.195443178562002, 34.139328399287301 ], [ -118.195443378210996, 34.139329113349099 ], [ -118.195443577860999, 34.139329800431099 ], [ -118.195443810784994, 34.139330514492798 ], [ -118.195444076984998, 34.1393312006755 ], [ -118.195444343183993, 34.139331887757599 ], [ -118.195444609383003, 34.139332546061297 ], [ -118.195444907958006, 34.139333233143297 ], [ -118.195445207432002, 34.139333919326099 ], [ -118.195445506007005, 34.139334578529102 ], [ -118.195445837856994, 34.139335237732197 ], [ -118.195446202981998, 34.139335896035902 ], [ -118.195446534832001, 34.139336555238998 ], [ -118.195446933230997, 34.139337214442101 ], [ -118.195447298356001, 34.1393378457661 ], [ -118.195447695856998, 34.139338477090199 ], [ -118.195448127530994, 34.139339108414298 ], [ -118.195448558305998, 34.139339739738404 ], [ -118.195448989981003, 34.139340371062502 ], [ -118.195449454031007, 34.139340974507498 ], [ -118.195449918080996, 34.139341577952699 ], [ -118.195450382131995, 34.139342182297099 ], [ -118.195450878556997, 34.139342785742102 ], [ -118.195451375882001, 34.139343362207498 ], [ -118.195451873207006, 34.139343938673001 ], [ -118.195452436183004, 34.139344514239099 ], [ -118.195452965884002, 34.139345062825498 ], [ -118.195453496484006, 34.139345612311303 ], [ -118.195454059458996, 34.1393461878774 ], [ -118.195454655709995, 34.139346709484201 ], [ -118.195455218686007, 34.139347230191703 ], [ -118.195455814935997, 34.139347751798397 ], [ -118.195456443561994, 34.139348272505899 ], [ -118.195457039812993, 34.139348794112699 ], [ -118.195457668439005, 34.139349286941197 ], [ -118.195458331238996, 34.139349753689402 ], [ -118.195458959864993, 34.139350247417099 ], [ -118.195459621766005, 34.139350713265998 ], [ -118.195460283667003, 34.1393511512358 ], [ -118.195460978843002, 34.139351617983898 ], [ -118.195461674019, 34.1393520559538 ], [ -118.195462335919999, 34.139352466943997 ], [ -118.195463064370998, 34.139352905813197 ], [ -118.195463758648003, 34.139353289823703 ], [ -118.195464487099002, 34.1393537008138 ], [ -118.19546521465, 34.139354083924999 ], [ -118.195465943100999, 34.139354467036199 ], [ -118.195466703926996, 34.1393548231677 ], [ -118.195467464754003, 34.139355179299201 ], [ -118.195468225580001, 34.139355507551798 ], [ -118.195468986406993, 34.1393558367037 ], [ -118.195469747233005, 34.139356164956197 ], [ -118.195470541334998, 34.139356466229103 ], [ -118.195471334537004, 34.139356766602702 ], [ -118.195472128638002, 34.139357067875601 ], [ -118.195472922739, 34.139357341269402 ], [ -118.195473715941006, 34.139357587683698 ], [ -118.195474543317999, 34.139357861077499 ], [ -118.195475336520005, 34.139358106592503 ], [ -118.195476162996997, 34.139358325127802 ], [ -118.195476990372995, 34.139358543663 ], [ -118.195477816850001, 34.1393587352186 ], [ -118.195478676601994, 34.139358925875001 ], [ -118.195479503079, 34.139359116531203 ], [ -118.195480329556005, 34.139359280207799 ], [ -118.195481189307998, 34.139359443884402 ], [ -118.195482049058995, 34.139359579682001 ], [ -118.195482875536001, 34.139359716378998 ], [ -118.195483734389001, 34.1393598242976 ], [ -118.195484594141007, 34.1393599331156 ], [ -118.195485453892999, 34.139360014054603 ], [ -118.195486312745004, 34.139360122872603 ], [ -118.195487172496996, 34.139360175932502 ], [ -118.195488032249003, 34.139360229891899 ], [ -118.195488891102002, 34.139360282951898 ], [ -118.195489750853, 34.139360309032199 ], [ -118.195490642980999, 34.139360335112499 ], [ -118.195491501833004, 34.139360334213201 ], [ -118.195492361584996, 34.139360332414597 ], [ -118.195493220437996, 34.139360303636302 ], [ -118.19549407929, 34.139360274857999 ], [ -118.195494939042007, 34.1393602182007 ], [ -118.195495797895006, 34.139360162442699 ], [ -118.195496690021997, 34.1393601057854 ], [ -118.195497548874997, 34.139360022148402 ], [ -118.195498407727001, 34.139359938511497 ], [ -118.195607301237999, 34.139346764342903 ], [ -118.195772557059996, 34.139326794896903 ], [ -118.195937812881994, 34.139306797571798 ], [ -118.196103068704005, 34.139286827226499 ], [ -118.196268292149995, 34.1392668568811 ], [ -118.196391060400998, 34.139252010872802 ], [ -118.196391919253998, 34.139251900256198 ], [ -118.196392778106002, 34.1392517608612 ], [ -118.196393637857994, 34.139251649345297 ], [ -118.196394496710994, 34.139251483869998 ], [ -118.196395322287998, 34.139251344475099 ], [ -118.196396147865997, 34.139251178999899 ], [ -118.196397006718996, 34.139250984746397 ], [ -118.196397832296, 34.139250791392101 ], [ -118.196398657873999, 34.1392505701589 ], [ -118.196399483451998, 34.1392503489256 ], [ -118.196400309927995, 34.139250127692399 ], [ -118.196401135505994, 34.139249878580301 ], [ -118.196401927809006, 34.139249630367303 ], [ -118.196402720112005, 34.1392493542754 ], [ -118.196403512413994, 34.139249078183603 ], [ -118.196404304717007, 34.1392488020917 ], [ -118.196405097918998, 34.139248499020198 ], [ -118.196405890221996, 34.1392481671704 ], [ -118.196406649249994, 34.139247864098799 ], [ -118.196407408276997, 34.1392475331483 ], [ -118.196408168204997, 34.139247174318797 ], [ -118.196408927232, 34.139246816388599 ], [ -118.196409686259997, 34.139246457559103 ], [ -118.196410412012995, 34.139246071750001 ], [ -118.196411138664999, 34.1392456859408 ], [ -118.196411864417996, 34.139245272252701 ], [ -118.196412557795, 34.139244859463901 ], [ -118.196413283547997, 34.139244445775702 ], [ -118.196413976925996, 34.139244032986902 ], [ -118.196414637027999, 34.139243591419799 ], [ -118.196415329505996, 34.139243123772403 ], [ -118.196415989607999, 34.139242655225502 ], [ -118.196416649710997, 34.139242214557697 ], [ -118.196417275639007, 34.139241719031297 ], [ -118.196417902465996, 34.139241223504797 ], [ -118.196418562568994, 34.139240727978397 ], [ -118.196419156120996, 34.139240232451897 ], [ -118.196419749674007, 34.1392397090465 ], [ -118.196420343225995, 34.139239185641102 ], [ -118.196420936779006, 34.139238663134897 ], [ -118.196421497955996, 34.139238112749801 ], [ -118.196422058232997, 34.139237562364798 ], [ -118.196422618510994, 34.139237011080397 ], [ -118.196423146412997, 34.139236433715602 ], [ -118.196423673416007, 34.1392358833305 ], [ -118.196424200419003, 34.139235278086801 ], [ -118.196424695046005, 34.139234699822701 ], [ -118.196425156398007, 34.139234122457999 ], [ -118.196425651024995, 34.139233516314903 ], [ -118.196426112376997, 34.139232884091498 ], [ -118.196426540454993, 34.1392322788478 ], [ -118.196427000906993, 34.139231645724998 ], [ -118.196427396608996, 34.139231040481299 ], [ -118.196427824685998, 34.139230408257902 ], [ -118.196428219488993, 34.1392297481555 ], [ -118.196428581915995, 34.139229115032798 ], [ -118.196428976717996, 34.139228454930397 ], [ -118.196429305869998, 34.139227794828003 ], [ -118.196429667396998, 34.139227134725601 ], [ -118.196429996549, 34.139226475522598 ], [ -118.196430292426001, 34.139225815420197 ], [ -118.196430621578003, 34.139225127438799 ], [ -118.196430884180003, 34.139224440356799 ], [ -118.196431146782004, 34.139223780254397 ], [ -118.196431409384004, 34.139223093172397 ], [ -118.196431671986005, 34.139222405190999 ], [ -118.196431868938006, 34.1392216911293 ], [ -118.196432098265007, 34.139221003147902 ], [ -118.196432295215999, 34.139220316065902 ], [ -118.196432492168, 34.139219601104898 ], [ -118.196432655845001, 34.1392188870431 ], [ -118.196432786246007, 34.139218172082202 ], [ -118.196432949922993, 34.139217485000103 ], [ -118.196433047049993, 34.139216770039098 ], [ -118.196433177450999, 34.139216055078101 ], [ -118.196433275477006, 34.139215341016403 ], [ -118.196433339329005, 34.139214626055299 ], [ -118.196433404079997, 34.1392139119936 ], [ -118.196433467931996, 34.139213170052898 ], [ -118.196433499408997, 34.139212455091901 ], [ -118.196433497610002, 34.139211741030202 ], [ -118.196433496710995, 34.139211191544398 ], [ -118.196433490415004, 34.139208690529799 ], [ -118.196567463319994, 34.139194046868901 ], [ -118.196567662969002, 34.139194623334397 ], [ -118.196567895894006, 34.139195337396004 ], [ -118.196568161193994, 34.139195996599099 ], [ -118.196568427393004, 34.139196682781801 ], [ -118.196568726867, 34.139197369863901 ], [ -118.196569025442002, 34.139198056046702 ], [ -118.196569357292006, 34.139198715249698 ], [ -118.196569690041002, 34.139199373553403 ], [ -118.196570021891006, 34.139200032756499 ], [ -118.196570387015996, 34.139200691959502 ], [ -118.196570752141, 34.139201350263299 ], [ -118.196571149641002, 34.139201981587298 ], [ -118.196571548041007, 34.139202612911397 ], [ -118.196571946440002, 34.139203244235503 ], [ -118.196572377216, 34.139203875559602 ], [ -118.196572807991004, 34.139204506883701 ], [ -118.196573272040993, 34.139205111228101 ], [ -118.196573736090997, 34.139205714673203 ], [ -118.196574200141001, 34.139206319017603 ], [ -118.196574697466005, 34.139206922462698 ], [ -118.196575194792004, 34.139207498928101 ], [ -118.196575724492007, 34.139208074494199 ], [ -118.196576255091998, 34.139208650959603 ], [ -118.196576784792995, 34.139209199546102 ], [ -118.196577347768994, 34.139209776011498 ], [ -118.196577910743997, 34.139210296719 ], [ -118.196578474619002, 34.139210845305399 ], [ -118.196579069969999, 34.139211393891898 ], [ -118.196579666220998, 34.139211915498599 ], [ -118.196580262471002, 34.139212409226502 ], [ -118.196580891997002, 34.139212929933898 ], [ -118.196581520622999, 34.139213423661701 ], [ -118.196582149248997, 34.1392138895106 ], [ -118.196582812049002, 34.139214383238397 ], [ -118.196583440674999, 34.139214849087203 ], [ -118.196584135850998, 34.139215287956297 ], [ -118.196584797751996, 34.139215753805097 ], [ -118.196585492927994, 34.139216192674297 ], [ -118.196586188104007, 34.139216603664501 ], [ -118.196586882380998, 34.139217014654697 ], [ -118.196587610831997, 34.139217425644802 ], [ -118.196588306007996, 34.139217836635098 ], [ -118.196589066833994, 34.139218220645503 ], [ -118.196589794386, 34.139218603756802 ], [ -118.196590522836999, 34.139218959888296 ], [ -118.196591283662997, 34.139219316019798 ], [ -118.196592044488995, 34.139219644272302 ], [ -118.196592805316001, 34.139220000403903 ], [ -118.196593599417, 34.139220301676701 ], [ -118.196594360244006, 34.139220629929298 ], [ -118.196595153445998, 34.139220903323199 ], [ -118.196595947546996, 34.139221204596097 ], [ -118.196596741647994, 34.139221477989999 ], [ -118.196597568125, 34.1392217513839 ], [ -118.196598362226993, 34.139221996898797 ], [ -118.196599188703999, 34.139222243313 ], [ -118.196600015181005, 34.139222461848298 ], [ -118.196600841657997, 34.139222680383497 ], [ -118.196601669033996, 34.139222871039799 ], [ -118.196602495511002, 34.1392230616961 ], [ -118.196603321987993, 34.1392232532517 ], [ -118.19660418174, 34.139223416928303 ], [ -118.196605008217006, 34.1392235797057 ], [ -118.196605867968998, 34.139223716402597 ], [ -118.196606726821003, 34.139223852200097 ], [ -118.196607553297994, 34.139223961018203 ], [ -118.196608413050001, 34.139224068936798 ], [ -118.196609272801993, 34.139224149875801 ], [ -118.196610131653998, 34.139224231714103 ], [ -118.196610991406004, 34.139224312653099 ], [ -118.196611883534004, 34.139224365713098 ], [ -118.196612743285996, 34.139224419672402 ], [ -118.196613602138001, 34.139224445752802 ], [ -118.196614461889993, 34.139224471833103 ], [ -118.196615320743007, 34.139224470034399 ], [ -118.196616180494004, 34.139224469135101 ], [ -118.196617039347004, 34.1392244394575 ], [ -118.196617931473995, 34.139224410679198 ], [ -118.196618790326994, 34.139224354921197 ], [ -118.196619650079001, 34.139224298263898 ], [ -118.196620508931005, 34.139224241606598 ], [ -118.196621367784005, 34.1392241579697 ], [ -118.196622226637004, 34.139224074332702 ], [ -118.196763992167007, 34.139206917066701 ], [ -118.196962253107998, 34.139182961825398 ], [ -118.197124600522002, 34.1391633251285 ], [ -118.197286882285994, 34.139143715411301 ], [ -118.197416489880993, 34.139128033033501 ], [ -118.197443286980004, 34.1390981746422 ], [ -118.197614459441994, 34.139079181859898 ], [ -118.197614452246995, 34.139104105671102 ], [ -118.197774917380997, 34.139084690207497 ], [ -118.197935348339996, 34.139065302622797 ], [ -118.198095812573996, 34.139045887159199 ], [ -118.198095838653998, 34.139028767664698 ], [ -118.198194999701997, 34.139023246726602 ], [ -118.198194973621, 34.139040009190197 ], [ -118.198215523130003, 34.139037501880402 ], [ -118.198400157543006, 34.139093008936399 ], [ -118.198416192454999, 34.139095812123202 ], [ -118.198439698935005, 34.1391001981168 ], [ -118.198444889821999, 34.1391011783778 ], [ -118.198473489161998, 34.139106957421298 ], [ -118.198501958101005, 34.139113148354298 ], [ -118.198530261564002, 34.139119724197002 ], [ -118.198558434625994, 34.139126739808297 ], [ -118.198586476387007, 34.1391341682085 ], [ -118.198614353571998, 34.139141981518399 ], [ -118.198642033805001, 34.139150234596798 ], [ -118.198669582736997, 34.139158844706103 ], [ -118.198682613914002, 34.139163055331899 ], [ -118.198684265069005, 34.139162695602998 ], [ -118.198685916223994, 34.139162307995299 ], [ -118.198687568278999, 34.139161892508497 ], [ -118.198689186159001, 34.139161477921 ], [ -118.198690837314004, 34.139161008475 ], [ -118.198692456093994, 34.139160538129502 ], [ -118.198694040700005, 34.139160040804398 ], [ -118.198695658579993, 34.139159516499603 ], [ -118.198697244084997, 34.139158964315897 ], [ -118.198698795414998, 34.1391583842532 ], [ -118.198700380920002, 34.139157777210798 ], [ -118.198701898975997, 34.139157170168403 ], [ -118.198703451205006, 34.139156536146402 ], [ -118.198704969261001, 34.139155874245297 ], [ -118.198706488216004, 34.139155184465402 ], [ -118.198707973896006, 34.1391544946854 ], [ -118.198709458677001, 34.139153750946001 ], [ -118.198710911082003, 34.139153006307403 ], [ -118.198712363487004, 34.139152234689 ], [ -118.198713782617006, 34.139151463070696 ], [ -118.198715201747007, 34.139150635694499 ], [ -118.198716587603002, 34.1391498092175 ], [ -118.198717973458002, 34.139148955760902 ], [ -118.198719326938004, 34.139148101404899 ], [ -118.198720679518004, 34.1391471921903 ], [ -118.198721998823004, 34.139146282975702 ], [ -118.198723319028005, 34.139145374660501 ], [ -118.198724572683005, 34.1391444105872 ], [ -118.198725858713999, 34.139143446513998 ], [ -118.198727079093999, 34.139142455461098 ], [ -118.198728299473999, 34.139141464408198 ], [ -118.198729519853998, 34.139140445476301 ], [ -118.198730706958997, 34.139139399564797 ], [ -118.198731861688003, 34.139138353653301 ], [ -118.198732982243001, 34.139137279862702 ], [ -118.198734103698001, 34.139136206072202 ], [ -118.198735191878001, 34.139135105302003 ], [ -118.198736245882998, 34.1391339766529 ], [ -118.198737300787997, 34.139132848903103 ], [ -118.198738322417995, 34.139131692374903 ], [ -118.198739311672, 34.139130536746002 ], [ -118.198740266751997, 34.139129354137602 ], [ -118.198741222731002, 34.139128170629697 ], [ -118.198742145436, 34.1391269601422 ], [ -118.198743034865004, 34.139125749654802 ], [ -118.198743923395, 34.139124511288301 ], [ -118.198744747174004, 34.139123273821198 ], [ -118.198745570054001, 34.139122008475098 ], [ -118.198746360558005, 34.139120743128899 ], [ -118.198747117786993, 34.139119477782899 ], [ -118.198747874117004, 34.139118184557802 ], [ -118.198748565695993, 34.139116865252298 ], [ -118.198749256374995, 34.139115572027201 ], [ -118.198749913780006, 34.139114251822399 ], [ -118.198750538808, 34.139112932517001 ], [ -118.198751130562002, 34.139111584433202 ], [ -118.198751689041003, 34.139110237248801 ], [ -118.198752247520005, 34.139108890064399 ], [ -118.198752772724006, 34.139107515001001 ], [ -118.198753232277994, 34.139106140836901 ], [ -118.198753691831996, 34.139104765773503 ], [ -118.198754118110003, 34.139103390710098 ], [ -118.198754511114004, 34.139102016545998 ], [ -118.198754905016997, 34.139100614502901 ], [ -118.198755231470997, 34.139099212459897 ], [ -118.198755558824004, 34.1390978104168 ], [ -118.198755819626996, 34.139096408373803 ], [ -118.198756081330004, 34.139094979351 ], [ -118.198756308859004, 34.139093577308003 ], [ -118.198756504011996, 34.139092148285201 ], [ -118.198756632615002, 34.139090719262398 ], [ -118.198756794492994, 34.139089317219401 ], [ -118.198756890720006, 34.139087888196698 ], [ -118.198756952772996, 34.139086459173903 ], [ -118.198756982451002, 34.139085031050499 ], [ -118.198757012128993, 34.139083602027803 ], [ -118.198757008531004, 34.1390821730051 ], [ -118.198756939283001, 34.139080743982298 ], [ -118.198756870035993, 34.139079314959602 ], [ -118.198756767513004, 34.139077886836198 ], [ -118.198756631715, 34.139076485692399 ], [ -118.198756463541997, 34.139075056669697 ], [ -118.198756261195001, 34.139073628546299 ], [ -118.198756027371005, 34.139072227402501 ], [ -118.198755792648001, 34.139070826258802 ], [ -118.198731884170996, 34.138939572004801 ], [ -118.198724617649006, 34.138899547677198 ], [ -118.198713359935994, 34.138834633712499 ], [ -118.198703122953006, 34.138768234067904 ], [ -118.198700941197998, 34.138754031074903 ], [ -118.198690206890006, 34.138673234183599 ], [ -118.198685411704005, 34.138630237596601 ], [ -118.198681191185997, 34.1385922960987 ], [ -118.198673859913001, 34.138511246497998 ], [ -118.198672559493005, 34.138492508223898 ], [ -118.198668213969, 34.138430083582698 ], [ -118.198664598693995, 34.1383549901918 ], [ -118.198664286630006, 34.138348862211402 ], [ -118.198662077894994, 34.138267611162497 ], [ -118.198661760434007, 34.138217491045602 ], [ -118.198661554488993, 34.138186330436 ], [ -118.198662748789005, 34.138105046112102 ], [ -118.198663648110994, 34.138079983805397 ], [ -118.198665662592006, 34.138023786969399 ], [ -118.198670260826006, 34.137942606966902 ], [ -118.198596330258994, 34.1379403928361 ], [ -118.198592266221993, 34.137912783649199 ], [ -118.198672211456, 34.137915180342503 ], [ -118.198675710718007, 34.137871647759503 ], [ -118.198683481759005, 34.137790627836402 ], [ -118.198683805515003, 34.1377878246495 ], [ -118.198684810057998, 34.137779194755197 ], [ -118.198686105980997, 34.137768475735697 ], [ -118.198688803048, 34.1377491538016 ], [ -118.198691896715999, 34.137729885826801 ], [ -118.198695420259995, 34.1377106448316 ], [ -118.198699340404005, 34.137691485674701 ], [ -118.198703657150006, 34.137672381376497 ], [ -118.198708370497002, 34.137653330138299 ], [ -118.198711187173998, 34.1376428287547 ], [ -118.198713480444994, 34.137634361637602 ], [ -118.198718986993995, 34.137615447096401 ], [ -118.198724924318, 34.137596642272399 ], [ -118.198731224968, 34.1375779183874 ], [ -118.198737922218996, 34.137559277240001 ], [ -118.198745016071996, 34.137540744910602 ], [ -118.198752473249996, 34.137522321399203 ], [ -118.198759014019004, 34.137507087783 ], [ -118.198760327928994, 34.137504008504401 ], [ -118.198768579209002, 34.1374858035282 ], [ -118.198777194713998, 34.137467736148203 ], [ -118.198786206820003, 34.137449777586298 ], [ -118.198795583152005, 34.137431955721297 ], [ -118.198805355185002, 34.137414298432297 ], [ -118.198815459068001, 34.137396749961198 ], [ -118.198825959551996, 34.137379366066 ], [ -118.198836790987002, 34.137362146746803 ], [ -118.198848019023004, 34.137345092003599 ], [ -118.198859578009007, 34.137328173057902 ], [ -118.198866264469004, 34.137318764350702 ], [ -118.198871501221006, 34.137311446567203 ], [ -118.198883755382994, 34.1372948837531 ], [ -118.198896372871005, 34.137278513393902 ], [ -118.19890932221, 34.137262334590297 ], [ -118.198922634873995, 34.1372463203626 ], [ -118.198936245214, 34.137230524670102 ], [ -118.198950219778993, 34.137214921432601 ], [ -118.198964492019996, 34.137199509750701 ], [ -118.198979096111003, 34.137184317503397 ], [ -118.198994030251995, 34.137169344690697 ], [ -118.199019217564995, 34.137144077338398 ], [ -118.199023338258996, 34.137139811853999 ], [ -118.199043908451998, 34.137118454754003 ], [ -118.199068069638002, 34.137092474239402 ], [ -118.199078949636004, 34.137080331593197 ], [ -118.199080253652994, 34.137023263314099 ], [ -118.198755019231001, 34.137018125487302 ], [ -118.198748839988994, 34.137288495868503 ], [ -118.198423604667994, 34.137283358940998 ], [ -118.198429784808994, 34.137012988559697 ], [ -118.194526972643999, 34.136951262691802 ], [ -118.194539362604004, 34.136410522828498 ], [ -118.194214130879999, 34.136405372411197 ], [ -118.194220324509999, 34.136135002929201 ], [ -118.193767379163006, 34.136127828137901 ], [ -118.193854646676996, 34.135990801135698 ], [ -118.193990449702, 34.135792858554801 ], [ -118.194133661341994, 34.1355985600267 ], [ -118.194284142200999, 34.135408097107202 ], [ -118.194441742094995, 34.135221659553103 ], [ -118.194606306338002, 34.135039429926898 ], [ -118.194777672154004, 34.134861588093003 ], [ -118.194955671369001, 34.134688309419097 ], [ -118.195140126818004, 34.134519765675797 ], [ -118.195330856835994, 34.134356122338303 ], [ -118.195527673466003, 34.1341975412846 ], [ -118.195730382452993, 34.134044178996902 ], [ -118.195938784150002, 34.133896186560897 ], [ -118.196152672609998, 34.133753709667097 ], [ -118.196188915288005, 34.133731084523099 ], [ -118.196188971946, 34.133731944274999 ], [ -118.196227407170994, 34.133732551317401 ], [ -118.196227998924996, 34.133706685016698 ], [ -118.196371836493, 34.133616890408298 ], [ -118.196596059062998, 34.133485861884203 ], [ -118.196627997586006, 34.133468417734498 ], [ -118.196884032773994, 34.133472467381601 ], [ -118.196887314400001, 34.133329065984803 ], [ -118.197058794430006, 34.133241692351397 ], [ -118.197134150422997, 34.133205953293299 ], [ -118.197215439242996, 34.133207238424497 ], [ -118.197209252806999, 34.133477609705103 ], [ -118.198184912906001, 34.133493030380201 ], [ -118.198191095745003, 34.133222660898198 ], [ -118.199260717909993, 34.133239556461497 ], [ -118.199259531704001, 34.133027091628101 ], [ -118.199259496631001, 34.133026129353603 ], [ -118.199259460657998, 34.133025167978303 ], [ -118.199259425584003, 34.133024206602997 ], [ -118.199259357236002, 34.133023244328399 ], [ -118.199259255612006, 34.133022310832203 ], [ -118.199259121612997, 34.133021348557598 ], [ -118.199258986714995, 34.133020387182199 ], [ -118.199258852716, 34.133019425806999 ], [ -118.199258652167003, 34.133018492310804 ], [ -118.199258483994001, 34.133017557915103 ], [ -118.199258251070006, 34.133016596539903 ], [ -118.199258017245995, 34.133015663043601 ], [ -118.199257751046005, 34.133014728648 ], [ -118.199257483948003, 34.133013795151697 ], [ -118.199257184474007, 34.133012860755997 ], [ -118.199256884999002, 34.133011955138798 ], [ -118.199256552250006, 34.133011020743197 ], [ -118.199256186225995, 34.133010115125899 ], [ -118.199255821101005, 34.133009208609302 ], [ -118.199255421801993, 34.133008302992003 ], [ -118.199255023402998, 34.133007424354297 ], [ -118.199254591728007, 34.1330065178377 ], [ -118.199254160053997, 34.1330056392 ], [ -118.199253695104005, 34.1330047605624 ], [ -118.199253197779001, 34.1330038819248 ], [ -118.199252699555004, 34.133003031166098 ], [ -118.199252168954999, 34.133002152528498 ], [ -118.199251638354994, 34.133001329648799 ], [ -118.199251074480003, 34.133000477990798 ], [ -118.199250510604998, 34.132999627232202 ], [ -118.199249914353999, 34.132998831332202 ], [ -118.199249317204007, 34.132998008452503 ], [ -118.199248687679003, 34.132997184673499 ], [ -118.199248058153998, 34.132996388773499 ], [ -118.199247395352998, 34.132995620752503 ], [ -118.199246732552993, 34.132994824852503 ], [ -118.199246036477007, 34.1329940568314 ], [ -118.199245341302003, 34.132993315790102 ], [ -118.199244611951002, 34.132992547769 ], [ -118.199243883500998, 34.132991834606699 ], [ -118.199243121774998, 34.132991093565302 ], [ -118.199242360048999, 34.132990380402902 ], [ -118.199241565047998, 34.132989667240501 ], [ -118.199240770047993, 34.132988981957197 ], [ -118.199239942670999, 34.132988295774403 ], [ -118.199239115295001, 34.132987638369997 ], [ -118.199238287019, 34.132986980066299 ], [ -118.199237426368001, 34.132986321762502 ], [ -118.199236565717001, 34.132985691337701 ], [ -118.199235671791001, 34.132985087892699 ], [ -118.199234778763994, 34.132984485346903 ], [ -118.199233884837994, 34.132983881901801 ], [ -118.199232958536001, 34.132983306335703 ], [ -118.199232031335001, 34.132982730769598 ], [ -118.199231105034002, 34.132982183082397 ], [ -118.199230145456994, 34.132981635395403 ], [ -118.19922918588, 34.132981114687901 ], [ -118.199228193029001, 34.132980593980399 ], [ -118.199227201076994, 34.132980101151901 ], [ -118.199226208224999, 34.132979608323403 ], [ -118.199225216273007, 34.132979142474703 ], [ -118.199224190145998, 34.132978704504801 ], [ -118.199223164919005, 34.132978266534899 ], [ -118.199222139691997, 34.132977828565103 ], [ -118.199221081190004, 34.132977418474297 ], [ -118.199220055962996, 34.132977035362998 ], [ -118.199218964186002, 34.132976652251898 ], [ -118.199217906583002, 34.132976297019702 ], [ -118.199216848080994, 34.132975940888201 ], [ -118.199215756304, 34.132975613534903 ], [ -118.199214665426993, 34.132975285282399 ], [ -118.199213574549006, 34.132974984908799 ], [ -118.199212482771998, 34.132974711514898 ], [ -118.199211358618996, 34.132974439020401 ], [ -118.199210234467003, 34.132974193505298 ], [ -118.199209110314001, 34.1329739479905 ], [ -118.199208019436995, 34.1329737303545 ], [ -118.199206862908994, 34.132973539698298 ], [ -118.199205738756007, 34.132973349041997 ], [ -118.199204614603005, 34.132973186264699 ], [ -118.199203458075004, 34.132973023487402 ], [ -118.199202333922997, 34.132972887689803 ], [ -118.199201177394997, 34.132972779771102 ], [ -118.199200053241995, 34.1329726718525 ], [ -118.199198896713995, 34.132972563933897 ], [ -118.199197740185994, 34.132972510873799 ], [ -118.199196582758006, 34.132972457813899 ], [ -118.199094201239006, 34.132968861424999 ], [ -118.198929128878007, 34.132963060797799 ], [ -118.198764056518002, 34.132957259271301 ], [ -118.198536292417998, 34.132949279586803 ], [ -118.198271648019997, 34.132939986892097 ], [ -118.198270490593004, 34.132939933831999 ], [ -118.198269334065003, 34.132939935630702 ], [ -118.198268177535994, 34.132939937429299 ], [ -118.198267021007993, 34.132939939228002 ], [ -118.198265897754993, 34.132939995885302 ], [ -118.198264741227007, 34.132940025562903 ], [ -118.198263584699006, 34.132940110099199 ], [ -118.198262428171006, 34.132940194635403 ], [ -118.198261272541998, 34.1329402782725 ], [ -118.198260149288998, 34.132940417667299 ], [ -118.198258992760003, 34.1329405300826 ], [ -118.198257869507003, 34.132940696457197 ], [ -118.198256713877996, 34.132940862831703 ], [ -118.198255590624996, 34.132941057085297 ], [ -118.198254467371996, 34.132941251338799 ], [ -118.198253344118996, 34.132941473471398 ], [ -118.198252220865001, 34.132941694704598 ], [ -118.198251098510994, 34.132941943816803 ], [ -118.198250008532995, 34.132942220807998 ], [ -118.198248885279995, 34.132942496899901 ], [ -118.198247796201002, 34.132942773891102 ], [ -118.198246706223003, 34.1329431057409 ], [ -118.198245616243995, 34.132943436691399 ], [ -118.198244559540996, 34.132943768541303 ], [ -118.198243470462003, 34.132944127370799 ], [ -118.198242413759004, 34.132944514079298 ], [ -118.198241357054997, 34.1329448998884 ], [ -118.198240333626998, 34.132945314475798 ], [ -118.198239276923005, 34.132945728164003 ], [ -118.198238254393999, 34.132946169731099 ], [ -118.198237230966001, 34.132946610399003 ], [ -118.198236240811994, 34.132947079845003 ], [ -118.198235250658001, 34.132947575371503 ], [ -118.198234260505004, 34.132948071797202 ], [ -118.198233269452004, 34.132948568223 ], [ -118.198232312572998, 34.132949091628397 ], [ -118.198231355695, 34.132949642912799 ], [ -118.198230398815994, 34.132950194197299 ], [ -118.198229475212003, 34.1329507454817 ], [ -118.198228550709004, 34.1329513237458 ], [ -118.198227660379999, 34.132951929888897 ], [ -118.198226736777002, 34.132952536031901 ], [ -118.198225878822996, 34.132953142174998 ], [ -118.198224987594998, 34.132953775297601 ], [ -118.198224130541007, 34.132954408420403 ], [ -118.198223305862996, 34.132955069422103 ], [ -118.198222481184999, 34.132955730423802 ], [ -118.198221656506007, 34.132956418405101 ], [ -118.198220865102996, 34.132957107285797 ], [ -118.1982200737, 34.132957822246901 ], [ -118.198219315570995, 34.132958538107196 ], [ -118.198218557442999, 34.132959253967599 ], [ -118.198217799313994, 34.1329599968075 ], [ -118.198217073560997, 34.132960740546899 ], [ -118.198216381983002, 34.1329614833869 ], [ -118.198215689505005, 34.132962254105898 ], [ -118.198214997026994, 34.132963024824903 ], [ -118.198214338723005, 34.1329638225236 ], [ -118.198213712794995, 34.132964620222303 ], [ -118.198213086867, 34.1329654179209 ], [ -118.198212460937995, 34.132966243498501 ], [ -118.198211867385993, 34.132967069076201 ], [ -118.198211308007998, 34.132967894653802 ], [ -118.198210747730002, 34.132968719332098 ], [ -118.198210188351993, 34.132969571889397 ], [ -118.198209661348997, 34.132970425346102 ], [ -118.198209167621002, 34.132971304883 ], [ -118.198208674792994, 34.1329721574403 ], [ -118.198208213439997, 34.132973037876603 ], [ -118.198207752987003, 34.1329739183128 ], [ -118.198207325810003, 34.132974797849798 ], [ -118.198206931006993, 34.1329757052658 ], [ -118.198206537103999, 34.132976612681702 ], [ -118.198206142301999, 34.132977520097597 ], [ -118.198205814049004, 34.132978427513599 ], [ -118.198205453420996, 34.132979334929502 ], [ -118.198205157543995, 34.1329802702245 ], [ -118.198204862566001, 34.132981204620101 ], [ -118.198204567589002, 34.132982139015702 ], [ -118.198204338262002, 34.132983074310602 ], [ -118.198204076558994, 34.132984008706202 ], [ -118.198203847231994, 34.132984943101803 ], [ -118.198203651179995, 34.132985877497397 ], [ -118.198203488402001, 34.132986839772002 ], [ -118.198203324725995, 34.132987774167603 ], [ -118.198203195223002, 34.132988736442201 ], [ -118.198203065721003, 34.132989698716798 ], [ -118.198202968594003, 34.132990660092098 ], [ -118.198202904742004, 34.132991594487699 ], [ -118.198087144908001, 34.1329762043895 ], [ -118.198087205161997, 34.1329040445872 ], [ -118.197925841605993, 34.132873505409101 ], [ -118.197925808330993, 34.132887574403199 ], [ -118.197893103585997, 34.132881387966798 ], [ -118.198034932968, 34.132828140907201 ], [ -118.198288124499001, 34.132740939044297 ], [ -118.198544485241996, 34.132660392164603 ], [ -118.198803761586007, 34.132586581206901 ], [ -118.199065697226004, 34.132519578117197 ], [ -118.199330034056004, 34.1324594494452 ], [ -118.199596511272006, 34.132406253646799 ], [ -118.199864866273003, 34.132360044681498 ], [ -118.200134834657007, 34.132320867515197 ], [ -118.200406148427007, 34.132288759919497 ], [ -118.200678541383994, 34.132263755169298 ], [ -118.200951744628995, 34.132245876646998 ], [ -118.201225488367996, 34.132235142339098 ], [ -118.201499501903001, 34.132231563037401 ], [ -118.201773515438006, 34.132235142339098 ], [ -118.202047259175998, 34.132245876646998 ], [ -118.202320462421994, 34.132263755169298 ], [ -118.202592855378001, 34.132288759919497 ], [ -118.202864169148, 34.132320867515197 ], [ -118.203134137532999, 34.132360044681498 ], [ -118.203402492533002, 34.132406253646799 ], [ -118.203602984691997, 34.132446277075204 ], [ -118.203603303950999, 34.132577087963398 ], [ -118.203603437949994, 34.1326321003922 ], [ -118.203604140321005, 34.132920598408099 ], [ -118.203670797171995, 34.132922931249503 ], [ -118.203678636562003, 34.133115736902901 ], [ -118.203586895821005, 34.133112511034703 ], [ -118.203421657085997, 34.133106716702798 ], [ -118.203421644494995, 34.133128727609801 ], [ -118.203256439035997, 34.133122932378598 ], [ -118.203256451626004, 34.133100949350499 ], [ -118.203091247065998, 34.133095154119196 ], [ -118.202926008331005, 34.133089358888 ], [ -118.202760802870998, 34.133083563656697 ], [ -118.202760408968004, 34.133493299277497 ], [ -118.202774320581, 34.133493303774102 ], [ -118.202777163337998, 34.1335345170056 ], [ -118.202760376591996, 34.133534517904899 ], [ -118.202759945816993, 34.133983521523497 ], [ -118.202798971896996, 34.1339835386106 ], [ -118.202787805914994, 34.134120923543001 ], [ -118.202742401842002, 34.134120889368702 ], [ -118.202725878598997, 34.134120889368702 ], [ -118.202610220387001, 34.134120808429699 ], [ -118.202609722163004, 34.134569702331099 ], [ -118.202656084913002, 34.134569734706702 ], [ -118.202656184736995, 34.134610952434699 ], [ -118.202626179757004, 34.134610920059103 ], [ -118.202460951814004, 34.134610812140501 ], [ -118.202312247115003, 34.134610676342803 ], [ -118.202311747991004, 34.135059679961401 ], [ -118.202380152223995, 34.135059730323398 ], [ -118.202398461521994, 34.135197121551101 ], [ -118.202375428984993, 34.135197108061199 ], [ -118.202365640764, 34.135626244756601 ], [ -118.202410435995006, 34.135625082832497 ], [ -118.202410282211005, 34.135723466865699 ], [ -118.202688669148998, 34.135727853758603 ], [ -118.202684386577005, 34.135915656483597 ], [ -118.202710369789997, 34.135914975696799 ], [ -118.202888905899997, 34.135910306416697 ], [ -118.203148564456995, 34.135903495850798 ], [ -118.203148729931996, 34.135903605568103 ], [ -118.203148461934006, 34.136005568903002 ], [ -118.203658194971993, 34.136013598949603 ], [ -118.203652031917997, 34.136283971129501 ], [ -118.203977263642003, 34.136289093667898 ], [ -118.203971101486999, 34.136559464049199 ], [ -118.204621567632998, 34.136569706427998 ], [ -118.204627727989006, 34.136299336046697 ], [ -118.204952959712998, 34.1363044558871 ], [ -118.204946801155998, 34.136574826268401 ], [ -118.205597269101006, 34.136585064150601 ], [ -118.205603424060996, 34.1363146937693 ], [ -118.205774672065999, 34.136317389037501 ], [ -118.205780837817997, 34.136304382142697 ], [ -118.205803456666004, 34.1362566955912 ], [ -118.205816968080995, 34.1362281771898 ], [ -118.205846917304001, 34.136165062768598 ], [ -118.205866839985006, 34.136123014067003 ], [ -118.205912439209996, 34.136027336993202 ], [ -118.205930027251, 34.135990156321803 ], [ -118.205947549642005, 34.135953029609801 ], [ -118.205953565206997, 34.1359403518669 ], [ -118.205829661112006, 34.1359343524895 ], [ -118.205818589558007, 34.135933821889502 ], [ -118.205884515259996, 34.135799393928103 ], [ -118.205913004883001, 34.135800774387398 ], [ -118.205940060087997, 34.135743572109298 ], [ -118.206005940823999, 34.135604115139003 ], [ -118.206054693970998, 34.135500987181999 ], [ -118.206103446219004, 34.135397858325597 ], [ -118.206152166091996, 34.135294757348397 ], [ -118.206200918340002, 34.1351916293914 ], [ -118.206249769512993, 34.135088528414002 ], [ -118.206298588311, 34.134985426537398 ], [ -118.20634740621, 34.134882298580401 ], [ -118.206396126081998, 34.134779471896302 ], [ -118.206302583999005, 34.134622947592099 ], [ -118.206227923181999, 34.134497992189701 ], [ -118.206153229989994, 34.134373008908398 ], [ -118.206079067396999, 34.134248876385698 ], [ -118.206079396549001, 34.134248161424701 ], [ -118.206127654170004, 34.134145858145999 ], [ -118.20617591269, 34.1340435269883 ], [ -118.206224203586004, 34.133941196729999 ], [ -118.206272461207007, 34.133838893451397 ], [ -118.206320718827996, 34.133736562293599 ], [ -118.206405038363997, 34.133557833728197 ], [ -118.206337430930006, 34.133545364627999 ], [ -118.206371596173994, 34.133468740591098 ], [ -118.206402944741995, 34.133485861884203 ], [ -118.206627167312007, 34.133616890408298 ], [ -118.206846331194996, 34.133753709667097 ], [ -118.207060219656, 34.133896186560897 ], [ -118.207268621352, 34.134044178996902 ], [ -118.207471330339999, 34.1341975412846 ], [ -118.207560529597004, 34.134269411505301 ], [ -118.207604671021002, 34.134226440998603 ], [ -118.207789125570002, 34.134057896355998 ], [ -118.207979854689, 34.133894253018497 ], [ -118.208176670418993, 34.1337356719648 ], [ -118.208198294618001, 34.133719311498197 ], [ -118.208336691287002, 34.133744810875498 ], [ -118.208336686791, 34.133716672887303 ], [ -118.208336727260004, 34.133614578251297 ], [ -118.208379378507999, 34.133582309677003 ], [ -118.208587779305006, 34.133434317241097 ], [ -118.208801665966007, 34.133291841246603 ], [ -118.209020828950003, 34.133155021088498 ], [ -118.209245050621007, 34.133023993463702 ], [ -118.209301325697993, 34.1329932573341 ], [ -118.209449885606006, 34.133020608415499 ], [ -118.209607052924994, 34.133049545901002 ], [ -118.209785187039003, 34.132926845998298 ], [ -118.209915059934005, 34.132837424608603 ], [ -118.210118626875001, 34.132697204113903 ], [ -118.210322226192005, 34.132556983619097 ], [ -118.210497395241006, 34.132436298197703 ], [ -118.210683916432004, 34.1323662724866 ], [ -118.210722076465004, 34.132353129794303 ], [ -118.211027193052999, 34.132409677365899 ], [ -118.211180624587996, 34.132438097741201 ], [ -118.211335246825996, 34.132466762732101 ], [ -118.211378059051995, 34.132474683960702 ], [ -118.211384803968002, 34.132475880958303 ], [ -118.211391613634007, 34.132476968238699 ], [ -118.211398423301006, 34.1324779736807 ], [ -118.211405265343004, 34.132478868506098 ], [ -118.211412108283994, 34.132479680594003 ], [ -118.211418982702, 34.132480382964502 ], [ -118.211425858018998, 34.132480975617703 ], [ -118.211432765712004, 34.132481485533297 ], [ -118.211439672504994, 34.1324818857316 ], [ -118.211446580198, 34.132482175313299 ], [ -118.211453486991005, 34.132482383056598 ], [ -118.211460392885002, 34.132482481082803 ], [ -118.211467332953006, 34.132482469391597 ], [ -118.211474238847003, 34.132482374962798 ], [ -118.211481178016001, 34.132482169917402 ], [ -118.211488083011005, 34.132481856054 ], [ -118.211494988905002, 34.132481459452997 ], [ -118.211501298548001, 34.132481007993299 ], [ -118.211508765619001, 34.132480363179397 ], [ -118.211515636439998, 34.132479664406098 ], [ -118.211522474884006, 34.132478855016302 ], [ -118.211529313328995, 34.132477936808499 ], [ -118.211536117600005, 34.132476935863103 ], [ -118.211542921870006, 34.132475852180001 ], [ -118.211549692866001, 34.1324746587796 ], [ -118.211556430586995, 34.132473354762702 ], [ -118.211563135931996, 34.132471969806701 ], [ -118.211569839478997, 34.132470474234097 ], [ -118.211576477375004, 34.132468868944301 ], [ -118.211583115270997, 34.132467207896497 ], [ -118.211589686617003, 34.132465410151703 ], [ -118.211596224687995, 34.1324635305686 ], [ -118.211602729484994, 34.132461568247898 ], [ -118.211609201005999, 34.132459496209897 ], [ -118.211615606877004, 34.132457341434403 ], [ -118.211621978574001, 34.132455104820401 ], [ -118.211628283720003, 34.132452757589803 ], [ -118.211634556492001, 34.132450328521003 ], [ -118.211640795088996, 34.132447789734897 ], [ -118.211646968034998, 34.132445196090103 ], [ -118.211653074431993, 34.132442491828698 ], [ -118.211659114279001, 34.1324396787494 ], [ -118.211665121750002, 34.132436810811399 ], [ -118.211671028496994, 34.132433832256702 ], [ -118.211676902869002, 34.132430799742799 ], [ -118.211682710690994, 34.132427656612201 ], [ -118.211688452862006, 34.1324244316434 ], [ -118.211694095208003, 34.132421124836199 ], [ -118.211699704279994, 34.132417762270997 ], [ -118.211705246801998, 34.132414289988702 ], [ -118.211708380939001, 34.132412223346599 ], [ -118.211710690397993, 34.1324107358679 ], [ -118.211716067444996, 34.132407126888602 ], [ -118.211720091911005, 34.132404399244798 ], [ -118.211726821537994, 34.132399935909497 ], [ -118.211733683364997, 34.132395582291402 ], [ -118.211740612640995, 34.132391338390697 ], [ -118.211747639943994, 34.132387177227599 ], [ -118.211754734695006, 34.132383152761498 ], [ -118.211761928371999, 34.132379183153901 ], [ -118.211769188599007, 34.1323753502434 ], [ -118.211776547751995, 34.132371627949396 ], [ -118.211783973454004, 34.132367987493801 ], [ -118.211791465706, 34.132364484634401 ], [ -118.211799057782002, 34.1323610645127 ], [ -118.211806715509994, 34.1323577532089 ], [ -118.211814406512005, 34.132354579501403 ], [ -118.211822197339004, 34.132351516410502 ], [ -118.211830054714994, 34.132348534258597 ], [ -118.211837945366995, 34.1323456906023 ], [ -118.211845901668994, 34.132342955764003 ], [ -118.211853925420002, 34.1323403594212 ], [ -118.211862014822003, 34.1323378440174 ], [ -118.211870137499005, 34.1323354671093 ], [ -118.211878294350001, 34.132333199019101 ], [ -118.211886516850996, 34.132331069424502 ], [ -118.211890215763006, 34.132330155713298 ], [ -118.211894805903, 34.1323290207689 ], [ -118.211903094953996, 34.132327138487803 ], [ -118.211911450554993, 34.132325337145801 ], [ -118.211919807056006, 34.1323236742993 ], [ -118.211928229207004, 34.132322148149797 ], [ -118.211936685531995, 34.132320731717599 ], [ -118.211945140957994, 34.132319425002699 ], [ -118.211953663833, 34.132318255884002 ], [ -118.211962186708007, 34.132317224361501 ], [ -118.211970709582999, 34.132316302556497 ], [ -118.211979266632, 34.132315491367997 ], [ -118.211987856056993, 34.132314815977097 ], [ -118.211996446380994, 34.132314252102198 ], [ -118.212005036704994, 34.132313824924204 ], [ -118.212013659405002, 34.132313149533402 ], [ -118.212022251527998, 34.132313354578798 ], [ -118.212038939348005, 34.132313243062903 ], [ -118.212050273502996, 34.132313195398801 ], [ -118.212187639549995, 34.132313284431703 ], [ -118.212336340652001, 34.132313407638797 ], [ -118.212485041752998, 34.132313530845899 ], [ -118.212633741955997, 34.132313627073401 ], [ -118.212798965402001, 34.132313748481899 ], [ -118.212957315330002, 34.132313881581602 ], [ -118.213096135580003, 34.132313993996803 ], [ -118.213100780578998, 34.132113913727302 ], [ -118.213104058607996, 34.131973711218897 ], [ -118.213150452833005, 34.131973739098001 ], [ -118.213197861493995, 34.131813787477498 ], [ -118.213327510458001, 34.131801885849598 ], [ -118.213600711905002, 34.131784007327198 ], [ -118.213874453844994, 34.131773273918597 ], [ -118.214148466481006, 34.131769694616899 ], [ -118.214422479115996, 34.131773273918697 ], [ -118.214696221056002, 34.131784007327198 ], [ -118.214969422503003, 34.131801885849498 ], [ -118.215241813660995, 34.131826891499003 ], [ -118.215513126532002, 34.131858998195398 ], [ -118.215783093116997, 34.131898176260997 ], [ -118.216051446319, 34.131944385226397 ], [ -118.216317922635994, 34.1319975801254 ], [ -118.216582257667, 34.132057708797397 ], [ -118.216844192408004, 34.132124711887101 ], [ -118.217103466954001, 34.132198522844703 ], [ -118.217359825897006, 34.132279069724497 ], [ -118.217613016529995, 34.1323662724866 ], [ -118.217862788839, 34.132460044796403 ], [ -118.218108896410996, 34.132560294023598 ], [ -118.218351096427995, 34.132666922141901 ], [ -118.218374226091996, 34.132677892072202 ], [ -118.218342523190998, 34.134080236414903 ], [ -118.218017299560998, 34.1340751543461 ], [ -118.217998959686, 34.134886270885801 ], [ -118.217498093963997, 34.134878441388103 ], [ -118.217492531657001, 34.134897273191697 ], [ -118.217437335767002, 34.135084063280097 ], [ -118.217327893668994, 34.135454591157597 ], [ -118.217427871300998, 34.135472904052399 ], [ -118.217383710991996, 34.135633624593297 ], [ -118.217280592028004, 34.135614739729597 ], [ -118.217205445576994, 34.135869108473699 ], [ -118.217173899157999, 34.135975837316202 ], [ -118.217142386014004, 34.136082566158599 ], [ -118.217096000782007, 34.136239525734702 ], [ -118.217091022134994, 34.136256461767502 ], [ -118.217020787780996, 34.136494141792397 ], [ -118.217149101252005, 34.1365176806476 ], [ -118.217277415621993, 34.136541219502803 ], [ -118.217425466514001, 34.136568349351002 ], [ -118.217438063317999, 34.136570662407301 ], [ -118.217447628507003, 34.136741261101498 ], [ -118.217418699115996, 34.136735954202102 ], [ -118.217411812107997, 34.136959698332603 ], [ -118.217407057391995, 34.137113533663801 ], [ -118.217404712858993, 34.137190396021097 ], [ -118.217404300070996, 34.137209576761698 ], [ -118.217404308164006, 34.137225541526703 ], [ -118.217404316257998, 34.137228756603001 ], [ -118.217404763220998, 34.137247936444297 ], [ -118.217405572611, 34.137267114486903 ], [ -118.217406779501005, 34.137286265549903 ], [ -118.217408415367998, 34.1373054148142 ], [ -118.217410414561002, 34.137324509219901 ], [ -118.217412843630001, 34.137343602726297 ], [ -118.217415669299996, 34.137362640474699 ], [ -118.217418891571, 34.137381622465099 ], [ -118.217422509542999, 34.137400575677098 ], [ -118.217426557392002, 34.1374194740307 ], [ -118.217430968566006, 34.137438289646497 ], [ -118.217435776342001, 34.1374570486051 ], [ -118.217440979819003, 34.137475751805702 ], [ -118.217446579897995, 34.137494345288999 ], [ -118.217448679815007, 34.137501046137501 ], [ -118.217523235410994, 34.137514706839397 ], [ -118.217543524115996, 34.137602821514101 ], [ -118.217530662911997, 34.137600481478202 ], [ -118.217529769885004, 34.137600318700997 ], [ -118.217528844482999, 34.137600182903299 ], [ -118.217527951456006, 34.137600101964303 ], [ -118.217527026053006, 34.1376000210253 ], [ -118.217526100651, 34.137599967965301 ], [ -118.217525175248994, 34.137599969763997 ], [ -118.217524249845994, 34.137599971562601 ], [ -118.217523325342995, 34.137600000340903 ], [ -118.217522399941004, 34.137600056998203 ], [ -118.217521507813004, 34.137600141534499 ], [ -118.217520582410998, 34.137600253050401 ], [ -118.217519691183, 34.137600391546002 ], [ -118.217518765780994, 34.137600557920599 ], [ -118.217517874552001, 34.137600752174102 ], [ -118.217516982424996, 34.137600973407302 ], [ -118.217516123571997, 34.137601222519599 ], [ -118.217515265618999, 34.137601498611502 ], [ -118.217514406766995, 34.137601774703299 ], [ -118.217513548813002, 34.137602106553203 ], [ -118.217512756510999, 34.137602465382599 ], [ -118.217511930933, 34.137602824212202 ], [ -118.217511138630002, 34.137603210021297 ], [ -118.217510347227005, 34.137603623709502 ], [ -118.217509588198993, 34.1376040643773 ], [ -118.217508862445996, 34.137604505044997 ], [ -118.217508136692999, 34.137605001470803 ], [ -118.217507444215002, 34.137605496997203 ], [ -118.217506750837998, 34.1376060204027 ], [ -118.217506091635002, 34.137606543808097 ], [ -118.217505464807005, 34.1376070941932 ], [ -118.217504838878995, 34.1376076724573 ], [ -118.217504278601993, 34.137608278600297 ], [ -118.217503718323997, 34.137608883844102 ], [ -118.217503158046, 34.137609516966798 ], [ -118.217502664318999, 34.1376101500895 ], [ -118.217502169691002, 34.137610810191902 ], [ -118.217501709239002, 34.137611470294303 ], [ -118.217501314436007, 34.137612158275601 ], [ -118.217500919634006, 34.137612846256999 ], [ -118.217500524832005, 34.137613561217997 ], [ -118.217500196578996, 34.137614276179001 ], [ -118.217499900701995, 34.137614991140097 ], [ -118.217499604824994, 34.137615706101101 ], [ -118.217499375497994, 34.137616448041797 ], [ -118.217499146170994, 34.137617217861496 ], [ -118.217498983393995, 34.137617960701498 ], [ -118.217498819716994, 34.1376187026422 ], [ -118.217498722589994, 34.1376194724619 ], [ -118.217498625462994, 34.137620241382201 ], [ -118.217498561610995, 34.137621011201901 ], [ -118.217498530135003, 34.137621781021501 ], [ -118.217498565208999, 34.137622549941902 ], [ -118.217498600281999, 34.137623291882598 ], [ -118.217498668630995, 34.137624060802899 ], [ -118.217498769355004, 34.137624830622599 ], [ -118.217498904253006, 34.137625599542901 ], [ -118.217499071527001, 34.137626341483703 ], [ -118.217499271177005, 34.137627082525 ], [ -118.217499505, 34.137627824465703 ], [ -118.217499771199996, 34.1376285655071 ], [ -118.217500070674006, 34.137629307447703 ], [ -118.217500469073997, 34.137630158206399 ], [ -118.217509272537001, 34.137647893736499 ], [ -118.217518504976994, 34.137665490770999 ], [ -118.217528068367997, 34.137682950209097 ], [ -118.217537994184994, 34.137700244172102 ], [ -118.217548283328995, 34.137717427518403 ], [ -118.217558935797996, 34.137734444490199 ], [ -118.217569918319001, 34.137751296886002 ], [ -118.217581296541994, 34.137768010786203 ], [ -118.217586072841002, 34.137774816855398 ], [ -118.217586736540994, 34.137775778230797 ], [ -118.217629324835997, 34.137835961761397 ], [ -118.217721468473002, 34.137966237553002 ], [ -118.217763208706998, 34.138025251065699 ], [ -118.217813612111001, 34.1380965133446 ], [ -118.217905755748006, 34.138226789136098 ], [ -118.217976140288997, 34.138326273040299 ], [ -118.217987881837004, 34.138342546272597 ], [ -118.217999090987007, 34.138357529877297 ], [ -118.217999952537994, 34.1383586549291 ], [ -118.218009834289006, 34.138371386631299 ], [ -118.218012354189, 34.138374597210998 ], [ -118.218025118266993, 34.138390347038097 ], [ -118.218038212395996, 34.138405904410099 ], [ -118.218051603301006, 34.138421268427898 ], [ -118.218065324256997, 34.138436439091599 ], [ -118.218079341990006, 34.138451417300303 ], [ -118.218093690673001, 34.138466175174997 ], [ -118.218108368508993, 34.138480739695503 ], [ -118.218123309844998, 34.138495056902499 ], [ -118.218128709374994, 34.138500048139903 ], [ -118.218138581233006, 34.1385091807552 ], [ -118.218154149396995, 34.138523084274098 ], [ -118.218169981960997, 34.138536767459001 ], [ -118.218177069518006, 34.138542690393997 ], [ -118.218266193231997, 34.138617106595397 ], [ -118.218391748483, 34.138721930673697 ], [ -118.218398769489994, 34.138727689032798 ], [ -118.218406385847999, 34.138733720785702 ], [ -118.218413141555004, 34.138738901780101 ], [ -118.218420524989, 34.138744329188597 ], [ -118.218427974972997, 34.1387496738595 ], [ -118.218435588633994, 34.138754880934201 ], [ -118.218443269743005, 34.1387600061705 ], [ -118.218451081254003, 34.138765020790302 ], [ -118.218458992590996, 34.138769897813702 ], [ -118.218467002851995, 34.138774664220598 ], [ -118.218475111139995, 34.138779320910203 ], [ -118.218483318352995, 34.138783867882402 ], [ -118.218491625390001, 34.138788276359101 ], [ -118.218500030453995, 34.1387925760177 ], [ -118.218508501168998, 34.138796737180797 ], [ -118.218517070808005, 34.138800788626703 ], [ -118.218525706997994, 34.1388047024762 ], [ -118.218534441214004, 34.1388085057092 ], [ -118.218543241079999, 34.1388122001241 ], [ -118.218552139870994, 34.138815728164502 ], [ -118.218561105212999, 34.138819147386897 ], [ -118.218570135305995, 34.138822428113698 ], [ -118.218571854808999, 34.138823029760196 ], [ -118.218579231049006, 34.138825572143602 ], [ -118.218588393342003, 34.138828605556903 ], [ -118.218590642546005, 34.138829316021301 ], [ -118.218817311272005, 34.139081270985102 ], [ -118.218816454218, 34.139082041704 ], [ -118.218815531513997, 34.139082977898298 ], [ -118.218814642083998, 34.139083913193197 ], [ -118.218813751754993, 34.139084849387501 ], [ -118.218812894701003, 34.139085812561397 ], [ -118.218812038547, 34.139086775735301 ], [ -118.218811214767996, 34.139087766788201 ], [ -118.218810390989006, 34.139088757841101 ], [ -118.218809600485002, 34.1390897758736 ], [ -118.218808843255999, 34.139090793906199 ], [ -118.218808119301002, 34.139091811938698 ], [ -118.218807394448007, 34.139092856951002 ], [ -118.218806703767996, 34.139093902862498 ], [ -118.218806012190001, 34.139094947874703 ], [ -118.218805353885998, 34.139096020765898 ], [ -118.218804728856995, 34.139097093657099 ], [ -118.218804137103007, 34.139098193528 ], [ -118.218803545349004, 34.139099294298198 ], [ -118.218802985970996, 34.139100394168999 ], [ -118.218802459868002, 34.139101494039899 ], [ -118.218801934664, 34.139102621789696 ], [ -118.218801441834998, 34.139103749539501 ], [ -118.218800982282005, 34.139104877289498 ], [ -118.218800522728003, 34.139106032018901 ], [ -118.218800095549994, 34.139107159768798 ], [ -118.218799701647001, 34.139108314498301 ], [ -118.218799341918, 34.139109469227797 ], [ -118.218798981290007, 34.139110650936999 ], [ -118.218798653937, 34.139111805666403 ], [ -118.218798358959006, 34.139112988274903 ], [ -118.218798098156, 34.139114169984097 ], [ -118.218797836453007, 34.139115351693299 ], [ -118.2187976413, 34.139116534301799 ], [ -118.218797413771995, 34.139117716011 ], [ -118.218797250994001, 34.139118897720103 ], [ -118.218797089115995, 34.139120107308301 ], [ -118.218796960513004, 34.139121289017403 ], [ -118.218796897561006, 34.139122498605602 ], [ -118.218796801332999, 34.139123707294402 ], [ -118.218796771656002, 34.139124889003597 ], [ -118.218796741079004, 34.139126098591703 ], [ -118.218796744675998, 34.139127279401599 ], [ -118.218796780649001, 34.139128488989698 ], [ -118.218796816622003, 34.1391296706989 ], [ -118.218796885870006, 34.1391308793877 ], [ -118.218796988392, 34.1391320880766 ], [ -118.218797123290997, 34.139133269785702 ], [ -118.218797292363007, 34.139134450595598 ], [ -118.218797460535995, 34.139135659284399 ], [ -118.218797661984993, 34.139136840993601 ], [ -118.218797863432997, 34.139138021803397 ], [ -118.218798130530999, 34.139139203512599 ], [ -118.218798397629996, 34.139140384322403 ], [ -118.218798698903001, 34.139141565132299 ], [ -118.218799031651997, 34.139142718962503 ], [ -118.218799398575001, 34.139143871893303 ], [ -118.218799765499, 34.139145052703199 ], [ -118.218800164797997, 34.1391461786544 ], [ -118.218800597371995, 34.139147332484498 ], [ -118.218801029945993, 34.139148485415397 ], [ -118.218801495795006, 34.139149611366598 ], [ -118.218801994019003, 34.139150737317799 ], [ -118.218802525518001, 34.139151863269099 ], [ -118.218803057917, 34.139152988320902 ], [ -118.218927870326993, 34.1394026545101 ], [ -118.219035740408998, 34.139618359600803 ], [ -118.219146368712003, 34.1398396656692 ], [ -118.219146833661995, 34.139840543407502 ], [ -118.219147298611006, 34.139841422045201 ], [ -118.219147796835003, 34.139842272803797 ], [ -118.219148294161002, 34.139843151441497 ], [ -118.21914882566, 34.1398440022 ], [ -118.219149356260004, 34.139844853858101 ], [ -118.219149920134996, 34.1398456767377 ], [ -118.219150484908994, 34.139846500516697 ], [ -118.219151081160007, 34.139847323396403 ], [ -118.219151711584004, 34.139848146276101 ], [ -118.219152341110004, 34.139848942176101 ], [ -118.219152971534996, 34.139849738076101 ], [ -118.219153634335001, 34.139850533976102 ], [ -118.219154330410007, 34.139851301997197 ], [ -118.219155026484998, 34.1398520700182 ], [ -118.219155722560998, 34.139852811059598 ], [ -118.219156451911005, 34.139853579080601 ], [ -118.219157213637004, 34.1398543192226 ], [ -118.219157975361995, 34.139855032385 ], [ -118.219158737987001, 34.139855745547401 ], [ -118.219159532088995, 34.139856430830797 ], [ -118.219160327089, 34.1398571161142 ], [ -118.21916112209, 34.139857802296902 ], [ -118.219161983641001, 34.139858459701301 ], [ -118.219162811017, 34.139859118004999 ], [ -118.219163672568001, 34.139859776308803 ], [ -118.219164533219001, 34.1398603788545 ], [ -118.219165427145001, 34.139861009279301 ], [ -118.219166321071, 34.139861611824998 ], [ -118.219167247372994, 34.139862215270199 ], [ -118.219168174573994, 34.139862790836297 ], [ -118.219169101774995, 34.139863338523398 ], [ -118.219170028075993, 34.139863886210499 ], [ -118.219170987653001, 34.139864433897699 ], [ -118.219171948129002, 34.139864954605102 ], [ -118.219172940080995, 34.1398654474336 ], [ -118.219161241699993, 34.140205929860898 ], [ -118.219150064925998, 34.140203367692401 ], [ -118.219127116924994, 34.1401984079314 ], [ -118.219072340118998, 34.1402298329416 ], [ -118.219048762591996, 34.140363065704101 ], [ -118.219033392279002, 34.140450008562198 ], [ -118.219007697749007, 34.140595169932297 ], [ -118.219188456984, 34.1406281471724 ], [ -118.219268206164998, 34.140642675720102 ], [ -118.219312822430993, 34.140655730278901 ], [ -118.219414489889004, 34.1406854699596 ], [ -118.219554786825995, 34.140726515917102 ], [ -118.219582926613, 34.140795683675002 ], [ -118.219611965721995, 34.140867075456299 ], [ -118.219637677338994, 34.140930340064301 ], [ -118.219684013109003, 34.141044237402802 ], [ -118.219692461340003, 34.141064996453601 ], [ -118.219736435490006, 34.141173127339101 ], [ -118.219755993945995, 34.141221179914702 ], [ -118.219831535199006, 34.141406936681904 ], [ -118.220230822497001, 34.141695396026897 ], [ -118.220645137464999, 34.141866300490499 ], [ -118.220876712891993, 34.1414808177867 ], [ -118.220878489952, 34.1414778743056 ], [ -118.220876724582993, 34.141472491863198 ], [ -118.220868194513997, 34.141446237055398 ], [ -118.221450475861005, 34.141311021287699 ], [ -118.221634194763993, 34.141387542802001 ], [ -118.221633981625004, 34.141332090604699 ], [ -118.221700129458995, 34.141351533947301 ], [ -118.221700364182993, 34.1414151196132 ], [ -118.221713598606001, 34.1414206459472 ], [ -118.221831313566, 34.141469672488597 ], [ -118.221851165201002, 34.1414779345601 ], [ -118.221951147330003, 34.141519573171003 ], [ -118.221977615276998, 34.141530598859198 ], [ -118.222097448141, 34.141580499541597 ], [ -118.222217248628994, 34.141630401123201 ], [ -118.222277817069994, 34.141655628005999 ], [ -118.222378504266999, 34.141697565191699 ], [ -118.222539826453996, 34.141764728360698 ], [ -118.222605930222002, 34.141792278192298 ], [ -118.222608014849996, 34.141793098373903 ], [ -118.222610131853997, 34.141793863697004 ], [ -118.222612282132999, 34.141794574161402 ], [ -118.222614464787995, 34.141795229767197 ], [ -118.222616647441995, 34.1417958026354 ], [ -118.222618863372006, 34.1417963206449 ], [ -118.222622235830002, 34.141796974451999 ], [ -118.222624517409997, 34.1417973269862 ], [ -118.222626798090005, 34.1417975976821 ], [ -118.222630236198995, 34.141797921438098 ], [ -118.222632550154003, 34.141798026658797 ], [ -118.222634829935998, 34.1417980779201 ], [ -118.222638300419007, 34.141798043745901 ], [ -118.222640613476003, 34.141797929531997 ], [ -118.222642893257003, 34.141797760459397 ], [ -118.222646329566999, 34.141797369254398 ], [ -118.222649731702006, 34.141796813473398 ], [ -118.222651978208006, 34.1417963701075 ], [ -118.222654190540993, 34.141795870983799 ], [ -118.222657492850999, 34.141794986050897 ], [ -118.222659639533006, 34.141794294472298 ], [ -118.222661786214999, 34.141793575914001 ], [ -118.222663898722004, 34.141792775517402 ], [ -118.222665945578996, 34.1417919472417 ], [ -118.222667992436001, 34.141791009248898 ], [ -118.222669972743006, 34.141790044276298 ], [ -118.222672876654002, 34.141788472261403 ], [ -118.222674757136005, 34.141787369692601 ], [ -118.222676605242995, 34.141786212265103 ], [ -118.222679243854003, 34.141784365956902 ], [ -118.222680958861005, 34.141783071832499 ], [ -118.222682607319001, 34.141781721950103 ], [ -118.222684190124994, 34.141780345088002 ], [ -118.222685706381995, 34.141778913367297 ], [ -118.222687190263997, 34.141777426788003 ], [ -118.222688606695996, 34.141775913228997 ], [ -118.222689957477996, 34.141774343911997 ], [ -118.222691209334002, 34.141772748514697 ], [ -118.222693020568997, 34.141770299660699 ], [ -118.222694106950001, 34.141768593646802 ], [ -118.222695159156004, 34.141766887632897 ], [ -118.222696113336994, 34.141765154639401 ], [ -118.222697000967997, 34.141763367686401 ], [ -118.222697822049, 34.141761579834203 ], [ -118.222698544205002, 34.141759765002298 ], [ -118.222699495686996, 34.141756987895803 ], [ -118.222700281694998, 34.141754182910397 ], [ -118.222700706175004, 34.141752314119103 ], [ -118.222701064104996, 34.141750417448897 ], [ -118.222701324008995, 34.141748492899801 ], [ -118.222701516463999, 34.1417465971289 ], [ -118.222701610892997, 34.141744673479103 ], [ -118.222701639671001, 34.141743052001402 ], [ -118.222701247567002, 34.141533884082598 ], [ -118.222700670202002, 34.141217907281799 ], [ -118.222700404003007, 34.141080733690103 ], [ -118.222700136903995, 34.1409435600984 ], [ -118.222699984019002, 34.140861398935598 ], [ -118.222699910274997, 34.140858513910501 ], [ -118.222699605404998, 34.140855656764302 ], [ -118.222699168334003, 34.140852799618202 ], [ -118.222698532512993, 34.140849970350999 ], [ -118.222697732116998, 34.1408471689628 ], [ -118.222697066617997, 34.140845328949901 ], [ -118.222695968546006, 34.1408426111987 ], [ -118.222694705897993, 34.140839920427197 ], [ -118.222693277774994, 34.140837312393202 ], [ -118.222691651800005, 34.140834760117301 ], [ -118.222689893625997, 34.140832289679601 ], [ -118.222688632775998, 34.140830670899902 ], [ -118.222686644375003, 34.140828338957803 ], [ -118.222685185675005, 34.140826830794801 ], [ -118.222682932872999, 34.140824636448997 ], [ -118.222680547870993, 34.140822552719797 ], [ -118.222678063944002, 34.140820578707903 ], [ -118.222675415439994, 34.1408187144133 ], [ -118.222672668011, 34.1408169607353 ], [ -118.222669820758, 34.140815345552902 ], [ -118.222666875477998, 34.140813839188503 ], [ -118.222664857398996, 34.140812908390203 ], [ -118.222661747543995, 34.140811623258998 ], [ -118.222658572038, 34.140810501804403 ], [ -118.222655330880997, 34.140809490966397 ], [ -118.222652023174007, 34.140808617724701 ], [ -118.222649808143998, 34.140808127594198 ], [ -118.222646402411996, 34.140807501666004 ], [ -118.222642997578006, 34.140807041213201 ], [ -118.222640914747998, 34.140806852355503 ], [ -118.222631232647004, 34.140715377813599 ], [ -118.222626336738003, 34.140669128378697 ], [ -118.222644591177001, 34.140669095103803 ], [ -118.222699636881003, 34.140668993480503 ], [ -118.222699403057007, 34.140531599554897 ], [ -118.222699421943005, 34.140526241394099 ], [ -118.222699594613005, 34.140516651023802 ], [ -118.222699998408004, 34.140507060653498 ], [ -118.222700600953999, 34.140497496363501 ], [ -118.222701402249996, 34.140487932073597 ], [ -118.222702400496999, 34.140478367783601 ], [ -118.222703598394006, 34.140468830473303 ], [ -118.222704994142006, 34.140459293162998 ], [ -118.222706587741001, 34.140449809812097 ], [ -118.222708380089998, 34.140440326461103 ], [ -118.222710403563994, 34.140430870089702 ], [ -118.222712593414002, 34.140421468577102 ], [ -118.222714980213993, 34.140412093144803 ], [ -118.222717566664002, 34.140402745591402 ], [ -118.222720121638005, 34.140394195736697 ], [ -118.222720350966, 34.140393425916997 ], [ -118.222723333117003, 34.140384160201997 ], [ -118.222726514919003, 34.140374948446301 ], [ -118.222729598694002, 34.140366506510198 ], [ -118.222729861296003, 34.140365764569601 ], [ -118.222733438798997, 34.1403566346521 ], [ -118.222737181778001, 34.140347587472299 ], [ -118.222741123505998, 34.140338567272202 ], [ -118.222745263985004, 34.140329601930802 ], [ -118.222749569938998, 34.140320717528198 ], [ -118.222754073743999, 34.140311888883701 ], [ -118.222758743024002, 34.140303114198502 ], [ -118.22276364343, 34.140294422251003 ], [ -118.222768676935004, 34.140285784262701 ], [ -118.222773909191005, 34.140277256890997 ], [ -118.222779306022005, 34.140268783478703 ], [ -118.222784901604001, 34.140260391904697 ], [ -118.222787470067999, 34.140256677704699 ], [ -118.222790663560005, 34.140252083068397 ], [ -118.222796622467996, 34.140243855171001 ], [ -118.222802715374996, 34.140235710910503 ], [ -118.222809006133005, 34.140227675467997 ], [ -118.222815429091, 34.1402197218639 ], [ -118.222819941889, 34.140214163154198 ], [ -118.222824354861999, 34.140208521707102 ], [ -118.222828603259998, 34.140202825401197 ], [ -118.222832784207995, 34.140197075136101 ], [ -118.222836800579998, 34.140191242133298 ], [ -118.222840718027001, 34.140185382150797 ], [ -118.222844502374002, 34.140179439430703 ], [ -118.222848154521003, 34.140173469731003 ], [ -118.222851707741995, 34.140167418192902 ], [ -118.222855128763001, 34.140161338775897 ], [ -118.222858384309006, 34.140155205399601 ], [ -118.222861540029996, 34.140149016265198 ], [ -118.222864563550999, 34.140142801050601 ], [ -118.222867455770995, 34.140136530078003 ], [ -118.222870214891003, 34.140130205146001 ], [ -118.222870608793997, 34.140129269851101 ], [ -118.223077318864995, 34.1401280917392 ], [ -118.223077187564002, 34.1401285872657 ], [ -118.223077024787003, 34.140129301327399 ], [ -118.223076861110002, 34.140129989308697 ], [ -118.223076697433996, 34.140130703370502 ], [ -118.223076567031995, 34.1401314183314 ], [ -118.223076469904996, 34.140132133292497 ], [ -118.223076372779005, 34.140132847354202 ], [ -118.223076275652005, 34.140133562315199 ], [ -118.223076211800006, 34.140134276376898 ], [ -118.223076147048999, 34.140134991337902 ], [ -118.223076116472001, 34.1401357053997 ], [ -118.223076084995, 34.140136420360697 ], [ -118.223076053518994, 34.1401371623014 ], [ -118.223076056216996, 34.140137876363099 ], [ -118.223076090391004, 34.140138591324003 ], [ -118.223076125464999, 34.140139305385802 ], [ -118.223076160538, 34.140140020346898 ], [ -118.223076228886995, 34.140140734408497 ], [ -118.223076329611004, 34.140141448470203 ], [ -118.22307639796, 34.140142162531902 ], [ -118.223076531958, 34.1401428765936 ], [ -118.223076632683004, 34.140143591554697 ], [ -118.223076766681999, 34.140144305616403 ], [ -118.223076933954999, 34.140145019678101 ], [ -118.223077101228995, 34.1401457337398 ], [ -118.223077301778005, 34.1401464208218 ], [ -118.223077501427994, 34.140147134883499 ], [ -118.223077701975996, 34.140147821066201 ], [ -118.223077934900999, 34.140148507249002 ], [ -118.223078167824994, 34.140149221310701 ], [ -118.223078434024998, 34.140149908392701 ], [ -118.223078700223994, 34.140150566696498 ], [ -118.223078999698004, 34.140151253778498 ], [ -118.223079299171999, 34.1401519399612 ], [ -118.223079598647004, 34.140152599164303 ], [ -118.223079930495999, 34.140153257468 ], [ -118.223080262346002, 34.140153943650702 ], [ -118.223080628369999, 34.140154575874199 ], [ -118.223080993495003, 34.140155234177897 ], [ -118.223081391894993, 34.1401558933809 ], [ -118.223081757019997, 34.140156524704999 ], [ -118.223082187795001, 34.1401571551297 ], [ -118.223082586195005, 34.140157786453798 ], [ -118.223083051144002, 34.140158417777997 ], [ -118.223083481919005, 34.140159022122297 ], [ -118.223083945968995, 34.140159625567399 ], [ -118.223084410919, 34.140160229012501 ], [ -118.223084908244005, 34.140160832457603 ], [ -118.223085404670002, 34.140161408922999 ], [ -118.223085935270007, 34.140161984489097 ], [ -118.223086432594997, 34.1401625609546 ], [ -118.223086963195001, 34.140163137419997 ], [ -118.223087526170005, 34.140163686006403 ], [ -118.223088089146003, 34.140164234592902 ], [ -118.223088653020994, 34.140164782280102 ], [ -118.223089249271993, 34.140165303886903 ], [ -118.223089845521997, 34.140165824594298 ], [ -118.223090441772996, 34.1401663453018 ], [ -118.223091038023, 34.140166866908501 ], [ -118.223091666648997, 34.140167359736999 ], [ -118.223092296174997, 34.140167826485197 ], [ -118.223092958075995, 34.140168319313602 ], [ -118.223093620876, 34.140168785162501 ], [ -118.223094282776998, 34.140169251011301 ], [ -118.223094944677996, 34.140169689880402 ], [ -118.223095639853994, 34.140170127850297 ], [ -118.223096335029993, 34.140170566719497 ], [ -118.223097030206006, 34.140170977709602 ], [ -118.223097725382004, 34.140171388699798 ], [ -118.223098453833003, 34.140171798790597 ], [ -118.223099181384001, 34.140172182801102 ], [ -118.223099909835, 34.140172565912302 ], [ -118.223100670662006, 34.140172922043902 ], [ -118.223101431488004, 34.140173305155102 ], [ -118.223102193214004, 34.140173633407599 ], [ -118.223102954040002, 34.140173961660203 ], [ -118.223103714866994, 34.1401742899127 ], [ -118.223104508968007, 34.140174618165197 ], [ -118.223105269794004, 34.140174919438103 ], [ -118.223106063895997, 34.140175192832103 ], [ -118.223106890373003, 34.1401754653266 ], [ -118.223107684474002, 34.140175738720501 ], [ -118.223108478575995, 34.140175985134803 ], [ -118.223109305053001, 34.140176230649701 ], [ -118.223110131528998, 34.140176476164598 ], [ -118.223110925631005, 34.140176694699903 ], [ -118.223111785382997, 34.140176913235102 ], [ -118.223112611860003, 34.140177103891403 ], [ -118.223113439236002, 34.140177267567999 ], [ -118.223114265712994, 34.140177458224201 ], [ -118.223115125465, 34.140177621001598 ], [ -118.223115985217007, 34.140177756799197 ], [ -118.223116811693998, 34.140177893496102 ], [ -118.223117670546003, 34.140178001414803 ], [ -118.223118530297995, 34.140178109333498 ], [ -118.223119390050002, 34.140178218151398 ], [ -118.223120249801994, 34.140178299090401 ], [ -118.223121108653999, 34.140178380029397 ], [ -118.223121968406005, 34.140178433089403 ], [ -118.223122827259004, 34.140178486149402 ], [ -118.223123687010997, 34.140178512229703 ], [ -118.223124579138002, 34.140178538310003 ], [ -118.223125636741003, 34.140178536511399 ], [ -118.223465168584994, 34.140178458270398 ], [ -118.223812069473993, 34.140178394418598 ], [ -118.223812929225005, 34.140178392619902 ], [ -118.223813788078004, 34.140178362942301 ], [ -118.223814647829997, 34.140178334163998 ], [ -118.223815506682001, 34.1401782775066 ], [ -118.223816365535001, 34.1401782208494 ], [ -118.223817257662006, 34.1401781641921 ], [ -118.223818116515005, 34.140178080555202 ], [ -118.223818976266998, 34.140177996918197 ], [ -118.223819801844996, 34.140177885402302 ], [ -118.223820660697001, 34.1401777738864 ], [ -118.22382151955, 34.140177634491401 ], [ -118.223822378402005, 34.1401774959958 ], [ -118.223823203980004, 34.140177329621203 ], [ -118.223824062831994, 34.1401771623473 ], [ -118.223824888409993, 34.140176968993103 ], [ -118.223825713988006, 34.140176774739501 ], [ -118.223826539564996, 34.140176581385298 ], [ -118.223827398417995, 34.140176359252798 ], [ -118.223828190720994, 34.140176138019598 ], [ -118.223829016297998, 34.140175889806599 ], [ -118.223829809500003, 34.140175640694402 ], [ -118.223830635078002, 34.140175391582197 ], [ -118.223831427381, 34.140175115490401 ], [ -118.223832219683004, 34.140174811519501 ], [ -118.223833011986002, 34.140174535427597 ], [ -118.223833804289001, 34.140174204477098 ], [ -118.223834563316998, 34.140173900506298 ], [ -118.223835322344001, 34.140173569555699 ], [ -118.223836081371999, 34.140173210726303 ], [ -118.223836840399997, 34.140172852796098 ], [ -118.223837600327002, 34.140172493966503 ], [ -118.223838326079999, 34.140172135137099 ], [ -118.223839051832996, 34.140171721448901 ], [ -118.223839777585994, 34.140171335639799 ], [ -118.223840504237998, 34.1401709219517 ], [ -118.223841196715995, 34.140170508263502 ], [ -118.223841890092999, 34.140170095474701 ], [ -118.223842582570995, 34.140169653907599 ], [ -118.223843242673993, 34.140169186260103 ], [ -118.223843935152004, 34.140168744693 ], [ -118.223844594355, 34.140168276146198 ], [ -118.223845221182003, 34.140167808498703 ], [ -118.223845881285001, 34.140167312072997 ], [ -118.223846507212997, 34.140166816546497 ], [ -118.223847100764999, 34.140166321020097 ], [ -118.223847727592997, 34.1401657976146 ], [ -118.223848321144999, 34.140165274209203 ], [ -118.223848881422995, 34.140164751703097 ], [ -118.223849474974998, 34.140164200418702 ], [ -118.223850035252994, 34.1401636500336 ], [ -118.223850595531005, 34.140163099648497 ], [ -118.223851122533006, 34.140162549263401 ], [ -118.223851650434995, 34.140161970999401 ], [ -118.223852177438005, 34.140161392735202 ], [ -118.223852671166, 34.140160814471201 ], [ -118.223853165793003, 34.140160209227403 ], [ -118.223853626245997, 34.140159603983697 ], [ -118.223854087597999, 34.140158998739999 ], [ -118.223854548950001, 34.140158393496201 ], [ -118.223854977027997, 34.140157788252502 ], [ -118.223855404206006, 34.1401571551297 ], [ -118.223855832282993, 34.140156522006997 ], [ -118.223856227084994, 34.140155861904702 ], [ -118.223856589511996, 34.140155229681298 ], [ -118.223856984315006, 34.140154596558503 ], [ -118.223857345842006, 34.140153936456201 ], [ -118.223857674993994, 34.1401532763538 ], [ -118.223858003245994, 34.140152616251399 ], [ -118.223858331499002, 34.140151929169399 ], [ -118.223858627376003, 34.140151269066997 ], [ -118.223858923253005, 34.140150581085599 ], [ -118.223859185855005, 34.1401498940035 ], [ -118.223859448457006, 34.140149206022201 ], [ -118.223859711059006, 34.140148518940201 ], [ -118.223859940386006, 34.140147831858101 ], [ -118.223860136438006, 34.140147143876803 ], [ -118.223860365765006, 34.140146428915699 ], [ -118.223860529442007, 34.140145741833699 ], [ -118.223860693118993, 34.140145026872702 ], [ -118.223860855896007, 34.140144312811003 ], [ -118.223861019571999, 34.140143597849899 ], [ -118.223861149973999, 34.140142910767899 ], [ -118.223861247100999, 34.140142195806902 ], [ -118.223861344227998, 34.140141480845799 ], [ -118.223861441354998, 34.1401407667841 ], [ -118.223861506106005, 34.140140051823103 ], [ -118.223861536683003, 34.1401393098824 ], [ -118.223861600535002, 34.140138595820702 ], [ -118.223861598735994, 34.140137880859697 ], [ -118.223861630211999, 34.140137166797999 ], [ -118.223861594238997, 34.140123619410701 ], [ -118.224059843489002, 34.1401224826676 ], [ -118.224060026950994, 34.140178319774797 ], [ -118.224543613099002, 34.140178219050803 ], [ -118.224903832948002, 34.140178126420601 ], [ -118.225204566239995, 34.140178061669403 ], [ -118.225204358496001, 34.1401130739604 ], [ -118.225257232337995, 34.140112096397303 ], [ -118.225257442778997, 34.140178045481598 ], [ -118.225452423891994, 34.140178011307398 ], [ -118.225597833475007, 34.140177960046003 ], [ -118.225611052610006, 34.140177962743898 ], [ -118.22576307221, 34.140177926771102 ], [ -118.225964662441001, 34.140177879107 ], [ -118.226235653355005, 34.140177812557098 ], [ -118.226252177497997, 34.140177808959898 ], [ -118.226318273171998, 34.140177794570803 ], [ -118.226450463619997, 34.140177767590998 ], [ -118.226671883002993, 34.140177709135102 ], [ -118.227002359573007, 34.140177611109003 ], [ -118.227002060098997, 34.140079513060201 ], [ -118.227025192460999, 34.140079084982901 ], [ -118.227025492834002, 34.140177622800202 ], [ -118.227134550022001, 34.140177583229999 ], [ -118.227339446160997, 34.140177527471998 ], [ -118.227353589798, 34.140177528371403 ], [ -118.227354449550006, 34.140177526572799 ], [ -118.227355308403006, 34.140177497794397 ], [ -118.227356167254996, 34.140177469016201 ], [ -118.227357027007002, 34.140177439338501 ], [ -118.227357919135002, 34.140177382681301 ], [ -118.227358777987007, 34.140177299044304 ], [ -118.227359636840006, 34.140177214508 ], [ -118.227360495691997, 34.140177130871102 ], [ -118.227361354544996, 34.1401770193551 ], [ -118.227362181022002, 34.140176907839198 ], [ -118.227363039875002, 34.140176768444199 ], [ -118.227363898727006, 34.140176629948698 ], [ -118.227364724305005, 34.1401764635741 ], [ -118.227365583156995, 34.140176297199503 ], [ -118.227366408734994, 34.140176130824898 ], [ -118.227367234312993, 34.140175936571403 ], [ -118.227368093164998, 34.140175715338202 ], [ -118.227368885467996, 34.140175521084601 ], [ -118.227369711045, 34.140175272871701 ], [ -118.227370536622999, 34.140175050739202 ], [ -118.227371362200998, 34.140174802526303 ], [ -118.227372154503001, 34.140174525535102 ], [ -118.227372946806, 34.140174249443199 ], [ -118.227373739108998, 34.140173973351303 ], [ -118.227374532311003, 34.140173669380502 ], [ -118.227375324614002, 34.140173366309 ], [ -118.227376083641005, 34.140173034459202 ], [ -118.227376842669003, 34.140172703508597 ], [ -118.227377601697, 34.140172372558098 ], [ -118.227378360724998, 34.140172013728602 ], [ -118.227379087377003, 34.140171654899099 ], [ -118.227379846405, 34.140171269089997 ], [ -118.227380572157998, 34.140170883280803 ], [ -118.227381297910995, 34.140170469592697 ], [ -118.227382023664006, 34.140170082884197 ], [ -118.227382717040996, 34.140169642216399 ], [ -118.227383409519007, 34.140169228528201 ], [ -118.227384101997004, 34.140168787860503 ], [ -118.227384795373993, 34.140168347192599 ], [ -118.227385454577004, 34.140167878645798 ], [ -118.227386114680002, 34.140167410098996 ], [ -118.227386741507004, 34.140166941552302 ], [ -118.227387400710001, 34.140166446025802 ], [ -118.227388027537998, 34.140165950499402 ], [ -118.22738862109, 34.140165454073603 ], [ -118.227389247017996, 34.140164931567497 ], [ -118.227389840571007, 34.1401644081621 ], [ -118.227390434122995, 34.140163884756703 ], [ -118.227390994401006, 34.140163334371501 ], [ -118.227391554679002, 34.140162810966203 ], [ -118.227392114956004, 34.140162232701996 ], [ -118.227392642858007, 34.140161682317 ], [ -118.227393169861003, 34.1401611040529 ], [ -118.227393663588998, 34.140160526688099 ], [ -118.227394190591994, 34.140159948424099 ], [ -118.227394685218997, 34.140159343180301 ], [ -118.227395146570998, 34.140158764916201 ], [ -118.227395607023993, 34.140158159672502 ], [ -118.227396068375995, 34.1401575265498 ], [ -118.227396496452997, 34.140156921306001 ], [ -118.227396923631005, 34.140156288183299 ], [ -118.227397351709001, 34.140155655959902 ], [ -118.227397746511002, 34.140155022837199 ], [ -118.227398141313003, 34.140154362734798 ], [ -118.227398502840998, 34.140153729612102 ], [ -118.227398865268, 34.140153069509701 ], [ -118.22739919352, 34.1401524094073 ], [ -118.227399522672002, 34.140151749304898 ], [ -118.227399850924002, 34.140151089202597 ], [ -118.227403727001999, 34.1401425087709 ], [ -118.227508795695996, 34.140206913719297 ], [ -118.227487903546006, 34.140253254885003 ], [ -118.227487760553998, 34.140370754008302 ], [ -118.227703828071, 34.1403709239801 ], [ -118.227703926097007, 34.140370731525202 ], [ -118.227710492946997, 34.1403550014833 ], [ -118.227715581311003, 34.140342351619402 ], [ -118.227740328855006, 34.140280065473803 ], [ -118.227774845734999, 34.140188551361703 ], [ -118.227806723103996, 34.140098580486203 ], [ -118.227807345434996, 34.140096519240103 ], [ -118.227838059080995, 34.140004077027598 ], [ -118.227866755548007, 34.1399111725637 ], [ -118.227876251490002, 34.139878949854797 ], [ -118.228006297055003, 34.139468144040798 ], [ -118.228031958309998, 34.139389534300697 ], [ -118.228063928309993, 34.139297392461799 ], [ -118.228097848939001, 34.139205713773798 ], [ -118.228133654546994, 34.139114553994602 ], [ -118.228171411682993, 34.139023913124198 ], [ -118.228527014411995, 34.138086490400397 ], [ -118.229090425284994, 34.138084489408797 ], [ -118.229080579506999, 34.138121549570997 ], [ -118.229044942073003, 34.138261759273902 ], [ -118.229012248119005, 34.138402429429803 ], [ -118.228982529123002, 34.1385435897161 ], [ -118.228977215927998, 34.138570446170299 ], [ -118.228877845338005, 34.1390780019494 ], [ -118.228795985448002, 34.139078023533102 ], [ -118.228796812824996, 34.139491985068197 ], [ -118.228798341672004, 34.140371880858801 ], [ -118.228799924479006, 34.141145046907603 ], [ -118.228803117072005, 34.142704217726603 ], [ -118.228775802862998, 34.142841637732602 ], [ -118.228778499930002, 34.144502237689302 ], [ -118.228780695175004, 34.145902020762797 ], [ -118.228642087164999, 34.145797458387101 ], [ -118.228249372112998, 34.1464517304642 ], [ -118.228695689456998, 34.146740069299902 ], [ -118.228614590392993, 34.1468905213816 ], [ -118.228086590326001, 34.146722921027099 ], [ -118.227464355698004, 34.147759536274698 ], [ -118.227016682176, 34.147633122172003 ], [ -118.227019747065995, 34.1477136034013 ], [ -118.227021405415996, 34.147804711019802 ], [ -118.227021161699, 34.147895838423402 ], [ -118.227018994332994, 34.147986932552101 ], [ -118.227014922202997, 34.148077992506501 ], [ -118.227008935415995, 34.148168965226702 ], [ -118.227001041167, 34.148259847115497 ], [ -118.226991246650996, 34.148350600401102 ], [ -118.226979546471, 34.148441192707999 ], [ -118.226965941526998, 34.148531618640497 ], [ -118.226951920196996, 34.148613196143302 ], [ -118.226851410167001, 34.148780631921802 ], [ -118.226242876710003, 34.149794363920002 ], [ -118.224979269879995, 34.149368258839203 ], [ -118.224689800595996, 34.149355602680103 ], [ -118.224679599585997, 34.149286242467298 ], [ -118.224667407477, 34.149213858733702 ], [ -118.224653728788994, 34.149141669253801 ], [ -118.224638496970996, 34.149069675826098 ], [ -118.224621778574004, 34.148997932409799 ], [ -118.224603540323002, 34.148926439005102 ], [ -118.224583815493006, 34.148855195612001 ], [ -118.224562604981998, 34.148784284967903 ], [ -118.224539906993002, 34.148713679194103 ], [ -118.224515723324004, 34.148643406169398 ], [ -118.224504003359002, 34.148611497323898 ], [ -118.224421177596994, 34.148611403794398 ], [ -118.224391422628003, 34.148534161923202 ], [ -118.224363510369997, 34.148466066157098 ], [ -118.224334144807003, 34.148398412857603 ], [ -118.224303391589999, 34.148331174145497 ], [ -118.224271219244002, 34.148264377899899 ], [ -118.224237626866994, 34.148198106858302 ], [ -118.224202681010993, 34.148132277383901 ], [ -118.224166348400004, 34.148067000093199 ], [ -118.224128629034993, 34.148002248006499 ], [ -118.224089589464995, 34.147938075083303 ], [ -118.224049195516002, 34.1478744543438 ], [ -118.224007482261996, 34.147811439747301 ], [ -118.223964447903001, 34.147749033092502 ], [ -118.223920093339999, 34.147687260459897 ], [ -118.223874452746003, 34.147626149728197 ], [ -118.223827556697998, 34.147565700897601 ], [ -118.223779374621003, 34.147505940947603 ], [ -118.223729971262998, 34.147446898656597 ], [ -118.223679313351994, 34.147388572225999 ], [ -118.223627435059996, 34.147330990434 ], [ -118.223574402937999, 34.147274180260403 ], [ -118.223520148638002, 34.147218140805698 ], [ -118.223464708131999, 34.147162873868702 ], [ -118.223408145272003, 34.147108460388303 ], [ -118.223350460956993, 34.147054846405197 ], [ -118.223291622811999, 34.147002085878697 ], [ -118.223231695587998, 34.146950206687897 ], [ -118.223176378288997, 34.1469039248774 ], [ -118.223170714359, 34.146899180953604 ], [ -118.223108644050996, 34.146849064433901 ], [ -118.223045551213005, 34.1467998292499 ], [ -118.222981437645004, 34.146751557239803 ], [ -118.222916300649004, 34.146704194444197 ], [ -118.222850176196999, 34.146657794822502 ], [ -118.222783094866003, 34.146612358374803 ], [ -118.222715091729995, 34.146567886000298 ], [ -118.222646131716004, 34.146524431658399 ], [ -118.222576283170994, 34.146481967470002 ], [ -118.222505544298002, 34.146440522213503 ], [ -118.222433982544004, 34.146400122868499 ], [ -118.222361563736996, 34.146360769435098 ], [ -118.222288322051, 34.146322461013902 ], [ -118.222214289860005, 34.146285226383199 ], [ -118.222139468064, 34.146249064643797 ], [ -118.222063921415, 34.146214002775203 ], [ -118.221987650811997, 34.1461800416768 ], [ -118.221910688630004, 34.146147208328202 ], [ -118.221833036666993, 34.146115475749802 ], [ -118.221754725501995, 34.1460848709212 ], [ -118.221675790207996, 34.146055420822201 ], [ -118.221596229884, 34.146027098472899 ], [ -118.221516111081996, 34.145999958732297 ], [ -118.221435432901004, 34.145973974620397 ], [ -118.221354229515995, 34.145949172217698 ], [ -118.221280207218001, 34.145927709897101 ], [ -118.220924973210998, 34.145835508702902 ], [ -118.220870963525996, 34.145820686077002 ], [ -118.220871103820002, 34.145710908532799 ], [ -118.220871275590994, 34.145575987742703 ], [ -118.220871449160001, 34.145441698276898 ], [ -118.220871536394, 34.145374567483501 ], [ -118.220871863748002, 34.145148141574701 ], [ -118.220872063396996, 34.144998739901098 ], [ -118.220872153328997, 34.144932487745301 ], [ -118.220872605688001, 34.1445911734451 ], [ -118.220597136151, 34.144540071268402 ], [ -118.220534841011997, 34.144528506886203 ], [ -118.220456436318003, 34.144499357160797 ], [ -118.220420609125995, 34.144486067878901 ], [ -118.220407852243, 34.144486036402597 ], [ -118.220401481444995, 34.144489042836199 ], [ -118.220397883258002, 34.144490643629503 ], [ -118.220394218519999, 34.144492216543703 ], [ -118.220390554681998, 34.144493706720297 ], [ -118.220386856670004, 34.144495142038402 ], [ -118.220383125382995, 34.144496550376701 ], [ -118.220379361720006, 34.144497876876699 ], [ -118.220375563882996, 34.144499147618703 ], [ -118.220371733671001, 34.144500391381101 ], [ -118.220367903457998, 34.144501552405899 ], [ -118.220364005796, 34.144502658572002 ], [ -118.220360142309005, 34.1445037368591 ], [ -118.220356212271, 34.144504733307997 ], [ -118.220352281334996, 34.144505674898099 ], [ -118.220348318022999, 34.144506561629697 ], [ -118.220344354709994, 34.144507392603202 ], [ -118.220340357224003, 34.144508169617502 ], [ -118.220336360637006, 34.1445088917731 ], [ -118.220332329875006, 34.144509531190998 ], [ -118.220328299114001, 34.144510142730098 ], [ -118.220324269252004, 34.144510672430798 ], [ -118.220320205215003, 34.1445111742525 ], [ -118.220316141178998, 34.144511593336503 ], [ -118.220312077143006, 34.144511958461301 ], [ -118.220308013106006, 34.1445122408484 ], [ -118.220303914895993, 34.144512495356501 ], [ -118.220299817585001, 34.1445126950061 ], [ -118.220295720273, 34.144512812817197 ], [ -118.220291655338002, 34.1445128748705 ], [ -118.220287557126994, 34.144512882065001 ], [ -118.220283458916995, 34.144512835300297 ], [ -118.220279359806995, 34.144512704898602 ], [ -118.220275261596001, 34.144512547517202 ], [ -118.220271195761001, 34.144512307398202 ], [ -118.220267096651, 34.144512040299603 ], [ -118.220263030816, 34.144511690463297 ], [ -118.220258964980999, 34.144511285768402 ], [ -118.220254898247006, 34.144510798335901 ], [ -118.220250864787999, 34.144510283923601 ], [ -118.220246831327998, 34.144509686773802 ], [ -118.220242797869005, 34.144509061744998 ], [ -118.220238796784997, 34.1445083548778 ], [ -118.220115066258998, 34.144485772901298 ], [ -118.219934679343993, 34.1444528532177 ], [ -118.219777536305998, 34.144424174737097 ], [ -118.219765467404002, 34.144421860781399 ], [ -118.219755613532996, 34.144419818420999 ], [ -118.219745792037003, 34.1444176105854 ], [ -118.219736036190994, 34.144415265153498 ], [ -118.219726345995994, 34.144412782125301 ], [ -118.219716689075995, 34.1444101615009 ], [ -118.219707096907001, 34.144407403280198 ], [ -118.219697571287995, 34.144404508362598 ], [ -118.219688111319002, 34.144401474949298 ], [ -118.219678683726002, 34.144398276960104 ], [ -118.219669355058997, 34.144394969253597 ], [ -118.219660092042005, 34.144391523950802 ], [ -118.219650895574006, 34.144387941051797 ], [ -118.219641763857993, 34.144384247536202 ], [ -118.219632731068003, 34.144380389444599 ], [ -118.219623797202999, 34.144376421635698 ], [ -118.219614929887001, 34.144372315331204 ], [ -118.219606127323004, 34.144368072329897 ], [ -118.219526468973001, 34.144452494388297 ], [ -118.219523502109993, 34.144455495425902 ], [ -118.219519743842994, 34.144459128686997 ], [ -118.219515919925996, 34.144462735867798 ], [ -118.219512029458997, 34.144466260310899 ], [ -118.219509985299993, 34.144468022082698 ], [ -118.219495488228006, 34.144460025311098 ], [ -118.219498554916996, 34.144457381304299 ], [ -118.219502116231993, 34.1444541599327 ], [ -118.219505577722003, 34.144450883702497 ], [ -118.219509005937994, 34.144447579593297 ], [ -118.219512368503004, 34.1444442215248 ], [ -118.219515235542005, 34.144441221386401 ], [ -118.219504639728996, 34.144433573551801 ], [ -118.219494970219003, 34.144426391565901 ], [ -118.219485466183002, 34.144419045004099 ], [ -118.219476093449003, 34.144411559946697 ], [ -118.219466885290998, 34.144403965172003 ], [ -118.219457842607, 34.144396204922103 ], [ -118.219448997775004, 34.144388334954897 ], [ -118.219440285142994, 34.144380326492097 ], [ -118.219431737087007, 34.1443722083119 ], [ -118.219423386881999, 34.144363952535599 ], [ -118.219415168877006, 34.1443555870419 ], [ -118.219407181099001, 34.144347110032299 ], [ -118.219399326420003, 34.144338496325702 ], [ -118.219391668693007, 34.144329798982199 ], [ -118.219384209715997, 34.144320964941699 ], [ -118.219376915314001, 34.1443120472643 ], [ -118.219369818763994, 34.1443029919906 ] ] ], [ [ [ -118.324987069499997, 34.152465060814997 ], [ -118.32531238576, 34.152469862295497 ], [ -118.325637692127998, 34.152474638594803 ], [ -118.325962989502003, 34.152479388813902 ], [ -118.325968733471996, 34.1522090409157 ], [ -118.326294038941001, 34.1522137902354 ], [ -118.326299782011006, 34.151943443236497 ], [ -118.326625085681002, 34.151948190757601 ], [ -118.326630829650995, 34.151677843758598 ], [ -118.326956133321005, 34.1516826146621 ], [ -118.326950392049, 34.151952936480001 ], [ -118.326946630185006, 34.152130064252198 ], [ -118.325733277471002, 34.153257819493902 ], [ -118.322122627159999, 34.155731714148402 ], [ -118.321881776124997, 34.155763845126501 ], [ -118.321641223666006, 34.1557956190737 ], [ -118.321656438396005, 34.1557429520767 ], [ -118.321728794251001, 34.155523146077499 ], [ -118.321809418472, 34.155305337472498 ], [ -118.321898231920002, 34.155089742099101 ], [ -118.321995147359999, 34.154876572197203 ], [ -118.322100068565007, 34.1546660373089 ], [ -118.322212892113001, 34.154458346976298 ], [ -118.322333507387995, 34.154253704446099 ], [ -118.322461793879, 34.154052312965 ], [ -118.322597624783, 34.153854370384103 ], [ -118.322740867899, 34.153660072755301 ], [ -118.322891380235006, 34.153469611634499 ], [ -118.323049014302995, 34.1532831740804 ], [ -118.323213613619004, 34.153100944454103 ], [ -118.323385016307995, 34.152923103519498 ], [ -118.323563052395002, 34.152749825744998 ], [ -118.323747547413006, 34.152581282001698 ], [ -118.323938317900996, 34.152417639563602 ], [ -118.324135176799004, 34.152259058509898 ], [ -118.324337928953994, 34.152105696222101 ], [ -118.324546374717997, 34.151957704685501 ], [ -118.324605157104003, 34.151918557196801 ], [ -118.324673269957003, 34.151919562638902 ], [ -118.324998565532994, 34.151924340736898 ], [ -118.324987069499997, 34.152465060814997 ] ] ] ] } }
]
}
