{
  "type": "FeatureCollection",
  "features": [
    {
      "type": "Feature",
      "id": 1,
      "geometry": {
        "type": "MultiPolygon",
        "coordinates": [
          [
            [
              [
                -118.433413108031,
                34.0360123284074
              ],
              [
                -118.433352130399,
                34.0359754454116
              ],
              [
                -118.433296601759,
                34.0359330162968
              ],
              [
                -118.433247243368,
                34.0358855941461
              ],
              [
                -118.433204700938,
                34.0358337967935
              ],
              [
                -118.433169527554,
                34.0357782987307
              ],
              [
                -118.433142182768,
                34.0357198257106
              ],
              [
                -118.433123021812,
                34.0356591385596
              ],
              [
                -118.433120484825,
                34.0356444472346
              ],
              [
                -118.433103022688,
                34.0355891380294
              ],
              [
                -118.433092296474,
                34.035527028151
              ],
              [
                -118.433090145296,
                34.0354643049349
              ],
              [
                -118.433091947537,
                34.0354468347048
              ],
              [
                -118.433090145296,
                34.0353943044048
              ],
              [
                -118.433096596133,
                34.0353317853347
              ],
              [
                -118.433111564449,
                34.0352702869953
              ],
              [
                -118.433134855991,
                34.0352106088837
              ],
              [
                -118.433166166787,
                34.0351535307121
              ],
              [
                -118.433205088546,
                34.0350997962198
              ],
              [
                -118.43325111405,
                34.0350501059788
              ],
              [
                -118.433303643451,
                34.0350051066016
              ],
              [
                -118.433361991465,
                34.0349653862448
              ],
              [
                -118.433425397266,
                34.0349314620185
              ],
              [
                -118.433493035277,
                34.03490377549
              ],
              [
                -118.433564023263,
                34.034882689086
              ],
              [
                -118.433637434922,
                34.0348684770997
              ],
              [
                -118.43365025116,
                34.0348672531224
              ],
              [
                -118.43368793815,
                34.0348265650951
              ],
              [
                -118.433740467551,
                34.0347815657179
              ],
              [
                -118.433798815565,
                34.034741845361
              ],
              [
                -118.433862221367,
                34.0347079211348
              ],
              [
                -118.433929859378,
                34.0346802346063
              ],
              [
                -118.434000846464,
                34.0346591482023
              ],
              [
                -118.434074259022,
                34.034644936216
              ],
              [
                -118.434149138374,
                34.0346377830084
              ],
              [
                -118.434224508756,
                34.0346377830084
              ],
              [
                -118.434299388108,
                34.034644936216
              ],
              [
                -118.434372800666,
                34.0346591482023
              ],
              [
                -118.434443787753,
                34.0346802346063
              ],
              [
                -118.434511425764,
                34.0347079211348
              ],
              [
                -118.434574831565,
                34.034741845361
              ],
              [
                -118.434582465011,
                34.0347470416438
              ],
              [
                -118.434642314893,
                34.0347413246536
              ],
              [
                -118.434717685275,
                34.0347413246536
              ],
              [
                -118.434792564627,
                34.0347484778611
              ],
              [
                -118.434865977185,
                34.0347626898474
              ],
              [
                -118.434936965171,
                34.0347837762514
              ],
              [
                -118.435004602283,
                34.0348114627799
              ],
              [
                -118.435068008984,
                34.0348453870062
              ],
              [
                -118.435126356998,
                34.034885107363
              ],
              [
                -118.435178885499,
                34.0349301067402
              ],
              [
                -118.435186673628,
                34.0349385154013
              ],
              [
                -118.435196357528,
                34.0349451074319
              ],
              [
                -118.435248886929,
                34.0349901068091
              ],
              [
                -118.435294912432,
                34.0350397970501
              ],
              [
                -118.435333834191,
                34.0350935315424
              ],
              [
                -118.435365144988,
                34.035150609714
              ],
              [
                -118.435388436529,
                34.0352102878256
              ],
              [
                -118.435403404845,
                34.0352717861652
              ],
              [
                -118.435409854783,
                34.0353343052352
              ],
              [
                -118.435407703605,
                34.0353970284513
              ],
              [
                -118.435396977391,
                34.0354591383297
              ],
              [
                -118.435377817335,
                34.0355198254807
              ],
              [
                -118.435350471649,
                34.0355782985008
              ],
              [
                -118.435315299164,
                34.0356337965637
              ],
              [
                -118.435272755835,
                34.0356855939162
              ],
              [
                -118.435223398343,
                34.0357330160669
              ],
              [
                -118.435167869704,
                34.0357754451818
              ],
              [
                -118.435106892072,
                34.0358123281776
              ],
              [
                -118.435041263146,
                34.035843183917
              ],
              [
                -118.434971836383,
                34.0358676104031
              ],
              [
                -118.434899517401,
                34.0358852892758
              ],
              [
                -118.434825249588,
                34.0358959894096
              ],
              [
                -118.434750000614,
                34.0358995714092
              ],
              [
                -118.434674751641,
                34.0358959894096
              ],
              [
                -118.434638765269,
                34.0358908048179
              ],
              [
                -118.434584439023,
                34.0359040851066
              ],
              [
                -118.43456610994,
                34.0359151719488
              ],
              [
                -118.434500480115,
                34.0359460276882
              ],
              [
                -118.434431053353,
                34.0359704541743
              ],
              [
                -118.43435873437,
                34.0359881330471
              ],
              [
                -118.434284466557,
                34.0359988331808
              ],
              [
                -118.434209217583,
                34.0360024151805
              ],
              [
                -118.434148092463,
                34.0359995058737
              ],
              [
                -118.434126892744,
                34.0360123284073
              ],
              [
                -118.434061262919,
                34.0360431841468
              ],
              [
                -118.433991836156,
                34.0360676106329
              ],
              [
                -118.433919517174,
                34.0360852895057
              ],
              [
                -118.433845249361,
                34.0360959896394
              ],
              [
                -118.433770000387,
                34.0360995716391
              ],
              [
                -118.433694751414,
                34.0360959896394
              ],
              [
                -118.433620483601,
                34.0360852895056
              ],
              [
                -118.433548164618,
                34.0360676106329
              ],
              [
                -118.433478737856,
                34.0360431841468
              ],
              [
                -118.433413108031,
                34.0360123284074
              ]
            ]
          ],
          [
            [
              [
                -118.444275605337,
                34.0470818253671
              ],
              [
                -118.444350986511,
                34.0470818253671
              ],
              [
                -118.444425877554,
                34.0470889776753
              ],
              [
                -118.444499300005,
                34.0471031896616
              ],
              [
                -118.444570297883,
                34.047124276965
              ],
              [
                -118.444637945787,
                34.0471519625941
              ],
              [
                -118.444701360581,
                34.0471858868203
              ],
              [
                -118.444759717589,
                34.0472256071772
              ],
              [
                -118.444812254184,
                34.0472706056551
              ],
              [
                -118.444858285983,
                34.0473202967954
              ],
              [
                -118.444897213138,
                34.0473740312877
              ],
              [
                -118.444928528431,
                34.0474311094592
              ],
              [
                -118.44495182357,
                34.0474907866716
              ],
              [
                -118.444966794584,
                34.0475522850111
              ],
              [
                -118.444973245421,
                34.0476148040811
              ],
              [
                -118.444971093343,
                34.0476775263979
              ],
              [
                -118.44496036623,
                34.0477396371757
              ],
              [
                -118.444941202577,
                34.0478003243266
              ],
              [
                -118.444913854193,
                34.0478587973468
              ],
              [
                -118.444878675413,
                34.0479142945103
              ],
              [
                -118.444836126688,
                34.0479660918628
              ],
              [
                -118.444786762002,
                34.0480135140136
              ],
              [
                -118.444731225268,
                34.0480559431285
              ],
              [
                -118.444670239542,
                34.0480928261242
              ],
              [
                -118.444604599825,
                34.0481236818636
              ],
              [
                -118.444535163169,
                34.0481481083497
              ],
              [
                -118.444462834294,
                34.0481657872225
              ],
              [
                -118.444388555689,
                34.0481764873562
              ],
              [
                -118.444313295924,
                34.0481800693559
              ],
              [
                -118.444238036159,
                34.0481764873562
              ],
              [
                -118.444163757553,
                34.0481657872225
              ],
              [
                -118.444091428679,
                34.0481481083497
              ],
              [
                -118.444021992023,
                34.0481236818636
              ],
              [
                -118.443956352306,
                34.0480928261242
              ],
              [
                -118.44389536658,
                34.0480559431284
              ],
              [
                -118.443839829846,
                34.0480135140136
              ],
              [
                -118.44379046516,
                34.0479660918628
              ],
              [
                -118.443747916435,
                34.0479142945103
              ],
              [
                -118.443712737655,
                34.0478587973468
              ],
              [
                -118.443685389271,
                34.0478003243267
              ],
              [
                -118.443666225618,
                34.0477396371757
              ],
              [
                -118.443655498505,
                34.0476775263979
              ],
              [
                -118.443653346427,
                34.0476148040811
              ],
              [
                -118.443659797264,
                34.0475522850111
              ],
              [
                -118.443674768278,
                34.0474907866716
              ],
              [
                -118.443698063417,
                34.0474311094592
              ],
              [
                -118.44372937871,
                34.0473740312877
              ],
              [
                -118.443768305865,
                34.0473202967955
              ],
              [
                -118.443814337664,
                34.0472706056551
              ],
              [
                -118.443866874259,
                34.0472256071772
              ],
              [
                -118.443925231266,
                34.0471858868203
              ],
              [
                -118.443988646061,
                34.0471519625941
              ],
              [
                -118.444056293965,
                34.047124276965
              ],
              [
                -118.444127291843,
                34.0471031896616
              ],
              [
                -118.444200714294,
                34.0470889776753
              ],
              [
                -118.444275605337,
                34.0470818253671
              ]
            ]
          ],
          [
            [
              [
                -118.25145449613,
                34.0478161820723
              ],
              [
                -118.251529879103,
                34.0478161820722
              ],
              [
                -118.251604770146,
                34.0478233343805
              ],
              [
                -118.251678193496,
                34.0478375463668
              ],
              [
                -118.251749191374,
                34.0478586336702
              ],
              [
                -118.251816840177,
                34.0478863192994
              ],
              [
                -118.25185651287,
                34.0479075424003
              ],
              [
                -118.25190819421,
                34.0479175464588
              ],
              [
                -118.251979192987,
                34.0479386328628
              ],
              [
                -118.252046840891,
                34.047966318492
              ],
              [
                -118.252110256585,
                34.0480002427182
              ],
              [
                -118.252168613593,
                34.048039963075
              ],
              [
                -118.252221151087,
                34.048084961553
              ],
              [
                -118.252267183786,
                34.0481346526932
              ],
              [
                -118.25230611184,
                34.0481883871855
              ],
              [
                -118.252337427133,
                34.0482454653571
              ],
              [
                -118.252360722272,
                34.0483051425694
              ],
              [
                -118.252375693286,
                34.0483666409089
              ],
              [
                -118.252382144123,
                34.0484291599789
              ],
              [
                -118.252379992045,
                34.0484918822957
              ],
              [
                -118.252369264032,
                34.0485539930734
              ],
              [
                -118.252350101278,
                34.0486146802245
              ],
              [
                -118.252322751996,
                34.0486731532446
              ],
              [
                -118.252287573215,
                34.0487286504081
              ],
              [
                -118.25224502449,
                34.0487804477606
              ],
              [
                -118.252195658905,
                34.0488278699115
              ],
              [
                -118.252140121272,
                34.0488702990262
              ],
              [
                -118.252079134646,
                34.048907182022
              ],
              [
                -118.252013494929,
                34.0489380377614
              ],
              [
                -118.251944058274,
                34.0489624642475
              ],
              [
                -118.2518717285,
                34.0489801431203
              ],
              [
                -118.251798674771,
                34.0489906669869
              ],
              [
                -118.251817189114,
                34.0490106526207
              ],
              [
                -118.251856117168,
                34.049064387113
              ],
              [
                -118.25188743336,
                34.0491214652846
              ],
              [
                -118.251910728499,
                34.0491811424969
              ],
              [
                -118.251925699514,
                34.0492426408363
              ],
              [
                -118.25193215125,
                34.0493051599064
              ],
              [
                -118.251929999172,
                34.0493678822232
              ],
              [
                -118.25191927116,
                34.0494299930009
              ],
              [
                -118.251900107506,
                34.0494906801519
              ],
              [
                -118.251872758223,
                34.049549153172
              ],
              [
                -118.251837579443,
                34.0496046503356
              ],
              [
                -118.251795029819,
                34.0496564476881
              ],
              [
                -118.251745664233,
                34.0497038698389
              ],
              [
                -118.251690125701,
                34.0497462989537
              ],
              [
                -118.251629138176,
                34.0497831819494
              ],
              [
                -118.251563498459,
                34.0498140376888
              ],
              [
                -118.251494060005,
                34.0498384641749
              ],
              [
                -118.251421729331,
                34.0498561430477
              ],
              [
                -118.251347449827,
                34.0498668431815
              ],
              [
                -118.251272188263,
                34.0498704251811
              ],
              [
                -118.251196926699,
                34.0498668431814
              ],
              [
                -118.251122647195,
                34.0498561430477
              ],
              [
                -118.251050316521,
                34.0498384641749
              ],
              [
                -118.250980878067,
                34.0498140376889
              ],
              [
                -118.25091523835,
                34.0497831819495
              ],
              [
                -118.250854250825,
                34.0497462989537
              ],
              [
                -118.250798712293,
                34.0497038698389
              ],
              [
                -118.250749346707,
                34.0496564476881
              ],
              [
                -118.250706797083,
                34.0496046503355
              ],
              [
                -118.250671618303,
                34.049549153172
              ],
              [
                -118.25064426902,
                34.0494906801519
              ],
              [
                -118.250625105366,
                34.0494299930009
              ],
              [
                -118.250614377354,
                34.0493678822232
              ],
              [
                -118.250612225276,
                34.0493051599064
              ],
              [
                -118.250618677012,
                34.0492426408363
              ],
              [
                -118.250633648027,
                34.0491811424969
              ],
              [
                -118.250656943165,
                34.0491214652846
              ],
              [
                -118.250688259358,
                34.049064387113
              ],
              [
                -118.250727187412,
                34.0490106526207
              ],
              [
                -118.25077322011,
                34.0489609623797
              ],
              [
                -118.250825757605,
                34.0489159630024
              ],
              [
                -118.250884115512,
                34.0488762426457
              ],
              [
                -118.250947532105,
                34.0488423184195
              ],
              [
                -118.251015180908,
                34.0488146327902
              ],
              [
                -118.2510817829,
                34.0487948522019
              ],
              [
                -118.251074254675,
                34.0487902998337
              ],
              [
                -118.251018717042,
                34.0487478707188
              ],
              [
                -118.250969352356,
                34.048700448568
              ],
              [
                -118.250926802732,
                34.0486486512154
              ],
              [
                -118.250891624851,
                34.048593154052
              ],
              [
                -118.250864275568,
                34.0485346810318
              ],
              [
                -118.250845111914,
                34.0484739938809
              ],
              [
                -118.250834384801,
                34.0484118831031
              ],
              [
                -118.250832232723,
                34.0483491607863
              ],
              [
                -118.25083868356,
                34.0482866417163
              ],
              [
                -118.250853654575,
                34.0482251433768
              ],
              [
                -118.250876949714,
                34.0481654661645
              ],
              [
                -118.250908265007,
                34.0481083879929
              ],
              [
                -118.250947193061,
                34.0480546535006
              ],
              [
                -118.25099322486,
                34.0480049623603
              ],
              [
                -118.251045762354,
                34.0479599638824
              ],
              [
                -118.251104119362,
                34.0479202435256
              ],
              [
                -118.251167535056,
                34.0478863192994
              ],
              [
                -118.251235183859,
                34.0478586336702
              ],
              [
                -118.251306181737,
                34.0478375463668
              ],
              [
                -118.251379605087,
                34.0478233343805
              ],
              [
                -118.25145449613,
                34.0478161820723
              ]
            ]
          ],
          [
            [
              [
                -118.258741619932,
                34.0493931531727
              ],
              [
                -118.258734819259,
                34.0493786129338
              ],
              [
                -118.258693497209,
                34.0493980373907
              ],
              [
                -118.258624059655,
                34.0494224638768
              ],
              [
                -118.258551729881,
                34.0494401427496
              ],
              [
                -118.258477449477,
                34.0494508428832
              ],
              [
                -118.258402188812,
                34.049454424883
              ],
              [
                -118.258326928147,
                34.0494508428832
              ],
              [
                -118.258252647744,
                34.0494401427496
              ],
              [
                -118.258180317969,
                34.0494224638767
              ],
              [
                -118.258110880415,
                34.0493980373907
              ],
              [
                -118.258045239798,
                34.0493671816513
              ],
              [
                -118.257984254072,
                34.0493302986555
              ],
              [
                -118.25792871554,
                34.0492878695407
              ],
              [
                -118.257879349954,
                34.0492404473899
              ],
              [
                -118.25783680033,
                34.0491886500373
              ],
              [
                -118.25780162155,
                34.0491331528739
              ],
              [
                -118.257774272267,
                34.0490746798538
              ],
              [
                -118.257755109513,
                34.0490139927028
              ],
              [
                -118.2577443815,
                34.048951881925
              ],
              [
                -118.257742229422,
                34.0488891596082
              ],
              [
                -118.257748681159,
                34.0488266405382
              ],
              [
                -118.257763651274,
                34.0487651421987
              ],
              [
                -118.257786946413,
                34.0487054649864
              ],
              [
                -118.257788464468,
                34.0487026986718
              ],
              [
                -118.257752189414,
                34.0487044253701
              ],
              [
                -118.257676928749,
                34.0487008433704
              ],
              [
                -118.257602650144,
                34.0486901432367
              ],
              [
                -118.25753032037,
                34.0486724643639
              ],
              [
                -118.257460883715,
                34.0486480378778
              ],
              [
                -118.257395243997,
                34.0486171821385
              ],
              [
                -118.257334258272,
                34.0485802991426
              ],
              [
                -118.257278720639,
                34.0485378700279
              ],
              [
                -118.257229355053,
                34.048490447877
              ],
              [
                -118.257186806328,
                34.0484386505244
              ],
              [
                -118.257151627548,
                34.048383153361
              ],
              [
                -118.257124279164,
                34.0483246803409
              ],
              [
                -118.257105115511,
                34.0482639931899
              ],
              [
                -118.257094387498,
                34.0482018824121
              ],
              [
                -118.25709223542,
                34.0481391600953
              ],
              [
                -118.257098687157,
                34.0480766410254
              ],
              [
                -118.257113658171,
                34.0480151426858
              ],
              [
                -118.257136952411,
                34.0479554654735
              ],
              [
                -118.257168268603,
                34.0478983873019
              ],
              [
                -118.257207195758,
                34.0478446528096
              ],
              [
                -118.257253228456,
                34.0477949616693
              ],
              [
                -118.257305765051,
                34.0477499631914
              ],
              [
                -118.257364122059,
                34.0477102428346
              ],
              [
                -118.257427537753,
                34.0476763186084
              ],
              [
                -118.257495185656,
                34.0476486329792
              ],
              [
                -118.257566184434,
                34.0476275456759
              ],
              [
                -118.257639607784,
                34.0476133336896
              ],
              [
                -118.257714497928,
                34.0476061813813
              ],
              [
                -118.2577898809,
                34.0476061813813
              ],
              [
                -118.257864771044,
                34.0476133336896
              ],
              [
                -118.257870011394,
                34.0476143481248
              ],
              [
                -118.257884716209,
                34.0476043395698
              ],
              [
                -118.257948131903,
                34.0475704153435
              ],
              [
                -118.258015779806,
                34.0475427297144
              ],
              [
                -118.258086777685,
                34.0475216424111
              ],
              [
                -118.258160201035,
                34.0475074304248
              ],
              [
                -118.258235091179,
                34.0475002781165
              ],
              [
                -118.258310474151,
                34.0475002781165
              ],
              [
                -118.258385364295,
                34.0475074304247
              ],
              [
                -118.258458787645,
                34.0475216424111
              ],
              [
                -118.258529785523,
                34.0475427297144
              ],
              [
                -118.258597433427,
                34.0475704153435
              ],
              [
                -118.258660849121,
                34.0476043395698
              ],
              [
                -118.258719206129,
                34.0476440599266
              ],
              [
                -118.258771743623,
                34.0476890584045
              ],
              [
                -118.258817775422,
                34.0477387495448
              ],
              [
                -118.258856703476,
                34.047792484037
              ],
              [
                -118.258888018769,
                34.0478495622087
              ],
              [
                -118.258901834154,
                34.0478849559271
              ],
              [
                -118.258925236313,
                34.0479276107718
              ],
              [
                -118.258948531452,
                34.0479872879841
              ],
              [
                -118.258963502466,
                34.0480487863236
              ],
              [
                -118.25896563296,
                34.0480694356571
              ],
              [
                -118.258997195566,
                34.0480755456511
              ],
              [
                -118.259068194344,
                34.0480966320551
              ],
              [
                -118.259135843147,
                34.0481243176843
              ],
              [
                -118.259199258841,
                34.0481582419105
              ],
              [
                -118.259257615848,
                34.0481979622674
              ],
              [
                -118.259310153343,
                34.0482429607453
              ],
              [
                -118.259356186041,
                34.0482926518855
              ],
              [
                -118.259395114095,
                34.0483463863778
              ],
              [
                -118.259426429388,
                34.0484034645494
              ],
              [
                -118.259449724527,
                34.0484631417618
              ],
              [
                -118.259464695541,
                34.0485246401012
              ],
              [
                -118.259471146378,
                34.0485871591712
              ],
              [
                -118.259469805489,
                34.0486262437073
              ],
              [
                -118.259528196671,
                34.0486375463868
              ],
              [
                -118.259599195449,
                34.0486586327908
              ],
              [
                -118.259666844252,
                34.04868631842
              ],
              [
                -118.259730260845,
                34.0487202426462
              ],
              [
                -118.259788618752,
                34.0487599630031
              ],
              [
                -118.259841156246,
                34.0488049623803
              ],
              [
                -118.25987633053,
                34.048842931757
              ],
              [
                -118.259929196278,
                34.0488586321214
              ],
              [
                -118.25999684508,
                34.0488863177506
              ],
              [
                -118.260060261674,
                34.0489202419767
              ],
              [
                -118.260118619581,
                34.0489599623335
              ],
              [
                -118.260171157075,
                34.0490049617108
              ],
              [
                -118.260217189774,
                34.0490546519518
              ],
              [
                -118.260256118727,
                34.049108386444
              ],
              [
                -118.26028743402,
                34.0491654646157
              ],
              [
                -118.260310729159,
                34.049225141828
              ],
              [
                -118.260325700173,
                34.0492866401675
              ],
              [
                -118.260332151909,
                34.0493491592375
              ],
              [
                -118.260329999832,
                34.0494118815543
              ],
              [
                -118.260319271819,
                34.049473992332
              ],
              [
                -118.260300108166,
                34.049534679483
              ],
              [
                -118.260272758883,
                34.0495931525031
              ],
              [
                -118.260237580102,
                34.0496486496666
              ],
              [
                -118.260195030478,
                34.0497004470192
              ],
              [
                -118.260145664893,
                34.04974786917
              ],
              [
                -118.26009012636,
                34.0497902982848
              ],
              [
                -118.260029139735,
                34.0498271812806
              ],
              [
                -118.259963499118,
                34.04985803702
              ],
              [
                -118.259894060665,
                34.0498824635061
              ],
              [
                -118.259821729991,
                34.0499001423788
              ],
              [
                -118.259747450487,
                34.0499108416132
              ],
              [
                -118.259672188923,
                34.0499144245123
              ],
              [
                -118.259596927358,
                34.0499108416132
              ],
              [
                -118.259522647854,
                34.0499001423788
              ],
              [
                -118.25945031718,
                34.0498824635061
              ],
              [
                -118.259380878727,
                34.04985803702
              ],
              [
                -118.25931523811,
                34.0498271812806
              ],
              [
                -118.259254251485,
                34.0497902982848
              ],
              [
                -118.259198712952,
                34.04974786917
              ],
              [
                -118.259149347367,
                34.0497004470192
              ],
              [
                -118.259138157102,
                34.0496868240888
              ],
              [
                -118.259120317251,
                34.0496824641756
              ],
              [
                -118.259050879696,
                34.0496580376894
              ],
              [
                -118.25898523908,
                34.0496271819501
              ],
              [
                -118.258924252454,
                34.0495902989543
              ],
              [
                -118.258868713922,
                34.0495478698395
              ],
              [
                -118.258819348336,
                34.0495004476886
              ],
              [
                -118.258776798712,
                34.0494486503362
              ],
              [
                -118.258741619932,
                34.0493931531727
              ]
            ]
          ],
          [
            [
              [
                -118.249244371733,
                34.0501518833039
              ],
              [
                -118.249242219655,
                34.0500891609872
              ],
              [
                -118.249248670492,
                34.0500266419171
              ],
              [
                -118.249263641506,
                34.0499651435777
              ],
              [
                -118.249286937544,
                34.0499054663653
              ],
              [
                -118.249318253737,
                34.0498483881937
              ],
              [
                -118.249357181791,
                34.0497946537015
              ],
              [
                -118.249403215388,
                34.0497449634605
              ],
              [
                -118.249455753782,
                34.0496999640832
              ],
              [
                -118.249514111689,
                34.0496602437265
              ],
              [
                -118.249577529182,
                34.0496263195002
              ],
              [
                -118.249645178884,
                34.049598633871
              ],
              [
                -118.249716178561,
                34.049577547467
              ],
              [
                -118.249789603709,
                34.0495633345814
              ],
              [
                -118.249864495652,
                34.0495561822732
              ],
              [
                -118.249939880423,
                34.0495561822732
              ],
              [
                -118.250014772366,
                34.0495633345814
              ],
              [
                -118.250088197514,
                34.049577547467
              ],
              [
                -118.250159197191,
                34.049598633871
              ],
              [
                -118.250226846894,
                34.0496263195002
              ],
              [
                -118.250290264386,
                34.0496602437264
              ],
              [
                -118.250348622293,
                34.0496999640833
              ],
              [
                -118.250401160687,
                34.0497449634605
              ],
              [
                -118.250447194285,
                34.0497946537015
              ],
              [
                -118.250486122339,
                34.0498483881937
              ],
              [
                -118.250517438531,
                34.0499054663654
              ],
              [
                -118.250540734569,
                34.0499651435777
              ],
              [
                -118.250555705583,
                34.0500266419171
              ],
              [
                -118.250562156421,
                34.0500891609871
              ],
              [
                -118.250561915402,
                34.050096181095
              ],
              [
                -118.250569880698,
                34.050096181095
              ],
              [
                -118.25064477354,
                34.0501033334033
              ],
              [
                -118.250718198688,
                34.0501175462889
              ],
              [
                -118.250789199264,
                34.0501386326929
              ],
              [
                -118.250856848967,
                34.0501663183221
              ],
              [
                -118.250920267359,
                34.0502002425483
              ],
              [
                -118.250978625265,
                34.0502399629051
              ],
              [
                -118.251031163659,
                34.0502849622823
              ],
              [
                -118.251077198156,
                34.0503346525234
              ],
              [
                -118.25111612621,
                34.0503883870156
              ],
              [
                -118.251147443302,
                34.0504454651872
              ],
              [
                -118.251170738441,
                34.0505051423996
              ],
              [
                -118.251185709455,
                34.0505666407391
              ],
              [
                -118.251192161191,
                34.0506291598091
              ],
              [
                -118.251190009114,
                34.0506918821259
              ],
              [
                -118.251179281101,
                34.0507539920043
              ],
              [
                -118.251160117448,
                34.0508146800546
              ],
              [
                -118.251132767266,
                34.0508731530747
              ],
              [
                -118.251097588485,
                34.0509286502382
              ],
              [
                -118.251055037962,
                34.0509804475907
              ],
              [
                -118.251005671477,
                34.0510278697415
              ],
              [
                -118.250950132045,
                34.0510702988564
              ],
              [
                -118.250889144521,
                34.0511071818521
              ],
              [
                -118.250823503004,
                34.0511380375915
              ],
              [
                -118.250754063651,
                34.0511624640776
              ],
              [
                -118.250681732078,
                34.0511801420511
              ],
              [
                -118.250607450775,
                34.0511908421847
              ],
              [
                -118.250532188312,
                34.0511944250838
              ],
              [
                -118.250456925849,
                34.0511908421848
              ],
              [
                -118.250382644546,
                34.0511801420511
              ],
              [
                -118.250310312973,
                34.0511624640777
              ],
              [
                -118.25024087362,
                34.0511380375915
              ],
              [
                -118.250175232103,
                34.0511071818521
              ],
              [
                -118.250114244579,
                34.0510702988564
              ],
              [
                -118.250058705147,
                34.0510278697416
              ],
              [
                -118.250009338662,
                34.0509804475907
              ],
              [
                -118.249966788139,
                34.0509286502382
              ],
              [
                -118.249931609358,
                34.0508731530747
              ],
              [
                -118.249904259176,
                34.0508146800546
              ],
              [
                -118.249885095523,
                34.0507539920043
              ],
              [
                -118.24987436751,
                34.0506918821259
              ],
              [
                -118.249873034715,
                34.050653038608
              ],
              [
                -118.249826926474,
                34.0506508433629
              ],
              [
                -118.249752645171,
                34.0506401432292
              ],
              [
                -118.249680314497,
                34.0506224652557
              ],
              [
                -118.249610875144,
                34.0505980387696
              ],
              [
                -118.249545234527,
                34.0505671830302
              ],
              [
                -118.249484247002,
                34.0505303000345
              ],
              [
                -118.24942870847,
                34.0504878709197
              ],
              [
                -118.249379341985,
                34.0504404487689
              ],
              [
                -118.249336791462,
                34.0503886514163
              ],
              [
                -118.249301612681,
                34.0503331542528
              ],
              [
                -118.249274263399,
                34.0502746812327
              ],
              [
                -118.249255099745,
                34.0502139931824
              ],
              [
                -118.249244371733,
                34.0501518833039
              ]
            ]
          ],
          [
            [
              [
                -118.24703449285,
                34.0536361815657
              ],
              [
                -118.247109881218,
                34.0536361815657
              ],
              [
                -118.247184776758,
                34.0536433347732
              ],
              [
                -118.247258205504,
                34.0536575467595
              ],
              [
                -118.247329208778,
                34.0536786331636
              ],
              [
                -118.247396861178,
                34.0537063187927
              ],
              [
                -118.247460282268,
                34.053740243019
              ],
              [
                -118.247518642873,
                34.0537799633758
              ],
              [
                -118.247571183066,
                34.053824962753
              ],
              [
                -118.247617219361,
                34.053874652994
              ],
              [
                -118.247656149214,
                34.0539283874863
              ],
              [
                -118.247687467205,
                34.0539854656579
              ],
              [
                -118.247710764143,
                34.0540451428702
              ],
              [
                -118.247725735157,
                34.0541066412097
              ],
              [
                -118.247732187792,
                34.0541691602797
              ],
              [
                -118.247730034815,
                34.0542318825965
              ],
              [
                -118.247719306803,
                34.054293992475
              ],
              [
                -118.24770014225,
                34.0543546796259
              ],
              [
                -118.247672791168,
                34.0544131535454
              ],
              [
                -118.247637610589,
                34.0544686507088
              ],
              [
                -118.247595058267,
                34.0545204480614
              ],
              [
                -118.247545689984,
                34.0545678702122
              ],
              [
                -118.247490147854,
                34.054610299327
              ],
              [
                -118.247429157632,
                34.0546471823228
              ],
              [
                -118.247363513418,
                34.0546780380622
              ],
              [
                -118.247294071366,
                34.0547024645483
              ],
              [
                -118.247221737096,
                34.0547201425217
              ],
              [
                -118.247147452195,
                34.0547308426554
              ],
              [
                -118.247072187034,
                34.0547344246552
              ],
              [
                -118.246996921873,
                34.0547308426554
              ],
              [
                -118.246922636972,
                34.0547201425218
              ],
              [
                -118.246850302701,
                34.0547024645483
              ],
              [
                -118.24678086065,
                34.0546780380621
              ],
              [
                -118.246715216436,
                34.0546471823228
              ],
              [
                -118.246654226214,
                34.054610299327
              ],
              [
                -118.246598684084,
                34.0545678702122
              ],
              [
                -118.2465493158,
                34.0545204480614
              ],
              [
                -118.246506763478,
                34.0544686507088
              ],
              [
                -118.246471582899,
                34.0544131535454
              ],
              [
                -118.246444231818,
                34.0543546796259
              ],
              [
                -118.246425067265,
                34.054293992475
              ],
              [
                -118.246414339252,
                34.0542318825964
              ],
              [
                -118.246412186275,
                34.0541691602797
              ],
              [
                -118.246418638911,
                34.0541066412097
              ],
              [
                -118.246433609925,
                34.0540451428702
              ],
              [
                -118.246456906863,
                34.0539854656579
              ],
              [
                -118.246488224854,
                34.0539283874863
              ],
              [
                -118.246527154707,
                34.053874652994
              ],
              [
                -118.246573191002,
                34.053824962753
              ],
              [
                -118.246625731195,
                34.0537799633758
              ],
              [
                -118.246684091799,
                34.053740243019
              ],
              [
                -118.24674751289,
                34.0537063187927
              ],
              [
                -118.24681516529,
                34.0536786331636
              ],
              [
                -118.246886168564,
                34.0536575467596
              ],
              [
                -118.24695959731,
                34.0536433347732
              ],
              [
                -118.24703449285,
                34.0536361815657
              ]
            ]
          ],
          [
            [
              [
                -118.246016494468,
                34.0543421826468
              ],
              [
                -118.246091882836,
                34.0543421826467
              ],
              [
                -118.246166779276,
                34.0543493358543
              ],
              [
                -118.246240208921,
                34.0543635478406
              ],
              [
                -118.246311212195,
                34.0543846342447
              ],
              [
                -118.246378865494,
                34.0544123198738
              ],
              [
                -118.246442286584,
                34.0544462441
              ],
              [
                -118.246500648089,
                34.0544859653562
              ],
              [
                -118.24655318918,
                34.0545309638341
              ],
              [
                -118.246599225476,
                34.054580654075
              ],
              [
                -118.246638156228,
                34.0546343885673
              ],
              [
                -118.246669474219,
                34.054691466739
              ],
              [
                -118.246692771157,
                34.0547511439513
              ],
              [
                -118.24670774307,
                34.0548126422908
              ],
              [
                -118.246714194806,
                34.0548751613608
              ],
              [
                -118.246712041829,
                34.0549378836775
              ],
              [
                -118.246701313817,
                34.0549999935561
              ],
              [
                -118.246682149264,
                34.055060680707
              ],
              [
                -118.246654798183,
                34.0551191546264
              ],
              [
                -118.246619616704,
                34.0551746517899
              ],
              [
                -118.246577064382,
                34.0552264491425
              ],
              [
                -118.246527695199,
                34.0552738712933
              ],
              [
                -118.24647215307,
                34.0553163004081
              ],
              [
                -118.246411161948,
                34.0553531834039
              ],
              [
                -118.246345517734,
                34.0553840391433
              ],
              [
                -118.246276074783,
                34.0554084656294
              ],
              [
                -118.246203739613,
                34.0554261436028
              ],
              [
                -118.246129454713,
                34.0554368437365
              ],
              [
                -118.246069085022,
                34.0554397170705
              ],
              [
                -118.246062799661,
                34.0554531538411
              ],
              [
                -118.246027618182,
                34.0555086510046
              ],
              [
                -118.24598506586,
                34.0555604483572
              ],
              [
                -118.245935696677,
                34.055607870508
              ],
              [
                -118.245880154548,
                34.0556502996228
              ],
              [
                -118.245819163426,
                34.0556871826185
              ],
              [
                -118.245807036068,
                34.0556928825217
              ],
              [
                -118.245800152657,
                34.0557146802894
              ],
              [
                -118.245772801576,
                34.0557731542089
              ],
              [
                -118.245737620097,
                34.0558286513723
              ],
              [
                -118.245695066876,
                34.0558804487249
              ],
              [
                -118.245645697693,
                34.0559278708757
              ],
              [
                -118.245590155563,
                34.0559702999905
              ],
              [
                -118.245529163542,
                34.0560071829863
              ],
              [
                -118.245463518429,
                34.0560380387257
              ],
              [
                -118.245394075478,
                34.0560624643124
              ],
              [
                -118.245321739409,
                34.0560801431852
              ],
              [
                -118.245247454509,
                34.0560908433189
              ],
              [
                -118.245172187549,
                34.0560944253187
              ],
              [
                -118.245096920589,
                34.0560908433189
              ],
              [
                -118.245022635688,
                34.0560801431852
              ],
              [
                -118.244950299619,
                34.0560624643124
              ],
              [
                -118.244880856668,
                34.0560380387257
              ],
              [
                -118.244815211555,
                34.0560071829863
              ],
              [
                -118.244754219534,
                34.0559702999905
              ],
              [
                -118.244698677404,
                34.0559278708757
              ],
              [
                -118.244649308221,
                34.0558804487249
              ],
              [
                -118.244606755,
                34.0558286513723
              ],
              [
                -118.244571573521,
                34.0557731542089
              ],
              [
                -118.24454422244,
                34.0557146802894
              ],
              [
                -118.244525057887,
                34.0556539931384
              ],
              [
                -118.244514328975,
                34.05559188326
              ],
              [
                -118.244512176898,
                34.0555291609432
              ],
              [
                -118.244518628634,
                34.0554666418732
              ],
              [
                -118.244533600547,
                34.0554051435337
              ],
              [
                -118.244556897485,
                34.0553454663214
              ],
              [
                -118.244588215476,
                34.0552883881498
              ],
              [
                -118.244627147127,
                34.0552346536575
              ],
              [
                -118.244673183423,
                34.0551849634165
              ],
              [
                -118.244725724515,
                34.0551399649386
              ],
              [
                -118.244784086918,
                34.0551002445818
              ],
              [
                -118.244826582583,
                34.0550775124184
              ],
              [
                -118.244846900966,
                34.0550254659536
              ],
              [
                -118.244878218957,
                34.054968387782
              ],
              [
                -118.244917149709,
                34.0549146532898
              ],
              [
                -118.244963186004,
                34.0548649630487
              ],
              [
                -118.245015727096,
                34.0548199645709
              ],
              [
                -118.2450740886,
                34.0547802433148
              ],
              [
                -118.24513750969,
                34.0547463190886
              ],
              [
                -118.245205163889,
                34.0547186334593
              ],
              [
                -118.245276168063,
                34.0546975470553
              ],
              [
                -118.245349596809,
                34.0546833350691
              ],
              [
                -118.245424494147,
                34.0546761818615
              ],
              [
                -118.245447289263,
                34.0546761818615
              ],
              [
                -118.245470221076,
                34.0546343885673
              ],
              [
                -118.245509151828,
                34.0545806540751
              ],
              [
                -118.245555188124,
                34.0545309638341
              ],
              [
                -118.245607729215,
                34.0544859653562
              ],
              [
                -118.24566609072,
                34.0544462441
              ],
              [
                -118.24572951181,
                34.0544123198738
              ],
              [
                -118.245797165109,
                34.0543846342447
              ],
              [
                -118.245868168383,
                34.0543635478406
              ],
              [
                -118.245941598028,
                34.0543493358543
              ],
              [
                -118.246016494468,
                34.0543421826468
              ]
            ]
          ],
          [
            [
              [
                -118.236698864263,
                34.0556171452163
              ],
              [
                -118.23677425443,
                34.0556171452163
              ],
              [
                -118.236849151769,
                34.0556242984238
              ],
              [
                -118.236922582313,
                34.0556385104101
              ],
              [
                -118.236993587386,
                34.0556595968141
              ],
              [
                -118.237061241585,
                34.0556872833426
              ],
              [
                -118.237124663574,
                34.0557212075688
              ],
              [
                -118.237183025079,
                34.0557609279257
              ],
              [
                -118.23723556707,
                34.0558059264036
              ],
              [
                -118.237281604265,
                34.0558556166446
              ],
              [
                -118.237320535916,
                34.0559093511368
              ],
              [
                -118.237351853907,
                34.0559664293084
              ],
              [
                -118.237375150845,
                34.0560261065208
              ],
              [
                -118.237390122758,
                34.0560876048602
              ],
              [
                -118.237396575394,
                34.0561501239303
              ],
              [
                -118.237394422417,
                34.056212846247
              ],
              [
                -118.237383694404,
                34.0562749561255
              ],
              [
                -118.237364528952,
                34.0563356432765
              ],
              [
                -118.237337177871,
                34.0563941171959
              ],
              [
                -118.237301995493,
                34.05644961346
              ],
              [
                -118.237259442272,
                34.0565014108126
              ],
              [
                -118.237210073089,
                34.0565488338628
              ],
              [
                -118.23715453006,
                34.0565912629776
              ],
              [
                -118.237093538038,
                34.0566281459733
              ],
              [
                -118.237027892925,
                34.0566590017127
              ],
              [
                -118.236958449075,
                34.0566834272995
              ],
              [
                -118.236886113006,
                34.0567011061722
              ],
              [
                -118.236811826307,
                34.056711806306
              ],
              [
                -118.236736559347,
                34.0567153883057
              ],
              [
                -118.236661292387,
                34.0567118063059
              ],
              [
                -118.236587005688,
                34.0567011061722
              ],
              [
                -118.236514669618,
                34.0566834272995
              ],
              [
                -118.236445225769,
                34.0566590017127
              ],
              [
                -118.236379580655,
                34.0566281459733
              ],
              [
                -118.236318588634,
                34.0565912629776
              ],
              [
                -118.236263045605,
                34.0565488338628
              ],
              [
                -118.236213676422,
                34.0565014108126
              ],
              [
                -118.236171123201,
                34.0564496134601
              ],
              [
                -118.236135940823,
                34.0563941171959
              ],
              [
                -118.236108589742,
                34.0563356432765
              ],
              [
                -118.23608942429,
                34.0562749561255
              ],
              [
                -118.236078696277,
                34.056212846247
              ],
              [
                -118.2360765433,
                34.0561501239302
              ],
              [
                -118.236082995936,
                34.0560876048602
              ],
              [
                -118.236097967849,
                34.0560261065208
              ],
              [
                -118.236121264787,
                34.0559664293084
              ],
              [
                -118.236152582778,
                34.0559093511368
              ],
              [
                -118.236191514429,
                34.0558556166446
              ],
              [
                -118.236237551624,
                34.0558059264036
              ],
              [
                -118.236290093615,
                34.0557609279256
              ],
              [
                -118.236348455119,
                34.0557212075689
              ],
              [
                -118.236411877109,
                34.0556872833426
              ],
              [
                -118.236479531307,
                34.0556595968141
              ],
              [
                -118.23655053638,
                34.0556385104101
              ],
              [
                -118.236623966925,
                34.0556242984238
              ],
              [
                -118.236698864263,
                34.0556171452163
              ]
            ]
          ],
          [
            [
              [
                -118.234471672532,
                34.0566488717492
              ],
              [
                -118.234451831689,
                34.0566298133164
              ],
              [
                -118.234430076189,
                34.0566374656477
              ],
              [
                -118.23435774012,
                34.0566551445205
              ],
              [
                -118.234283453421,
                34.0566658446542
              ],
              [
                -118.234208186461,
                34.0566694266539
              ],
              [
                -118.234132919501,
                34.0566658446542
              ],
              [
                -118.234058632802,
                34.0566551445205
              ],
              [
                -118.233986296732,
                34.0566374656477
              ],
              [
                -118.233916852883,
                34.0566130400609
              ],
              [
                -118.233851207769,
                34.0565821843215
              ],
              [
                -118.233790215748,
                34.0565453013257
              ],
              [
                -118.233734672719,
                34.0565028722109
              ],
              [
                -118.233685303536,
                34.0564554491609
              ],
              [
                -118.233642750315,
                34.0564036518083
              ],
              [
                -118.233607568836,
                34.0563481555441
              ],
              [
                -118.233580216856,
                34.0562896816247
              ],
              [
                -118.233561052303,
                34.0562289944737
              ],
              [
                -118.233550323391,
                34.0561668845952
              ],
              [
                -118.233548171313,
                34.0561041622785
              ],
              [
                -118.23355462305,
                34.0560416432084
              ],
              [
                -118.233569594963,
                34.0559801448689
              ],
              [
                -118.233583034432,
                34.0559457188211
              ],
              [
                -118.233547452755,
                34.0559508440574
              ],
              [
                -118.233472185795,
                34.0559544260571
              ],
              [
                -118.233396918835,
                34.0559508440574
              ],
              [
                -118.233322633935,
                34.0559401439237
              ],
              [
                -118.233250297865,
                34.0559224650509
              ],
              [
                -118.233180854915,
                34.0558980394641
              ],
              [
                -118.233115209801,
                34.0558671837247
              ],
              [
                -118.233054218679,
                34.055830300729
              ],
              [
                -118.23299867655,
                34.0557878716142
              ],
              [
                -118.232949307367,
                34.0557404494633
              ],
              [
                -118.232906754146,
                34.0556886521108
              ],
              [
                -118.232871572667,
                34.0556331549473
              ],
              [
                -118.232844221586,
                34.0555746810279
              ],
              [
                -118.232825057033,
                34.0555139938769
              ],
              [
                -118.232814328121,
                34.0554518839984
              ],
              [
                -118.232812176043,
                34.0553891616817
              ],
              [
                -118.23281862778,
                34.0553266426116
              ],
              [
                -118.232833599693,
                34.0552651442722
              ],
              [
                -118.232856896631,
                34.0552054670598
              ],
              [
                -118.232888214622,
                34.0551483888882
              ],
              [
                -118.232913372256,
                34.0551136651647
              ],
              [
                -118.232938215129,
                34.0550683887963
              ],
              [
                -118.232977145881,
                34.055014654304
              ],
              [
                -118.233023182176,
                34.054964964063
              ],
              [
                -118.233075723268,
                34.0549199655851
              ],
              [
                -118.233134085672,
                34.054880244329
              ],
              [
                -118.233197506762,
                34.0548463201028
              ],
              [
                -118.233265160061,
                34.0548186344735
              ],
              [
                -118.233336164235,
                34.0547975480696
              ],
              [
                -118.23340959388,
                34.0547833360832
              ],
              [
                -118.233484491218,
                34.0547761828757
              ],
              [
                -118.233559879587,
                34.0547761828757
              ],
              [
                -118.233634776926,
                34.0547833360832
              ],
              [
                -118.233708206571,
                34.0547975480695
              ],
              [
                -118.233779210744,
                34.0548186344736
              ],
              [
                -118.233846864044,
                34.0548463201028
              ],
              [
                -118.233910285134,
                34.054880244329
              ],
              [
                -118.233968647537,
                34.0549199655851
              ],
              [
                -118.233992658536,
                34.054940529483
              ],
              [
                -118.233998631834,
                34.0548826428208
              ],
              [
                -118.234013603747,
                34.0548211444814
              ],
              [
                -118.234036900685,
                34.0547614672691
              ],
              [
                -118.234068218675,
                34.0547043890975
              ],
              [
                -118.234107149428,
                34.0546506546052
              ],
              [
                -118.234153184824,
                34.0546009643642
              ],
              [
                -118.234205726815,
                34.0545559658863
              ],
              [
                -118.234264088319,
                34.0545162446302
              ],
              [
                -118.23432750851,
                34.0544823204039
              ],
              [
                -118.234395161809,
                34.0544546347747
              ],
              [
                -118.234466165983,
                34.0544335483707
              ],
              [
                -118.234539595628,
                34.0544193363844
              ],
              [
                -118.234614492067,
                34.0544121831769
              ],
              [
                -118.234689880436,
                34.0544121831769
              ],
              [
                -118.234700351242,
                34.054413183223
              ],
              [
                -118.234702880136,
                34.054413183223
              ],
              [
                -118.234717879928,
                34.054413183223
              ],
              [
                -118.234792776368,
                34.0544203364305
              ],
              [
                -118.234866206013,
                34.0544345484168
              ],
              [
                -118.234937210186,
                34.0544556348209
              ],
              [
                -118.235004863486,
                34.05448332045
              ],
              [
                -118.235068283676,
                34.0545172446763
              ],
              [
                -118.235126645181,
                34.0545569659324
              ],
              [
                -118.235179187172,
                34.0546019644103
              ],
              [
                -118.235225222568,
                34.0546516546513
              ],
              [
                -118.23526415332,
                34.0547053891435
              ],
              [
                -118.235295471311,
                34.0547624673152
              ],
              [
                -118.235318768249,
                34.0548221445275
              ],
              [
                -118.235333740162,
                34.054883642867
              ],
              [
                -118.235340191898,
                34.054946161937
              ],
              [
                -118.235338039821,
                34.0550088842538
              ],
              [
                -118.235327310909,
                34.0550709941322
              ],
              [
                -118.235308146356,
                34.0551316812832
              ],
              [
                -118.235280795275,
                34.0551901552027
              ],
              [
                -118.235245613796,
                34.0552456523661
              ],
              [
                -118.235203061474,
                34.0552974497187
              ],
              [
                -118.235153692291,
                34.0553448718695
              ],
              [
                -118.235129539199,
                34.0553633232599
              ],
              [
                -118.235136865976,
                34.0553663215996
              ],
              [
                -118.235200287965,
                34.0554002458258
              ],
              [
                -118.235258650369,
                34.0554399661827
              ],
              [
                -118.23531119146,
                34.0554849646605
              ],
              [
                -118.23531232011,
                34.0554861832419
              ],
              [
                -118.235339880733,
                34.0554861832419
              ],
              [
                -118.235414778971,
                34.0554933364495
              ],
              [
                -118.235488208616,
                34.0555075484358
              ],
              [
                -118.235559213689,
                34.0555286348398
              ],
              [
                -118.235626867888,
                34.0555563213683
              ],
              [
                -118.235690289877,
                34.0555902455945
              ],
              [
                -118.235748652281,
                34.0556299659513
              ],
              [
                -118.235801194272,
                34.0556749644292
              ],
              [
                -118.235847230567,
                34.0557246546702
              ],
              [
                -118.235886162219,
                34.0557783891625
              ],
              [
                -118.23591748021,
                34.0558354673341
              ],
              [
                -118.235940777147,
                34.0558951445465
              ],
              [
                -118.235955749061,
                34.0559566428859
              ],
              [
                -118.235962201696,
                34.0560191619559
              ],
              [
                -118.235960048719,
                34.0560818842727
              ],
              [
                -118.235949320707,
                34.0561439941511
              ],
              [
                -118.235930155255,
                34.0562046813022
              ],
              [
                -118.235902803274,
                34.0562631552216
              ],
              [
                -118.235867621795,
                34.0563186523851
              ],
              [
                -118.235825069473,
                34.0563704488383
              ],
              [
                -118.235775699391,
                34.0564178718885
              ],
              [
                -118.235720156362,
                34.0564603010032
              ],
              [
                -118.23565916524,
                34.056497183999
              ],
              [
                -118.235593519228,
                34.0565280397385
              ],
              [
                -118.235524076277,
                34.0565524653252
              ],
              [
                -118.235504351447,
                34.0565572856913
              ],
              [
                -118.235468070097,
                34.0566014486991
              ],
              [
                -118.235418700015,
                34.0566488717492
              ],
              [
                -118.235363157886,
                34.056691300864
              ],
              [
                -118.235302165864,
                34.0567281838597
              ],
              [
                -118.235236519852,
                34.0567590395992
              ],
              [
                -118.235167076002,
                34.0567834651859
              ],
              [
                -118.235094739932,
                34.0568011440587
              ],
              [
                -118.235020453233,
                34.0568118441924
              ],
              [
                -118.234945186273,
                34.0568154261921
              ],
              [
                -118.234869919313,
                34.0568118441924
              ],
              [
                -118.234795632614,
                34.0568011440587
              ],
              [
                -118.234723296545,
                34.0567834651859
              ],
              [
                -118.234653852695,
                34.0567590395992
              ],
              [
                -118.234588206683,
                34.0567281838597
              ],
              [
                -118.234527214661,
                34.056691300864
              ],
              [
                -118.234471672532,
                34.0566488717492
              ]
            ]
          ],
          [
            [
              [
                -118.234267142417,
                34.0555346549015
              ],
              [
                -118.234313179612,
                34.0554849646606
              ],
              [
                -118.234353387401,
                34.0554505287201
              ],
              [
                -118.234295212056,
                34.0554231839339
              ],
              [
                -118.234234220935,
                34.0553863009382
              ],
              [
                -118.234180944197,
                34.055345602119
              ],
              [
                -118.234180042177,
                34.0553718839065
              ],
              [
                -118.234169314165,
                34.0554339937849
              ],
              [
                -118.234150148713,
                34.055494680936
              ],
              [
                -118.234122797631,
                34.0555531548553
              ],
              [
                -118.234107558619,
                34.0555771937337
              ],
              [
                -118.234170492277,
                34.0555711835644
              ],
              [
                -118.234240677168,
                34.0555711835644
              ],
              [
                -118.234267142417,
                34.0555346549015
              ]
            ]
          ],
          [
            [
              [
                -118.27566250812,
                34.0564263192204
              ],
              [
                -118.275730163219,
                34.0563986326919
              ],
              [
                -118.275801169191,
                34.0563775462879
              ],
              [
                -118.275874599735,
                34.0563633343017
              ],
              [
                -118.275949497973,
                34.0563561819934
              ],
              [
                -118.27602488814,
                34.0563561819934
              ],
              [
                -118.276099786378,
                34.0563633343016
              ],
              [
                -118.276173216923,
                34.0563775462879
              ],
              [
                -118.276244222895,
                34.0563986326919
              ],
              [
                -118.276245565583,
                34.0563991821777
              ],
              [
                -118.276257888093,
                34.0563991821777
              ],
              [
                -118.276332786331,
                34.0564063344859
              ],
              [
                -118.276406217775,
                34.0564205464722
              ],
              [
                -118.276477222848,
                34.0564416328763
              ],
              [
                -118.276544877946,
                34.0564693194047
              ],
              [
                -118.276608300835,
                34.0565032436309
              ],
              [
                -118.276666663238,
                34.0565429639877
              ],
              [
                -118.276719205229,
                34.0565879624656
              ],
              [
                -118.276765242424,
                34.0566376527066
              ],
              [
                -118.276804174075,
                34.0566913871989
              ],
              [
                -118.276835492966,
                34.0567484653706
              ],
              [
                -118.276858790803,
                34.0568081425829
              ],
              [
                -118.276873762716,
                34.0568696409224
              ],
              [
                -118.276880214452,
                34.0569321599923
              ],
              [
                -118.276878062375,
                34.0569948823091
              ],
              [
                -118.276867333463,
                34.0570569921876
              ],
              [
                -118.27684816891,
                34.0571176793386
              ],
              [
                -118.276820816929,
                34.057176153258
              ],
              [
                -118.276785634552,
                34.0572316495222
              ],
              [
                -118.27674308133,
                34.0572834468747
              ],
              [
                -118.276693711248,
                34.0573308699248
              ],
              [
                -118.27663816732,
                34.0573732990397
              ],
              [
                -118.276583678296,
                34.0574062493001
              ],
              [
                -118.276544082945,
                34.0574544466665
              ],
              [
                -118.276494712863,
                34.0575018697166
              ],
              [
                -118.276439168935,
                34.0575442988314
              ],
              [
                -118.276378176913,
                34.0575811818272
              ],
              [
                -118.276312530001,
                34.0576120375666
              ],
              [
                -118.276243086152,
                34.0576364631534
              ],
              [
                -118.276170749183,
                34.0576541420262
              ],
              [
                -118.276096461585,
                34.0576648421599
              ],
              [
                -118.276021193725,
                34.0576684241596
              ],
              [
                -118.275945925866,
                34.0576648421599
              ],
              [
                -118.275871638268,
                34.0576541420261
              ],
              [
                -118.275799301299,
                34.0576364631534
              ],
              [
                -118.275729857449,
                34.0576120375666
              ],
              [
                -118.275664210537,
                34.0575811818273
              ],
              [
                -118.275603218516,
                34.0575442988315
              ],
              [
                -118.275547674588,
                34.0575018697167
              ],
              [
                -118.275498304505,
                34.0574544466665
              ],
              [
                -118.275455751284,
                34.057402649314
              ],
              [
                -118.275420568906,
                34.0573471530499
              ],
              [
                -118.275393216926,
                34.0572886791304
              ],
              [
                -118.275374051473,
                34.0572279919794
              ],
              [
                -118.275363322561,
                34.0571658821009
              ],
              [
                -118.275361170484,
                34.0571031597841
              ],
              [
                -118.275363225435,
                34.0570832460961
              ],
              [
                -118.275359218056,
                34.0570746791543
              ],
              [
                -118.275340052603,
                34.0570139920033
              ],
              [
                -118.275329323691,
                34.0569518821248
              ],
              [
                -118.275327171614,
                34.056889159808
              ],
              [
                -118.27533362335,
                34.0568266407381
              ],
              [
                -118.275348596163,
                34.0567651423986
              ],
              [
                -118.2753718931,
                34.0567054651863
              ],
              [
                -118.275403211991,
                34.0566483870147
              ],
              [
                -118.275442143642,
                34.0565946525224
              ],
              [
                -118.275488180837,
                34.0565449622813
              ],
              [
                -118.275540722828,
                34.0564999638035
              ],
              [
                -118.275599086131,
                34.0564602434467
              ],
              [
                -118.27566250812,
                34.0564263192204
              ]
            ]
          ],
          [
            [
              [
                -118.446246007349,
                34.0578506537858
              ],
              [
                -118.446321399315,
                34.0578506537858
              ],
              [
                -118.446396298453,
                34.0578578060941
              ],
              [
                -118.446469730796,
                34.0578720180803
              ],
              [
                -118.446540737667,
                34.0578931053837
              ],
              [
                -118.446608393665,
                34.0579207910128
              ],
              [
                -118.446671817453,
                34.0579547152391
              ],
              [
                -118.446730180755,
                34.0579944355959
              ],
              [
                -118.446782724545,
                34.0580394340738
              ],
              [
                -118.446828762639,
                34.0580891243148
              ],
              [
                -118.44686769519,
                34.058142858807
              ],
              [
                -118.44689901408,
                34.0581999369787
              ],
              [
                -118.446922311917,
                34.058259614191
              ],
              [
                -118.446937283831,
                34.0583211125305
              ],
              [
                -118.446943736466,
                34.0583836316005
              ],
              [
                -118.446941584389,
                34.0584463539173
              ],
              [
                -118.446930855477,
                34.0585084637957
              ],
              [
                -118.446911689125,
                34.0585691509467
              ],
              [
                -118.446884337145,
                34.0586276248662
              ],
              [
                -118.446849154767,
                34.0586831211303
              ],
              [
                -118.446806600646,
                34.0587349184829
              ],
              [
                -118.446757229665,
                34.0587823415329
              ],
              [
                -118.446701684837,
                34.0588247706478
              ],
              [
                -118.446640691916,
                34.0588616527442
              ],
              [
                -118.446575044105,
                34.0588925084837
              ],
              [
                -118.446505599356,
                34.0589169349697
              ],
              [
                -118.446433260589,
                34.0589346138425
              ],
              [
                -118.44635897299,
                34.0589453139762
              ],
              [
                -118.446283703332,
                34.0589488959759
              ],
              [
                -118.446208433674,
                34.0589453139762
              ],
              [
                -118.446134146076,
                34.0589346138425
              ],
              [
                -118.446061807309,
                34.0589169349698
              ],
              [
                -118.44599236256,
                34.0588925084837
              ],
              [
                -118.445926714748,
                34.0588616527442
              ],
              [
                -118.445865721828,
                34.0588247706478
              ],
              [
                -118.445810177,
                34.058782341533
              ],
              [
                -118.445760806018,
                34.0587349184829
              ],
              [
                -118.445718251898,
                34.0586831211303
              ],
              [
                -118.44568306952,
                34.0586276248661
              ],
              [
                -118.445655717539,
                34.0585691509467
              ],
              [
                -118.445636551188,
                34.0585084637957
              ],
              [
                -118.445625822276,
                34.0584463539173
              ],
              [
                -118.445623670198,
                34.0583836316005
              ],
              [
                -118.445630122834,
                34.0583211125305
              ],
              [
                -118.445645094747,
                34.058259614191
              ],
              [
                -118.445668392584,
                34.0581999369787
              ],
              [
                -118.445699711475,
                34.058142858807
              ],
              [
                -118.445738644025,
                34.0580891243148
              ],
              [
                -118.445784682119,
                34.0580394340738
              ],
              [
                -118.445837225909,
                34.0579944355959
              ],
              [
                -118.445895589212,
                34.0579547152391
              ],
              [
                -118.445959013,
                34.0579207910128
              ],
              [
                -118.446026668998,
                34.0578931053836
              ],
              [
                -118.446097675869,
                34.0578720180803
              ],
              [
                -118.446171108212,
                34.0578578060941
              ],
              [
                -118.446246007349,
                34.0578506537858
              ]
            ]
          ],
          [
            [
              [
                -118.44418030328,
                34.059451436236
              ],
              [
                -118.444137155607,
                34.0594311556245
              ],
              [
                -118.444071779391,
                34.05944713298
              ],
              [
                -118.443997490894,
                34.0594578331137
              ],
              [
                -118.443922221236,
                34.0594614151133
              ],
              [
                -118.443846951578,
                34.0594578331137
              ],
              [
                -118.44377266308,
                34.0594471329799
              ],
              [
                -118.443700324313,
                34.0594294541072
              ],
              [
                -118.443630878664,
                34.0594050276211
              ],
              [
                -118.443565230853,
                34.0593741718817
              ],
              [
                -118.443504237033,
                34.0593372897852
              ],
              [
                -118.443448692205,
                34.0592948606705
              ],
              [
                -118.443399321224,
                34.0592474376203
              ],
              [
                -118.443356766204,
                34.0591956402677
              ],
              [
                -118.443321583826,
                34.0591401440036
              ],
              [
                -118.443294230946,
                34.0590816700842
              ],
              [
                -118.443275065494,
                34.0590209829332
              ],
              [
                -118.443264336582,
                34.0589588730547
              ],
              [
                -118.443262184504,
                34.0588961507379
              ],
              [
                -118.443268636241,
                34.0588336316679
              ],
              [
                -118.443283609053,
                34.0587721333285
              ],
              [
                -118.44330690689,
                34.0587124561161
              ],
              [
                -118.44333822668,
                34.0586553779445
              ],
              [
                -118.443377159231,
                34.0586016434522
              ],
              [
                -118.443423197325,
                34.0585519532112
              ],
              [
                -118.443475741115,
                34.0585069547333
              ],
              [
                -118.443534105317,
                34.0584672343765
              ],
              [
                -118.443597529105,
                34.0584333101503
              ],
              [
                -118.443665185102,
                34.058405624521
              ],
              [
                -118.443688899325,
                34.0583985828295
              ],
              [
                -118.443689381362,
                34.0583939081534
              ],
              [
                -118.443704354175,
                34.058332409814
              ],
              [
                -118.443727652012,
                34.0582727326017
              ],
              [
                -118.443758970902,
                34.0582156544301
              ],
              [
                -118.443797903453,
                34.0581619199378
              ],
              [
                -118.443843941547,
                34.0581122296969
              ],
              [
                -118.443896484437,
                34.0580672312189
              ],
              [
                -118.443954848639,
                34.0580275108621
              ],
              [
                -118.444018271528,
                34.0579935866359
              ],
              [
                -118.444085928425,
                34.0579659010067
              ],
              [
                -118.444156935296,
                34.0579448137034
              ],
              [
                -118.44423036674,
                34.0579306017171
              ],
              [
                -118.444305266777,
                34.0579234494088
              ],
              [
                -118.444380658743,
                34.0579234494088
              ],
              [
                -118.444455558779,
                34.0579306017171
              ],
              [
                -118.444528990223,
                34.0579448137033
              ],
              [
                -118.444599997094,
                34.0579659010067
              ],
              [
                -118.444667653991,
                34.0579935866359
              ],
              [
                -118.44473107688,
                34.0580275108621
              ],
              [
                -118.444789441082,
                34.0580672312189
              ],
              [
                -118.444841983973,
                34.0581122296968
              ],
              [
                -118.444888022067,
                34.0581619199378
              ],
              [
                -118.444926954617,
                34.0582156544301
              ],
              [
                -118.444958273508,
                34.0582727326017
              ],
              [
                -118.444981571345,
                34.058332409814
              ],
              [
                -118.444996544157,
                34.0583939081535
              ],
              [
                -118.445002996793,
                34.0584564272235
              ],
              [
                -118.445000843816,
                34.0585191495403
              ],
              [
                -118.444990114904,
                34.0585812594187
              ],
              [
                -118.444981144167,
                34.0586096663042
              ],
              [
                -118.445016708756,
                34.0586480520671
              ],
              [
                -118.445055641307,
                34.0587017865593
              ],
              [
                -118.445086960197,
                34.058758864731
              ],
              [
                -118.445110258034,
                34.0588185419433
              ],
              [
                -118.445125230847,
                34.0588800402828
              ],
              [
                -118.445131683483,
                34.0589425593528
              ],
              [
                -118.445129530506,
                34.0590052816696
              ],
              [
                -118.445118801594,
                34.0590673915481
              ],
              [
                -118.445099636141,
                34.059128078699
              ],
              [
                -118.445072283261,
                34.0591865526184
              ],
              [
                -118.445037100884,
                34.0592420488826
              ],
              [
                -118.444994546763,
                34.0592938462352
              ],
              [
                -118.444945174882,
                34.0593412692853
              ],
              [
                -118.444889630054,
                34.0593836984001
              ],
              [
                -118.444828636235,
                34.0594205804965
              ],
              [
                -118.444762988423,
                34.0594514362359
              ],
              [
                -118.444693542775,
                34.0594758627221
              ],
              [
                -118.444621204007,
                34.0594935415948
              ],
              [
                -118.44454691551,
                34.0595042417285
              ],
              [
                -118.444471645852,
                34.0595078237282
              ],
              [
                -118.444396376194,
                34.0595042417285
              ],
              [
                -118.444322087696,
                34.0594935415948
              ],
              [
                -118.444249748929,
                34.059475862722
              ],
              [
                -118.44418030328,
                34.059451436236
              ]
            ]
          ],
          [
            [
              [
                -118.415812520334,
                34.058427174076
              ],
              [
                -118.415887912299,
                34.058427174076
              ],
              [
                -118.415962812336,
                34.0584343263842
              ],
              [
                -118.416036244679,
                34.0584485392698
              ],
              [
                -118.41610725245,
                34.0584696256739
              ],
              [
                -118.416174909347,
                34.0584973113031
              ],
              [
                -118.416238333135,
                34.0585312355293
              ],
              [
                -118.416296697337,
                34.058570955886
              ],
              [
                -118.416349241127,
                34.0586159543639
              ],
              [
                -118.416395279221,
                34.058665644605
              ],
              [
                -118.416434211772,
                34.0587193790973
              ],
              [
                -118.416465531561,
                34.0587764572689
              ],
              [
                -118.416488829398,
                34.0588361344812
              ],
              [
                -118.416503801312,
                34.0588976328206
              ],
              [
                -118.416510253947,
                34.0589601518906
              ],
              [
                -118.41650810097,
                34.0590228742074
              ],
              [
                -118.416497372058,
                34.0590849840859
              ],
              [
                -118.416478206606,
                34.0591456712369
              ],
              [
                -118.416450854625,
                34.0592041451563
              ],
              [
                -118.416415671348,
                34.0592596414205
              ],
              [
                -118.416373117228,
                34.0593114387731
              ],
              [
                -118.416352204393,
                34.0593315260303
              ],
              [
                -118.416329045051,
                34.0593680573911
              ],
              [
                -118.416286490032,
                34.0594198547437
              ],
              [
                -118.41623711905,
                34.0594672777938
              ],
              [
                -118.416181574222,
                34.0595097069086
              ],
              [
                -118.416120580403,
                34.0595465890051
              ],
              [
                -118.416054932591,
                34.0595774447445
              ],
              [
                -118.415985486043,
                34.0596018712305
              ],
              [
                -118.415913147276,
                34.0596195501033
              ],
              [
                -118.415838858778,
                34.059630250237
              ],
              [
                -118.41576358912,
                34.0596338322368
              ],
              [
                -118.415688319462,
                34.059630250237
              ],
              [
                -118.415614030965,
                34.0596195501033
              ],
              [
                -118.415541692197,
                34.0596018712305
              ],
              [
                -118.41547224565,
                34.0595774447444
              ],
              [
                -118.415406597838,
                34.0595465890051
              ],
              [
                -118.415345604018,
                34.0595097069086
              ],
              [
                -118.415290059191,
                34.0594672777938
              ],
              [
                -118.415240688209,
                34.0594198547437
              ],
              [
                -118.415198133189,
                34.0593680573911
              ],
              [
                -118.415162950812,
                34.059312561127
              ],
              [
                -118.415135597932,
                34.0592540872075
              ],
              [
                -118.415116432479,
                34.0591934000565
              ],
              [
                -118.415105703567,
                34.059131290178
              ],
              [
                -118.41510355059,
                34.0590685678612
              ],
              [
                -118.415110003226,
                34.0590060487913
              ],
              [
                -118.415124976039,
                34.0589445504518
              ],
              [
                -118.415148273876,
                34.0588848732394
              ],
              [
                -118.415179592766,
                34.0588277950679
              ],
              [
                -118.415218525317,
                34.0587740605756
              ],
              [
                -118.415261910411,
                34.0587272346753
              ],
              [
                -118.415266220862,
                34.0587193790973
              ],
              [
                -118.415305153412,
                34.058665644605
              ],
              [
                -118.415351191506,
                34.0586159543639
              ],
              [
                -118.415403735296,
                34.0585709558861
              ],
              [
                -118.415462099498,
                34.0585312355293
              ],
              [
                -118.415525523286,
                34.058497311303
              ],
              [
                -118.415593180183,
                34.0584696256739
              ],
              [
                -118.415664187954,
                34.0584485392698
              ],
              [
                -118.415737620297,
                34.0584343263842
              ],
              [
                -118.415812520334,
                34.058427174076
              ]
            ]
          ],
          [
            [
              [
                -118.301033200524,
                34.0621522972919
              ],
              [
                -118.300996444333,
                34.0621242213568
              ],
              [
                -118.300992196835,
                34.0621244237044
              ],
              [
                -118.300916924479,
                34.0621208408053
              ],
              [
                -118.300842634182,
                34.0621101406716
              ],
              [
                -118.300770292717,
                34.0620924626981
              ],
              [
                -118.30070084527,
                34.0620680362121
              ],
              [
                -118.300635194761,
                34.0620371804727
              ],
              [
                -118.300574199142,
                34.0620002974769
              ],
              [
                -118.300518653415,
                34.0619578683621
              ],
              [
                -118.300469280635,
                34.0619104462113
              ],
              [
                -118.300426724716,
                34.0618586488587
              ],
              [
                -118.300391540539,
                34.0618031516953
              ],
              [
                -118.300364187659,
                34.0617446786751
              ],
              [
                -118.300345021308,
                34.0616839915242
              ],
              [
                -118.30034174238,
                34.061665013131
              ],
              [
                -118.300321542707,
                34.0616331510502
              ],
              [
                -118.300294189827,
                34.0615746780302
              ],
              [
                -118.300275023476,
                34.0615139908791
              ],
              [
                -118.300264294564,
                34.0614518810007
              ],
              [
                -118.300262141587,
                34.0613891586839
              ],
              [
                -118.300268594222,
                34.0613266405133
              ],
              [
                -118.300283567035,
                34.0612651412744
              ],
              [
                -118.300306865771,
                34.0612054640621
              ],
              [
                -118.30033818646,
                34.0611483858904
              ],
              [
                -118.30037711991,
                34.0610946522975
              ],
              [
                -118.300423158904,
                34.0610449611572
              ],
              [
                -118.300475704492,
                34.0609999626793
              ],
              [
                -118.300534070493,
                34.0609602423224
              ],
              [
                -118.30059749608,
                34.0609263180963
              ],
              [
                -118.300665154775,
                34.0608986324671
              ],
              [
                -118.300736164345,
                34.060877546063
              ],
              [
                -118.300809598486,
                34.0608633331774
              ],
              [
                -118.300884501221,
                34.0608561808692
              ],
              [
                -118.300959894985,
                34.0608561808692
              ],
              [
                -118.30103479772,
                34.0608633331774
              ],
              [
                -118.301108231862,
                34.060877546063
              ],
              [
                -118.301179241431,
                34.0608986324671
              ],
              [
                -118.301246900126,
                34.0609263180962
              ],
              [
                -118.301310325713,
                34.0609602423224
              ],
              [
                -118.301368691714,
                34.0609999626793
              ],
              [
                -118.301421237302,
                34.0610449611572
              ],
              [
                -118.301467276296,
                34.0610946522975
              ],
              [
                -118.301506209746,
                34.0611483858904
              ],
              [
                -118.301524421017,
                34.0611815735719
              ],
              [
                -118.301563797833,
                34.0611853336374
              ],
              [
                -118.301637232874,
                34.061199546523
              ],
              [
                -118.301708242444,
                34.061220632927
              ],
              [
                -118.301775901139,
                34.0612483185562
              ],
              [
                -118.301839327625,
                34.0612822427824
              ],
              [
                -118.301897693626,
                34.0613219631392
              ],
              [
                -118.301950239214,
                34.0613669616172
              ],
              [
                -118.301996278208,
                34.0614166527575
              ],
              [
                -118.302035212557,
                34.0614703872497
              ],
              [
                -118.302066533246,
                34.061527464522
              ],
              [
                -118.302089831982,
                34.0615871417344
              ],
              [
                -118.302104804795,
                34.0616486409732
              ],
              [
                -118.302111257431,
                34.0617111591439
              ],
              [
                -118.302109104454,
                34.0617738814606
              ],
              [
                -118.302098375542,
                34.0618359913391
              ],
              [
                -118.30207920919,
                34.0618966784901
              ],
              [
                -118.302051855411,
                34.0619551515102
              ],
              [
                -118.302016671235,
                34.0620106486737
              ],
              [
                -118.301974115315,
                34.0620624460262
              ],
              [
                -118.301924742535,
                34.0621098681771
              ],
              [
                -118.301869195909,
                34.0621522972919
              ],
              [
                -118.30180820029,
                34.0621891802876
              ],
              [
                -118.30174255068,
                34.062220036027
              ],
              [
                -118.301673102334,
                34.0622444625131
              ],
              [
                -118.301600761768,
                34.0622621404866
              ],
              [
                -118.301526470572,
                34.0622728406202
              ],
              [
                -118.301451198216,
                34.0622764235193
              ],
              [
                -118.30137592586,
                34.0622728406202
              ],
              [
                -118.301301634665,
                34.0622621404866
              ],
              [
                -118.301229294099,
                34.0622444625131
              ],
              [
                -118.301159845752,
                34.062220036027
              ],
              [
                -118.301094196142,
                34.0621891802876
              ],
              [
                -118.301033200524,
                34.0621522972919
              ]
            ]
          ],
          [
            [
              [
                -118.30873150156,
                34.0611211804992
              ],
              [
                -118.308806895324,
                34.0611211804992
              ],
              [
                -118.308881798059,
                34.0611283328075
              ],
              [
                -118.3089552331,
                34.0611425456931
              ],
              [
                -118.309026242669,
                34.0611636320971
              ],
              [
                -118.309093901365,
                34.0611913177263
              ],
              [
                -118.309157326951,
                34.0612252419525
              ],
              [
                -118.309215692952,
                34.0612649623093
              ],
              [
                -118.30926823854,
                34.0613099607872
              ],
              [
                -118.309314278433,
                34.0613596519276
              ],
              [
                -118.309353211883,
                34.0614133864198
              ],
              [
                -118.309384532572,
                34.0614704636921
              ],
              [
                -118.309407831308,
                34.0615301409044
              ],
              [
                -118.309422804121,
                34.0615916401432
              ],
              [
                -118.309429256757,
                34.0616541583139
              ],
              [
                -118.309427104679,
                34.0617168806307
              ],
              [
                -118.309416374868,
                34.0617789905092
              ],
              [
                -118.309413774928,
                34.0617872229032
              ],
              [
                -118.309425806058,
                34.0618366406496
              ],
              [
                -118.309432258694,
                34.0618991588203
              ],
              [
                -118.309431604887,
                34.0619182073605
              ],
              [
                -118.309457536838,
                34.0619654640361
              ],
              [
                -118.309480835574,
                34.0620251412484
              ],
              [
                -118.309495809286,
                34.0620866404873
              ],
              [
                -118.309502261023,
                34.0621491586579
              ],
              [
                -118.309500108945,
                34.0622118809747
              ],
              [
                -118.309489379134,
                34.0622739908531
              ],
              [
                -118.309470212782,
                34.0623346780041
              ],
              [
                -118.309442859902,
                34.0623931510243
              ],
              [
                -118.309407675726,
                34.0624486481877
              ],
              [
                -118.309365118907,
                34.0625004455403
              ],
              [
                -118.309315746127,
                34.0625478676911
              ],
              [
                -118.309260199501,
                34.0625902968059
              ],
              [
                -118.309199202983,
                34.0626271798017
              ],
              [
                -118.309133553373,
                34.0626580355411
              ],
              [
                -118.309064104127,
                34.0626824620271
              ],
              [
                -118.308991762662,
                34.0627001400006
              ],
              [
                -118.308917471466,
                34.0627108401343
              ],
              [
                -118.30884219911,
                34.0627144230334
              ],
              [
                -118.308766926754,
                34.0627108401343
              ],
              [
                -118.308692635559,
                34.0627001400006
              ],
              [
                -118.308620294093,
                34.0626824620271
              ],
              [
                -118.308550844848,
                34.0626580355411
              ],
              [
                -118.308485195238,
                34.0626271798017
              ],
              [
                -118.30842419872,
                34.0625902968059
              ],
              [
                -118.308368652094,
                34.0625478676911
              ],
              [
                -118.308319279313,
                34.0625004455403
              ],
              [
                -118.308276722495,
                34.0624486481877
              ],
              [
                -118.308241538318,
                34.0623931510243
              ],
              [
                -118.308214185438,
                34.0623346780041
              ],
              [
                -118.308195019087,
                34.0622739908531
              ],
              [
                -118.308184289276,
                34.0622118809747
              ],
              [
                -118.308182525705,
                34.0621604802231
              ],
              [
                -118.308171539587,
                34.0621431511866
              ],
              [
                -118.308144186707,
                34.0620846781665
              ],
              [
                -118.308125020356,
                34.0620239910155
              ],
              [
                -118.308114290544,
                34.0619618811371
              ],
              [
                -118.308112138466,
                34.0618991588203
              ],
              [
                -118.308118591102,
                34.0618366406496
              ],
              [
                -118.308128010601,
                34.0617979518152
              ],
              [
                -118.308122022016,
                34.0617789905092
              ],
              [
                -118.308111292205,
                34.0617168806307
              ],
              [
                -118.308109140127,
                34.0616541583139
              ],
              [
                -118.308115592763,
                34.0615916401432
              ],
              [
                -118.308130565575,
                34.0615301409045
              ],
              [
                -118.308153864312,
                34.0614704636921
              ],
              [
                -118.308185185,
                34.0614133864198
              ],
              [
                -118.30822411845,
                34.0613596519276
              ],
              [
                -118.308270158343,
                34.0613099607872
              ],
              [
                -118.308322703932,
                34.0612649623093
              ],
              [
                -118.308381069933,
                34.0612252419525
              ],
              [
                -118.308444495519,
                34.0611913177263
              ],
              [
                -118.308512154215,
                34.0611636320971
              ],
              [
                -118.308583163784,
                34.0611425456931
              ],
              [
                -118.308656598825,
                34.0611283328075
              ],
              [
                -118.30873150156,
                34.0611211804992
              ]
            ]
          ],
          [
            [
              [
                -118.344046507742,
                34.0616581782834
              ],
              [
                -118.344121901507,
                34.0616581782835
              ],
              [
                -118.344196805141,
                34.061665331491
              ],
              [
                -118.344270240182,
                34.0616795434773
              ],
              [
                -118.34434125065,
                34.0617006298813
              ],
              [
                -118.344408909346,
                34.0617283155105
              ],
              [
                -118.344472335832,
                34.0617622397367
              ],
              [
                -118.344530702732,
                34.0618019600936
              ],
              [
                -118.34458324832,
                34.0618469585715
              ],
              [
                -118.344629288213,
                34.0618966497118
              ],
              [
                -118.344668222563,
                34.0619503842041
              ],
              [
                -118.344699542352,
                34.0620074614763
              ],
              [
                -118.344722841988,
                34.0620671386887
              ],
              [
                -118.344725706328,
                34.0620789027203
              ],
              [
                -118.344762438238,
                34.062103900276
              ],
              [
                -118.344814984726,
                34.0621488987539
              ],
              [
                -118.344861024619,
                34.0621985898942
              ],
              [
                -118.344899958968,
                34.0622523243864
              ],
              [
                -118.344931279657,
                34.0623094016587
              ],
              [
                -118.344954578393,
                34.0623690788711
              ],
              [
                -118.344969552105,
                34.0624305781098
              ],
              [
                -118.344976003842,
                34.0624930962805
              ],
              [
                -118.344973851764,
                34.0625558185973
              ],
              [
                -118.344963121953,
                34.0626179284758
              ],
              [
                -118.344943955601,
                34.0626786156268
              ],
              [
                -118.344916601822,
                34.0627370886469
              ],
              [
                -118.344881417645,
                34.0627925858103
              ],
              [
                -118.344838861726,
                34.0628443831629
              ],
              [
                -118.344789488047,
                34.0628918053137
              ],
              [
                -118.34473394142,
                34.0629342344285
              ],
              [
                -118.344672944903,
                34.0629711174243
              ],
              [
                -118.344607294393,
                34.0630019731637
              ],
              [
                -118.344537845148,
                34.0630263996498
              ],
              [
                -118.344465503682,
                34.0630440776232
              ],
              [
                -118.344391212487,
                34.063054777757
              ],
              [
                -118.344315939231,
                34.0630583597566
              ],
              [
                -118.344240665976,
                34.0630547777569
              ],
              [
                -118.344166374781,
                34.0630440776232
              ],
              [
                -118.344094033315,
                34.0630263996498
              ],
              [
                -118.344024584069,
                34.0630019731637
              ],
              [
                -118.34395893356,
                34.0629711174243
              ],
              [
                -118.343897937042,
                34.0629342344285
              ],
              [
                -118.343842390416,
                34.0628918053137
              ],
              [
                -118.343793016736,
                34.0628443831629
              ],
              [
                -118.343750460817,
                34.0627925858103
              ],
              [
                -118.343715276641,
                34.0627370886469
              ],
              [
                -118.343697308186,
                34.0626986795016
              ],
              [
                -118.343662199553,
                34.0626821778414
              ],
              [
                -118.343601203935,
                34.0626452948456
              ],
              [
                -118.343545657308,
                34.0626028657308
              ],
              [
                -118.343496283629,
                34.06255544358
              ],
              [
                -118.343453727709,
                34.0625036462275
              ],
              [
                -118.343418543533,
                34.062448149064
              ],
              [
                -118.343391189754,
                34.0623896760439
              ],
              [
                -118.343372023402,
                34.0623289888929
              ],
              [
                -118.34336129449,
                34.0622668790144
              ],
              [
                -118.343359141513,
                34.0622041566976
              ],
              [
                -118.343365594149,
                34.062141638527
              ],
              [
                -118.343380566962,
                34.0620801392882
              ],
              [
                -118.343403865698,
                34.0620204620758
              ],
              [
                -118.343435186387,
                34.0619633848036
              ],
              [
                -118.343474120736,
                34.0619096503113
              ],
              [
                -118.343520160629,
                34.061859959171
              ],
              [
                -118.343572706218,
                34.0618149606931
              ],
              [
                -118.343631073118,
                34.0617752403362
              ],
              [
                -118.343694498704,
                34.06174131611
              ],
              [
                -118.343762158299,
                34.0617136304808
              ],
              [
                -118.343833168768,
                34.0616925440768
              ],
              [
                -118.343894097836,
                34.0616807521661
              ],
              [
                -118.343898169067,
                34.0616795434773
              ],
              [
                -118.343971604108,
                34.061665331491
              ],
              [
                -118.344046507742,
                34.0616581782834
              ]
            ]
          ],
          [
            [
              [
                -118.289653557068,
                34.0623651425385
              ],
              [
                -118.289676855804,
                34.0623054653261
              ],
              [
                -118.289708176493,
                34.0622483880538
              ],
              [
                -118.289747110843,
                34.0621946535616
              ],
              [
                -118.289793150735,
                34.0621449624212
              ],
              [
                -118.289845697223,
                34.0620999639433
              ],
              [
                -118.289904063224,
                34.0620602435866
              ],
              [
                -118.28996748971,
                34.0620263193603
              ],
              [
                -118.290035149305,
                34.0619986337311
              ],
              [
                -118.290106159774,
                34.0619775473271
              ],
              [
                -118.290179595714,
                34.0619633353408
              ],
              [
                -118.290254498448,
                34.0619561821333
              ],
              [
                -118.290329894012,
                34.0619561821333
              ],
              [
                -118.290404796746,
                34.0619633353408
              ],
              [
                -118.290478232686,
                34.0619775473271
              ],
              [
                -118.290549243155,
                34.0619986337311
              ],
              [
                -118.290558606896,
                34.0620024648431
              ],
              [
                -118.290607488647,
                34.0619763197525
              ],
              [
                -118.290675148242,
                34.0619486341234
              ],
              [
                -118.29074615871,
                34.0619275477193
              ],
              [
                -118.290819594651,
                34.061913335733
              ],
              [
                -118.290894497385,
                34.0619061825255
              ],
              [
                -118.290969892948,
                34.0619061825255
              ],
              [
                -118.291004094166,
                34.0619094488631
              ],
              [
                -118.291003296467,
                34.0619069235669
              ],
              [
                -118.290992566656,
                34.0618448136884
              ],
              [
                -118.290990414578,
                34.0617820913715
              ],
              [
                -118.290996867214,
                34.0617195732009
              ],
              [
                -118.291011840026,
                34.0616580739621
              ],
              [
                -118.291035138763,
                34.0615983967498
              ],
              [
                -118.291066459452,
                34.0615413194775
              ],
              [
                -118.291105392902,
                34.0614875849852
              ],
              [
                -118.291151432794,
                34.0614378938449
              ],
              [
                -118.291203978383,
                34.061392895367
              ],
              [
                -118.291262344384,
                34.0613531750102
              ],
              [
                -118.29132576997,
                34.061319250784
              ],
              [
                -118.291393428666,
                34.0612915651548
              ],
              [
                -118.291464439135,
                34.0612704787508
              ],
              [
                -118.291537874176,
                34.0612562658651
              ],
              [
                -118.29161277691,
                34.0612491135569
              ],
              [
                -118.291688170675,
                34.0612491135569
              ],
              [
                -118.291763073409,
                34.0612562658651
              ],
              [
                -118.29183650845,
                34.0612704787507
              ],
              [
                -118.291907518919,
                34.0612915651548
              ],
              [
                -118.291975177614,
                34.061319250784
              ],
              [
                -118.292038603201,
                34.0613531750102
              ],
              [
                -118.292096969202,
                34.061392895367
              ],
              [
                -118.29214951479,
                34.0614378938449
              ],
              [
                -118.292195554683,
                34.0614875849852
              ],
              [
                -118.292234488133,
                34.0615413194775
              ],
              [
                -118.292265808822,
                34.0615983967498
              ],
              [
                -118.292289107558,
                34.0616580739621
              ],
              [
                -118.292304080371,
                34.0617195732009
              ],
              [
                -118.292310533007,
                34.0617820913716
              ],
              [
                -118.292308380929,
                34.0618448136883
              ],
              [
                -118.292297651118,
                34.0619069235669
              ],
              [
                -118.292278484766,
                34.0619676107178
              ],
              [
                -118.292251131886,
                34.062026083738
              ],
              [
                -118.29221594771,
                34.0620815809013
              ],
              [
                -118.292173391791,
                34.0621333782539
              ],
              [
                -118.29212401901,
                34.0621808004048
              ],
              [
                -118.292068472384,
                34.0622232295195
              ],
              [
                -118.292007476766,
                34.0622601125154
              ],
              [
                -118.291941826256,
                34.0622909682547
              ],
              [
                -118.29187237791,
                34.0623153947408
              ],
              [
                -118.291800037344,
                34.0623330727142
              ],
              [
                -118.291725746148,
                34.062343772848
              ],
              [
                -118.291650473792,
                34.062347355747
              ],
              [
                -118.291577835551,
                34.0623438978538
              ],
              [
                -118.291585807141,
                34.0623766421695
              ],
              [
                -118.291592259777,
                34.0624391603401
              ],
              [
                -118.2915901068,
                34.0625018826569
              ],
              [
                -118.291579377888,
                34.0625639925354
              ],
              [
                -118.291560211537,
                34.0626246796864
              ],
              [
                -118.291532857757,
                34.0626831527065
              ],
              [
                -118.291497673581,
                34.0627386498699
              ],
              [
                -118.291455116762,
                34.0627904472225
              ],
              [
                -118.291405743982,
                34.0628378693733
              ],
              [
                -118.291350196457,
                34.0628802984881
              ],
              [
                -118.291289200838,
                34.0629171814839
              ],
              [
                -118.291273205496,
                34.0629246989169
              ],
              [
                -118.291265381394,
                34.0629699914731
              ],
              [
                -118.291246215043,
                34.0630306786241
              ],
              [
                -118.291218861264,
                34.0630891516442
              ],
              [
                -118.291183677087,
                34.0631446488077
              ],
              [
                -118.291141120269,
                34.0631964461602
              ],
              [
                -118.291091746589,
                34.063243868311
              ],
              [
                -118.291036199963,
                34.0632862974258
              ],
              [
                -118.290975203445,
                34.0633231804216
              ],
              [
                -118.290909552036,
                34.063354036161
              ],
              [
                -118.290840102791,
                34.0633784626471
              ],
              [
                -118.290767761325,
                34.0633961406206
              ],
              [
                -118.29069346923,
                34.0634068407543
              ],
              [
                -118.290618195975,
                34.063410422754
              ],
              [
                -118.29054292272,
                34.0634068407543
              ],
              [
                -118.290468630625,
                34.0633961406205
              ],
              [
                -118.29039628916,
                34.0633784626471
              ],
              [
                -118.290326839914,
                34.063354036161
              ],
              [
                -118.290261188505,
                34.0633231804216
              ],
              [
                -118.290200191987,
                34.0632862974258
              ],
              [
                -118.290144645361,
                34.063243868311
              ],
              [
                -118.290095271682,
                34.0631964461602
              ],
              [
                -118.290052714863,
                34.0631446488077
              ],
              [
                -118.290017530687,
                34.0630891516442
              ],
              [
                -118.289990176907,
                34.0630306786241
              ],
              [
                -118.289976212235,
                34.0629864607578
              ],
              [
                -118.289935190559,
                34.0629671810917
              ],
              [
                -118.289874194041,
                34.062930298096
              ],
              [
                -118.289818647415,
                34.0628878689811
              ],
              [
                -118.289769273735,
                34.0628404468303
              ],
              [
                -118.289726717816,
                34.0627886494778
              ],
              [
                -118.289691533639,
                34.0627331523143
              ],
              [
                -118.28966417986,
                34.0626746792942
              ],
              [
                -118.289645013509,
                34.0626139921432
              ],
              [
                -118.289634283697,
                34.0625518822648
              ],
              [
                -118.28963213162,
                34.0624891599479
              ],
              [
                -118.289638584255,
                34.0624266417772
              ],
              [
                -118.289653557068,
                34.0623651425385
              ]
            ]
          ],
          [
            [
              [
                -118.360760187635,
                34.0630926751879
              ],
              [
                -118.360743846054,
                34.0630409326941
              ],
              [
                -118.360682900797,
                34.063062368035
              ],
              [
                -118.360610558433,
                34.0630800460085
              ],
              [
                -118.360536267237,
                34.0630907461422
              ],
              [
                -118.360460993982,
                34.0630943281419
              ],
              [
                -118.360385720727,
                34.0630907461422
              ],
              [
                -118.360311429531,
                34.0630800460085
              ],
              [
                -118.360239087166,
                34.063062368035
              ],
              [
                -118.36016963882,
                34.0630379415489
              ],
              [
                -118.360103988311,
                34.0630070858095
              ],
              [
                -118.360042991793,
                34.0629702028138
              ],
              [
                -118.359987445167,
                34.0629277736989
              ],
              [
                -118.359938071487,
                34.0628803515482
              ],
              [
                -118.359895515568,
                34.0628285541956
              ],
              [
                -118.359860330492,
                34.0627730570321
              ],
              [
                -118.359832977612,
                34.062714584012
              ],
              [
                -118.359813810361,
                34.062653896861
              ],
              [
                -118.359803081449,
                34.0625917869825
              ],
              [
                -118.359800928472,
                34.0625290646658
              ],
              [
                -118.359807381108,
                34.0624665464951
              ],
              [
                -118.35982235482,
                34.0624050472563
              ],
              [
                -118.359845653556,
                34.062345370044
              ],
              [
                -118.359876974245,
                34.0622882927717
              ],
              [
                -118.359915908594,
                34.0622345582794
              ],
              [
                -118.359961948487,
                34.0621848671391
              ],
              [
                -118.360014494076,
                34.0621398686611
              ],
              [
                -118.360072860976,
                34.0621001483044
              ],
              [
                -118.360136287462,
                34.0620662240782
              ],
              [
                -118.360203947057,
                34.062038538449
              ],
              [
                -118.360274957525,
                34.062017452045
              ],
              [
                -118.360348392566,
                34.0620032400586
              ],
              [
                -118.3604232962,
                34.0619960868511
              ],
              [
                -118.360498691763,
                34.0619960868511
              ],
              [
                -118.360573595397,
                34.0620032400586
              ],
              [
                -118.360647030438,
                34.062017452045
              ],
              [
                -118.360718040907,
                34.062038538449
              ],
              [
                -118.360785700502,
                34.0620662240782
              ],
              [
                -118.360849126988,
                34.0621001483044
              ],
              [
                -118.360907493888,
                34.0621398686612
              ],
              [
                -118.360960039476,
                34.0621848671391
              ],
              [
                -118.361006079369,
                34.0622345582794
              ],
              [
                -118.361045013718,
                34.0622882927717
              ],
              [
                -118.361076334407,
                34.062345370044
              ],
              [
                -118.361099633144,
                34.0624050472563
              ],
              [
                -118.361105054257,
                34.0624273117721
              ],
              [
                -118.361131159777,
                34.0624166296249
              ],
              [
                -118.361202170246,
                34.0623955432209
              ],
              [
                -118.361275606186,
                34.0623813312346
              ],
              [
                -118.36135050982,
                34.0623741780271
              ],
              [
                -118.361425905383,
                34.0623741780271
              ],
              [
                -118.361500809017,
                34.0623813312346
              ],
              [
                -118.361574244958,
                34.0623955432209
              ],
              [
                -118.361645255426,
                34.0624166296249
              ],
              [
                -118.36171291592,
                34.0624443152541
              ],
              [
                -118.361776342406,
                34.0624782394803
              ],
              [
                -118.361834709306,
                34.0625179598372
              ],
              [
                -118.361887254895,
                34.062562958315
              ],
              [
                -118.361933295687,
                34.0626126494554
              ],
              [
                -118.361972230037,
                34.0626663839477
              ],
              [
                -118.362003550725,
                34.0627234612199
              ],
              [
                -118.362026849462,
                34.0627831384323
              ],
              [
                -118.362041823174,
                34.0628446376711
              ],
              [
                -118.362048275809,
                34.0629071558417
              ],
              [
                -118.362046122832,
                34.0629698781585
              ],
              [
                -118.36203539392,
                34.0630319880369
              ],
              [
                -118.362016227569,
                34.063092675188
              ],
              [
                -118.36198887379,
                34.0631511482081
              ],
              [
                -118.361953688714,
                34.0632066453715
              ],
              [
                -118.361911132795,
                34.0632584427241
              ],
              [
                -118.361861759115,
                34.0633058648749
              ],
              [
                -118.36180621159,
                34.0633482939897
              ],
              [
                -118.361745215072,
                34.0633851769854
              ],
              [
                -118.361679564562,
                34.0634160327249
              ],
              [
                -118.361610115317,
                34.063440459211
              ],
              [
                -118.361537772952,
                34.0634581371844
              ],
              [
                -118.361463480857,
                34.0634688373181
              ],
              [
                -118.361388207602,
                34.0634724193179
              ],
              [
                -118.361312934347,
                34.0634688373181
              ],
              [
                -118.361238642252,
                34.0634581371844
              ],
              [
                -118.361166299887,
                34.063440459211
              ],
              [
                -118.361096850641,
                34.0634160327249
              ],
              [
                -118.361031200132,
                34.0633851769855
              ],
              [
                -118.360970203614,
                34.0633482939897
              ],
              [
                -118.360914656089,
                34.0633058648749
              ],
              [
                -118.360865282409,
                34.0632584427241
              ],
              [
                -118.36082272649,
                34.0632066453715
              ],
              [
                -118.360787541414,
                34.0631511482081
              ],
              [
                -118.360760187635,
                34.0630926751879
              ]
            ]
          ],
          [
            [
              [
                -118.445420522341,
                34.069557174725
              ],
              [
                -118.4454959233,
                34.069557174725
              ],
              [
                -118.445570834129,
                34.0695643270332
              ],
              [
                -118.445644276364,
                34.0695785399189
              ],
              [
                -118.445715292229,
                34.0695996263229
              ],
              [
                -118.445782958119,
                34.069627311952
              ],
              [
                -118.445846390001,
                34.0696612361783
              ],
              [
                -118.445904762297,
                34.0697009565351
              ],
              [
                -118.445957312382,
                34.0697459550129
              ],
              [
                -118.446003356772,
                34.069795645254
              ],
              [
                -118.446042294718,
                34.0698493797462
              ],
              [
                -118.446073618105,
                34.0699064570186
              ],
              [
                -118.44609691864,
                34.0699661342309
              ],
              [
                -118.446111893251,
                34.0700276334697
              ],
              [
                -118.446118346786,
                34.0700901516403
              ],
              [
                -118.446116193809,
                34.0701528739571
              ],
              [
                -118.446105463099,
                34.0702149838356
              ],
              [
                -118.446086294949,
                34.0702756709866
              ],
              [
                -118.446058939371,
                34.0703341440067
              ],
              [
                -118.446023751597,
                34.0703896411702
              ],
              [
                -118.44598119208,
                34.0704414385227
              ],
              [
                -118.445931813904,
                34.0704888606735
              ],
              [
                -118.445876261882,
                34.0705312897884
              ],
              [
                -118.445815259968,
                34.0705681727841
              ],
              [
                -118.445749604063,
                34.0705990276242
              ],
              [
                -118.445680148522,
                34.0706234541103
              ],
              [
                -118.445607800762,
                34.0706411329831
              ],
              [
                -118.445533502371,
                34.0706518322175
              ],
              [
                -118.445458222821,
                34.0706554151165
              ],
              [
                -118.44538294327,
                34.0706518322174
              ],
              [
                -118.44530864488,
                34.0706411329831
              ],
              [
                -118.44523629712,
                34.0706234541103
              ],
              [
                -118.445166841579,
                34.0705990276241
              ],
              [
                -118.445101185673,
                34.0705681727841
              ],
              [
                -118.44504018376,
                34.0705312897883
              ],
              [
                -118.444984631737,
                34.0704888606735
              ],
              [
                -118.444935253561,
                34.0704414385227
              ],
              [
                -118.444892694045,
                34.0703896411702
              ],
              [
                -118.444857506271,
                34.0703341440067
              ],
              [
                -118.444830150693,
                34.0702756709866
              ],
              [
                -118.444810982543,
                34.0702149838356
              ],
              [
                -118.444800251832,
                34.0701528739571
              ],
              [
                -118.444798098855,
                34.0700901516404
              ],
              [
                -118.44480455239,
                34.0700276334697
              ],
              [
                -118.444819527002,
                34.0699661342309
              ],
              [
                -118.444842827537,
                34.0699064570186
              ],
              [
                -118.444874150923,
                34.0698493797462
              ],
              [
                -118.44491308887,
                34.069795645254
              ],
              [
                -118.44495913326,
                34.0697459550129
              ],
              [
                -118.445011683345,
                34.0697009565351
              ],
              [
                -118.445070055641,
                34.0696612361783
              ],
              [
                -118.445133487523,
                34.069627311952
              ],
              [
                -118.445201153413,
                34.0695996263228
              ],
              [
                -118.445272169277,
                34.0695785399189
              ],
              [
                -118.445345611513,
                34.0695643270332
              ],
              [
                -118.445420522341,
                34.069557174725
              ]
            ]
          ],
          [
            [
              [
                -118.291626489773,
                34.0760011841086
              ],
              [
                -118.291701897926,
                34.0760011841085
              ],
              [
                -118.291776813251,
                34.0760083373161
              ],
              [
                -118.291850260883,
                34.0760225493024
              ],
              [
                -118.291921283043,
                34.0760436357064
              ],
              [
                -118.291951950824,
                34.0760561830476
              ],
              [
                -118.291959900831,
                34.0760561839469
              ],
              [
                -118.292034816156,
                34.0760633371545
              ],
              [
                -118.292108263787,
                34.0760775491408
              ],
              [
                -118.292179285947,
                34.0760986355447
              ],
              [
                -118.292246957233,
                34.0761263211739
              ],
              [
                -118.292310393612,
                34.0761602454002
              ],
              [
                -118.292368770405,
                34.0761999657569
              ],
              [
                -118.292421324986,
                34.0762449642349
              ],
              [
                -118.292467372074,
                34.0762946544759
              ],
              [
                -118.292506312718,
                34.0763483889681
              ],
              [
                -118.292537638803,
                34.0764054671398
              ],
              [
                -118.292560942036,
                34.0764651443521
              ],
              [
                -118.292575917547,
                34.0765266426916
              ],
              [
                -118.292582371082,
                34.0765891608623
              ],
              [
                -118.292580218105,
                34.076651883179
              ],
              [
                -118.292569486495,
                34.0767139930575
              ],
              [
                -118.292550317445,
                34.0767746802085
              ],
              [
                -118.292522959169,
                34.0768331532286
              ],
              [
                -118.292487768698,
                34.0768886494928
              ],
              [
                -118.292445205584,
                34.0769404468453
              ],
              [
                -118.29239582381,
                34.0769878689961
              ],
              [
                -118.292340268191,
                34.0770302981109
              ],
              [
                -118.292279261781,
                34.0770671811067
              ],
              [
                -118.292213600479,
                34.0770980368461
              ],
              [
                -118.292144139543,
                34.0771224624329
              ],
              [
                -118.292071786386,
                34.0771401413056
              ],
              [
                -118.291997481701,
                34.0771508414393
              ],
              [
                -118.291922196754,
                34.0771544234391
              ],
              [
                -118.291846911808,
                34.0771508414393
              ],
              [
                -118.291772607122,
                34.0771401413057
              ],
              [
                -118.291700253966,
                34.0771224624329
              ],
              [
                -118.291630793029,
                34.0770980368461
              ],
              [
                -118.29163031369,
                34.0770978111162
              ],
              [
                -118.291588908903,
                34.077095841601
              ],
              [
                -118.291514604218,
                34.0770851414673
              ],
              [
                -118.291442251061,
                34.0770674625945
              ],
              [
                -118.291372791024,
                34.0770430370077
              ],
              [
                -118.291307129722,
                34.0770121812683
              ],
              [
                -118.291246123312,
                34.0769752982726
              ],
              [
                -118.291190566793,
                34.0769328691577
              ],
              [
                -118.29114118502,
                34.076885447007
              ],
              [
                -118.291098621906,
                34.0768336496544
              ],
              [
                -118.291063432334,
                34.0767781533902
              ],
              [
                -118.291036074058,
                34.0767196803701
              ],
              [
                -118.291016904109,
                34.0766589932191
              ],
              [
                -118.291006172499,
                34.0765968833406
              ],
              [
                -118.291004020421,
                34.0765341610239
              ],
              [
                -118.291010473956,
                34.0764716428532
              ],
              [
                -118.291025449467,
                34.0764101445138
              ],
              [
                -118.291048751801,
                34.0763504673014
              ],
              [
                -118.291080077885,
                34.0762933891297
              ],
              [
                -118.29111901853,
                34.0762396546375
              ],
              [
                -118.291165066517,
                34.0761899643965
              ],
              [
                -118.291217621098,
                34.0761449659186
              ],
              [
                -118.291275996992,
                34.0761052455618
              ],
              [
                -118.29133943427,
                34.0760713213356
              ],
              [
                -118.291407104656,
                34.0760436357064
              ],
              [
                -118.291478126816,
                34.0760225493024
              ],
              [
                -118.291551574448,
                34.0760083373161
              ],
              [
                -118.291626489773,
                34.0760011841086
              ]
            ]
          ],
          [
            [
              [
                -118.291914488665,
                34.0885561875192
              ],
              [
                -118.29198990761,
                34.0885561875191
              ],
              [
                -118.292064834627,
                34.0885633398275
              ],
              [
                -118.29213829305,
                34.0885775518137
              ],
              [
                -118.292209325102,
                34.0885986382177
              ],
              [
                -118.292277006281,
                34.0886263238469
              ],
              [
                -118.292340452552,
                34.0886602480731
              ],
              [
                -118.292398837439,
                34.08869996843
              ],
              [
                -118.292451399215,
                34.0887449669079
              ],
              [
                -118.292497454396,
                34.0887946571489
              ],
              [
                -118.292536400437,
                34.0888483916411
              ],
              [
                -118.292567731018,
                34.0889054689134
              ],
              [
                -118.292591036949,
                34.0889651461257
              ],
              [
                -118.292606015158,
                34.0890266444652
              ],
              [
                -118.292612469592,
                34.0890891626359
              ],
              [
                -118.292610316615,
                34.0891518849527
              ],
              [
                -118.292607896539,
                34.0891658882962
              ],
              [
                -118.292631038794,
                34.0892251455252
              ],
              [
                -118.292646017002,
                34.0892866438647
              ],
              [
                -118.292652471437,
                34.0893491620354
              ],
              [
                -118.29265031846,
                34.0894118843521
              ],
              [
                -118.292639585051,
                34.0894739942306
              ],
              [
                -118.292620413304,
                34.0895346804823
              ],
              [
                -118.292593050531,
                34.0895931535024
              ],
              [
                -118.292557855563,
                34.0896486506659
              ],
              [
                -118.292515285254,
                34.0897004471191
              ],
              [
                -118.292465896286,
                34.0897478692699
              ],
              [
                -118.292410331674,
                34.0897902983847
              ],
              [
                -118.292378664746,
                34.0898094404545
              ],
              [
                -118.2923860212,
                34.0898396441854
              ],
              [
                -118.292392475634,
                34.0899021623561
              ],
              [
                -118.29239120759,
                34.089939112801
              ],
              [
                -118.292421406825,
                34.0899649665112
              ],
              [
                -118.292467462006,
                34.0900146567521
              ],
              [
                -118.292506408946,
                34.0900683912444
              ],
              [
                -118.292537740426,
                34.0901254685168
              ],
              [
                -118.292561046357,
                34.0901851457291
              ],
              [
                -118.292576024566,
                34.0902466440685
              ],
              [
                -118.292580168642,
                34.0902867871067
              ],
              [
                -118.292587463043,
                34.090294657074
              ],
              [
                -118.292626409983,
                34.0903483915661
              ],
              [
                -118.292657741464,
                34.0904054688385
              ],
              [
                -118.292681048294,
                34.0904651460509
              ],
              [
                -118.292696026503,
                34.0905266443903
              ],
              [
                -118.292702480937,
                34.090589162561
              ],
              [
                -118.292700327061,
                34.0906518848777
              ],
              [
                -118.292689594551,
                34.0907139947562
              ],
              [
                -118.292670421905,
                34.0907746810079
              ],
              [
                -118.292643059132,
                34.090833154028
              ],
              [
                -118.292607863264,
                34.0908886511915
              ],
              [
                -118.292565292956,
                34.0909404476447
              ],
              [
                -118.292515903089,
                34.0909878697955
              ],
              [
                -118.292460337577,
                34.0910302989104
              ],
              [
                -118.292399321274,
                34.0910671819061
              ],
              [
                -118.292356884065,
                34.0910871207751
              ],
              [
                -118.292347728967,
                34.091106684627
              ],
              [
                -118.292312533099,
                34.0911621817904
              ],
              [
                -118.292269962791,
                34.0912139782437
              ],
              [
                -118.292220572923,
                34.0912614003945
              ],
              [
                -118.292165007411,
                34.0913038295093
              ],
              [
                -118.292103990209,
                34.0913407125051
              ],
              [
                -118.292038318116,
                34.0913715682445
              ],
              [
                -118.291968846387,
                34.0913959938312
              ],
              [
                -118.29189648064,
                34.091413672704
              ],
              [
                -118.291822164264,
                34.0914243719384
              ],
              [
                -118.291746865827,
                34.0914279548374
              ],
              [
                -118.291671567391,
                34.0914243719384
              ],
              [
                -118.291597251014,
                34.091413672704
              ],
              [
                -118.291524885267,
                34.0913959938312
              ],
              [
                -118.291455413539,
                34.0913715682445
              ],
              [
                -118.291389741446,
                34.0913407125051
              ],
              [
                -118.291328724243,
                34.0913038295093
              ],
              [
                -118.291273158731,
                34.0912614003945
              ],
              [
                -118.291223768864,
                34.0912139782436
              ],
              [
                -118.291181198556,
                34.0911621817904
              ],
              [
                -118.291146002688,
                34.0911066846269
              ],
              [
                -118.291118639915,
                34.0910482116068
              ],
              [
                -118.291099467269,
                34.0909875253552
              ],
              [
                -118.29108873386,
                34.0909254154767
              ],
              [
                -118.291086580883,
                34.09086269316
              ],
              [
                -118.291093035317,
                34.0908001749893
              ],
              [
                -118.291108013526,
                34.0907386766497
              ],
              [
                -118.291131320356,
                34.0906789994374
              ],
              [
                -118.291162651837,
                34.0906219221651
              ],
              [
                -118.291201598777,
                34.0905681876729
              ],
              [
                -118.291247653958,
                34.0905184974319
              ],
              [
                -118.291290038107,
                34.0904822133846
              ],
              [
                -118.291274803591,
                34.0904339944344
              ],
              [
                -118.291264071082,
                34.090371884556
              ],
              [
                -118.291261918105,
                34.0903091622392
              ],
              [
                -118.291262461296,
                34.090303897608
              ],
              [
                -118.291258496185,
                34.0903008695906
              ],
              [
                -118.291209107217,
                34.0902534474398
              ],
              [
                -118.291166536908,
                34.0902016509866
              ],
              [
                -118.29113134194,
                34.0901461538231
              ],
              [
                -118.291103979167,
                34.090087680803
              ],
              [
                -118.291084806521,
                34.0900269945513
              ],
              [
                -118.291074073112,
                34.0899648846729
              ],
              [
                -118.291071920135,
                34.0899021623561
              ],
              [
                -118.291078374569,
                34.0898396441854
              ],
              [
                -118.291093352778,
                34.089778145846
              ],
              [
                -118.291116659608,
                34.0897184686336
              ],
              [
                -118.29114799019,
                34.0896613913612
              ],
              [
                -118.29118693713,
                34.089607656869
              ],
              [
                -118.291232991412,
                34.089557966628
              ],
              [
                -118.291285554987,
                34.0895129681501
              ],
              [
                -118.291343939873,
                34.0894732477933
              ],
              [
                -118.291344619761,
                34.0894728844672
              ],
              [
                -118.291334077907,
                34.0894118843521
              ],
              [
                -118.291331924931,
                34.0893491620353
              ],
              [
                -118.291336789363,
                34.0893020429561
              ],
              [
                -118.291323985715,
                34.0892746810828
              ],
              [
                -118.291304813069,
                34.0892139948312
              ],
              [
                -118.29129407966,
                34.0891518849527
              ],
              [
                -118.291291926683,
                34.0890891626359
              ],
              [
                -118.291298381118,
                34.0890266444652
              ],
              [
                -118.291313359326,
                34.0889651461257
              ],
              [
                -118.291336665257,
                34.0889054689134
              ],
              [
                -118.291367995838,
                34.0888483916411
              ],
              [
                -118.291406941879,
                34.0887946571489
              ],
              [
                -118.29145299706,
                34.0887449669079
              ],
              [
                -118.291505558837,
                34.08869996843
              ],
              [
                -118.291563943723,
                34.0886602480731
              ],
              [
                -118.291627389994,
                34.0886263238469
              ],
              [
                -118.291695071173,
                34.0885986382178
              ],
              [
                -118.291766103225,
                34.0885775518137
              ],
              [
                -118.291839561649,
                34.0885633398275
              ],
              [
                -118.291914488665,
                34.0885561875192
              ]
            ]
          ],
          [
            [
              [
                -118.291018450044,
                34.0988578702956
              ],
              [
                -118.290969055679,
                34.0988104481448
              ],
              [
                -118.290926481774,
                34.0987586507923
              ],
              [
                -118.290891282309,
                34.0987031545281
              ],
              [
                -118.290863917738,
                34.098644681508
              ],
              [
                -118.290844742393,
                34.0985839952563
              ],
              [
                -118.290834008984,
                34.0985218853779
              ],
              [
                -118.290831855108,
                34.0984591630611
              ],
              [
                -118.290838310442,
                34.0983966448904
              ],
              [
                -118.290853290449,
                34.0983351465509
              ],
              [
                -118.290876599078,
                34.0982754702379
              ],
              [
                -118.290907933257,
                34.0982183920663
              ],
              [
                -118.290946883794,
                34.0981646584734
              ],
              [
                -118.290992943472,
                34.0981149682324
              ],
              [
                -118.291045511543,
                34.0980699697544
              ],
              [
                -118.291103902725,
                34.0980302493977
              ],
              [
                -118.291132889673,
                34.0980147522802
              ],
              [
                -118.291154888889,
                34.097958426841
              ],
              [
                -118.291168460558,
                34.0979337044781
              ],
              [
                -118.291146922694,
                34.0978876816723
              ],
              [
                -118.291127748249,
                34.0978269954207
              ],
              [
                -118.291117013941,
                34.0977648855422
              ],
              [
                -118.291114860964,
                34.0977021632254
              ],
              [
                -118.291121316298,
                34.0976396450547
              ],
              [
                -118.291136295406,
                34.0975781467153
              ],
              [
                -118.291159604035,
                34.0975184695029
              ],
              [
                -118.291190937314,
                34.0974613922307
              ],
              [
                -118.291229887851,
                34.0974076586377
              ],
              [
                -118.291275947529,
                34.0973579683966
              ],
              [
                -118.291328514701,
                34.0973129699188
              ],
              [
                -118.291386905883,
                34.097273249562
              ],
              [
                -118.291450358449,
                34.0972393253358
              ],
              [
                -118.291518045923,
                34.0972116397066
              ],
              [
                -118.29158908517,
                34.0971905533026
              ],
              [
                -118.291662551687,
                34.0971763413163
              ],
              [
                -118.291737485898,
                34.097169189008
              ],
              [
                -118.291812912038,
                34.0971691890081
              ],
              [
                -118.291887846249,
                34.0971763413163
              ],
              [
                -118.291961312766,
                34.0971905533026
              ],
              [
                -118.292032352014,
                34.0972116397066
              ],
              [
                -118.292100039487,
                34.0972393253358
              ],
              [
                -118.292163492054,
                34.097273249562
              ],
              [
                -118.292221883235,
                34.0973129699188
              ],
              [
                -118.292274450408,
                34.0973579683967
              ],
              [
                -118.292320510086,
                34.0974076586377
              ],
              [
                -118.292359460623,
                34.0974613922307
              ],
              [
                -118.292390793902,
                34.0975184695029
              ],
              [
                -118.292414102531,
                34.0975781467152
              ],
              [
                -118.292429081639,
                34.0976396450547
              ],
              [
                -118.292435536973,
                34.0977021632255
              ],
              [
                -118.292433383996,
                34.0977648855422
              ],
              [
                -118.292424489701,
                34.0978163474477
              ],
              [
                -118.292450494497,
                34.0978302500671
              ],
              [
                -118.292508885679,
                34.0978699704239
              ],
              [
                -118.29256145375,
                34.0979149689018
              ],
              [
                -118.292607513428,
                34.0979646591429
              ],
              [
                -118.292646463965,
                34.0980183927358
              ],
              [
                -118.292677798144,
                34.0980754709074
              ],
              [
                -118.292701106773,
                34.0981351472204
              ],
              [
                -118.292716085881,
                34.0981966455599
              ],
              [
                -118.292722541214,
                34.0982591637306
              ],
              [
                -118.292720387338,
                34.0983218860474
              ],
              [
                -118.29270965393,
                34.0983839959259
              ],
              [
                -118.292690479484,
                34.0984446821775
              ],
              [
                -118.292663114014,
                34.0985031551976
              ],
              [
                -118.292627915448,
                34.0985586514617
              ],
              [
                -118.292585340643,
                34.0986104488143
              ],
              [
                -118.292535946279,
                34.0986578709652
              ],
              [
                -118.29248037627,
                34.09870030008
              ],
              [
                -118.292419354572,
                34.0987371821764
              ],
              [
                -118.292353676183,
                34.0987680379158
              ],
              [
                -118.292284198159,
                34.0987924635026
              ],
              [
                -118.292211826117,
                34.0988101423753
              ],
              [
                -118.292137503445,
                34.098820842509
              ],
              [
                -118.292062198714,
                34.0988244245088
              ],
              [
                -118.292003684325,
                34.0988216411071
              ],
              [
                -118.291965948772,
                34.0988578702956
              ],
              [
                -118.291910377864,
                34.0989002994105
              ],
              [
                -118.291849356165,
                34.0989371815069
              ],
              [
                -118.291783677777,
                34.0989680372463
              ],
              [
                -118.291714199753,
                34.0989924628331
              ],
              [
                -118.291641826811,
                34.0990101417059
              ],
              [
                -118.291567504139,
                34.0990208418395
              ],
              [
                -118.291492199408,
                34.0990244238393
              ],
              [
                -118.291416894676,
                34.0990208418395
              ],
              [
                -118.291342572004,
                34.0990101417059
              ],
              [
                -118.291270199063,
                34.0989924628331
              ],
              [
                -118.291200721039,
                34.0989680372463
              ],
              [
                -118.29113504265,
                34.0989371815069
              ],
              [
                -118.291074020951,
                34.0989002994105
              ],
              [
                -118.291018450044,
                34.0988578702956
              ]
            ]
          ],
          [
            [
              [
                -118.338944492796,
                34.1003621869665
              ],
              [
                -118.339019922533,
                34.1003621869665
              ],
              [
                -118.339094859442,
                34.1003693392748
              ],
              [
                -118.339168327758,
                34.1003835521603
              ],
              [
                -118.339239370603,
                34.100404637665
              ],
              [
                -118.339307060774,
                34.1004323232943
              ],
              [
                -118.339370516039,
                34.1004662475205
              ],
              [
                -118.339428909019,
                34.1005059678773
              ],
              [
                -118.33948147799,
                34.1005509663552
              ],
              [
                -118.339527539466,
                34.1006006565962
              ],
              [
                -118.339566490903,
                34.1006543901891
              ],
              [
                -118.339597825981,
                34.1007114683607
              ],
              [
                -118.339621135509,
                34.1007711446737
              ],
              [
                -118.339636115516,
                34.1008326430132
              ],
              [
                -118.33964257085,
                34.1008951611839
              ],
              [
                -118.339640416974,
                34.1009578835007
              ],
              [
                -118.339629682666,
                34.1010199924799
              ],
              [
                -118.339610507321,
                34.1010806796308
              ],
              [
                -118.339583141851,
                34.1011391526509
              ],
              [
                -118.339547941486,
                34.1011946489151
              ],
              [
                -118.339505365782,
                34.1012464462676
              ],
              [
                -118.339455970519,
                34.1012938684185
              ],
              [
                -118.339400398712,
                34.1013362966339
              ],
              [
                -118.339339374315,
                34.1013731796297
              ],
              [
                -118.339273694128,
                34.1014040353691
              ],
              [
                -118.339206116371,
                34.1014277918603
              ],
              [
                -118.339214118539,
                34.1014606431953
              ],
              [
                -118.339220573873,
                34.101523161366
              ],
              [
                -118.339218420896,
                34.1015858836828
              ],
              [
                -118.339207685688,
                34.1016479926619
              ],
              [
                -118.339188511243,
                34.1017086798129
              ],
              [
                -118.339161144873,
                34.101767152833
              ],
              [
                -118.339125944509,
                34.1018226490972
              ],
              [
                -118.339083368805,
                34.1018744464498
              ],
              [
                -118.339033972642,
                34.1019218686005
              ],
              [
                -118.338978399935,
                34.101964296816
              ],
              [
                -118.338917375539,
                34.1020011798118
              ],
              [
                -118.338851695352,
                34.1020320355512
              ],
              [
                -118.33878221463,
                34.102056461138
              ],
              [
                -118.33870983899,
                34.1020741391114
              ],
              [
                -118.33863551362,
                34.1020848392451
              ],
              [
                -118.338560206191,
                34.1020884221442
              ],
              [
                -118.338484898761,
                34.1020848392451
              ],
              [
                -118.338410573391,
                34.1020741391114
              ],
              [
                -118.338338197752,
                34.102056461138
              ],
              [
                -118.33826871703,
                34.1020320355511
              ],
              [
                -118.338203036843,
                34.1020011798118
              ],
              [
                -118.338142012446,
                34.101964296816
              ],
              [
                -118.338086439739,
                34.1019218686005
              ],
              [
                -118.338037043577,
                34.1018744464497
              ],
              [
                -118.337994467873,
                34.1018226490971
              ],
              [
                -118.337959267508,
                34.101767152833
              ],
              [
                -118.337931901138,
                34.1017086798129
              ],
              [
                -118.337912726693,
                34.1016479926619
              ],
              [
                -118.337901991486,
                34.1015858836827
              ],
              [
                -118.337899838509,
                34.101523161366
              ],
              [
                -118.337906293843,
                34.1014606431953
              ],
              [
                -118.33792127385,
                34.1013991448559
              ],
              [
                -118.337944583378,
                34.1013394685428
              ],
              [
                -118.337975918456,
                34.1012823903712
              ],
              [
                -118.338014870792,
                34.1012286567783
              ],
              [
                -118.338060932268,
                34.1011789665372
              ],
              [
                -118.338113502138,
                34.1011339680593
              ],
              [
                -118.338171895119,
                34.1010942477025
              ],
              [
                -118.338235351283,
                34.1010603234763
              ],
              [
                -118.338303041454,
                34.1010326378471
              ],
              [
                -118.338335668858,
                34.1010229539473
              ],
              [
                -118.338334732664,
                34.1010199924798
              ],
              [
                -118.338323998356,
                34.1009578835007
              ],
              [
                -118.33832184448,
                34.1008951611839
              ],
              [
                -118.338328299813,
                34.1008326430132
              ],
              [
                -118.338343279821,
                34.1007711446738
              ],
              [
                -118.338366589349,
                34.1007114683608
              ],
              [
                -118.338397924427,
                34.1006543901891
              ],
              [
                -118.338436875863,
                34.1006006565962
              ],
              [
                -118.33848293734,
                34.1005509663552
              ],
              [
                -118.338535506311,
                34.1005059678773
              ],
              [
                -118.338593899291,
                34.1004662475205
              ],
              [
                -118.338657354555,
                34.1004323232943
              ],
              [
                -118.338725044727,
                34.100404637665
              ],
              [
                -118.338796087571,
                34.1003835521604
              ],
              [
                -118.338869555887,
                34.1003693392748
              ],
              [
                -118.338944492796,
                34.1003621869665
              ]
            ]
          ],
          [
            [
              [
                -118.32546955218,
                34.10078334038
              ],
              [
                -118.325544489988,
                34.1007761880717
              ],
              [
                -118.325619919726,
                34.1007761880717
              ],
              [
                -118.325662200452,
                34.1007802233298
              ],
              [
                -118.325704490172,
                34.1007761871725
              ],
              [
                -118.32577991991,
                34.1007761871724
              ],
              [
                -118.325854857718,
                34.1007833394807
              ],
              [
                -118.325928326034,
                34.1007975523663
              ],
              [
                -118.325999368878,
                34.100818637871
              ],
              [
                -118.326067059949,
                34.1008463235002
              ],
              [
                -118.326130515213,
                34.1008802477264
              ],
              [
                -118.326188908194,
                34.1009199680832
              ],
              [
                -118.326241478064,
                34.1009649665611
              ],
              [
                -118.32628753954,
                34.1010146568021
              ],
              [
                -118.326326490977,
                34.101068390395
              ],
              [
                -118.326357826055,
                34.1011254685667
              ],
              [
                -118.326381135583,
                34.1011851448797
              ],
              [
                -118.32639611559,
                34.1012466432192
              ],
              [
                -118.326402570924,
                34.1013091613898
              ],
              [
                -118.326400417947,
                34.1013718837066
              ],
              [
                -118.326389683639,
                34.1014339926858
              ],
              [
                -118.326370508294,
                34.1014946798367
              ],
              [
                -118.326343141925,
                34.1015531528569
              ],
              [
                -118.32630794156,
                34.101608649121
              ],
              [
                -118.326265365856,
                34.1016604464736
              ],
              [
                -118.326215969693,
                34.1017078686244
              ],
              [
                -118.326160397886,
                34.1017502968399
              ],
              [
                -118.326099373489,
                34.1017871798357
              ],
              [
                -118.326033693302,
                34.1018180355751
              ],
              [
                -118.32596421258,
                34.1018424611618
              ],
              [
                -118.32589183784,
                34.1018601391353
              ],
              [
                -118.325836512447,
                34.1018681044306
              ],
              [
                -118.325820943384,
                34.1018926496272
              ],
              [
                -118.32577836768,
                34.1019444469798
              ],
              [
                -118.325728971517,
                34.1019918691307
              ],
              [
                -118.32567339881,
                34.1020342973461
              ],
              [
                -118.325612374414,
                34.1020711803419
              ],
              [
                -118.325546694227,
                34.1021020360813
              ],
              [
                -118.325477213505,
                34.102126461668
              ],
              [
                -118.325404838764,
                34.1021441396415
              ],
              [
                -118.325330512495,
                34.1021548397752
              ],
              [
                -118.325255205066,
                34.1021584226743
              ],
              [
                -118.325179897636,
                34.1021548397752
              ],
              [
                -118.325105571367,
                34.1021441396415
              ],
              [
                -118.325033196627,
                34.102126461668
              ],
              [
                -118.324963715905,
                34.1021020360813
              ],
              [
                -118.324898035718,
                34.1020711803419
              ],
              [
                -118.324837011321,
                34.1020342973461
              ],
              [
                -118.324781438615,
                34.1019918691306
              ],
              [
                -118.324732042452,
                34.1019444469798
              ],
              [
                -118.324689466748,
                34.1018926496272
              ],
              [
                -118.324654266383,
                34.1018371533631
              ],
              [
                -118.324626900013,
                34.101778680343
              ],
              [
                -118.324607724669,
                34.101717993192
              ],
              [
                -118.324596990361,
                34.1016558842129
              ],
              [
                -118.324594836485,
                34.1015931618961
              ],
              [
                -118.324601291818,
                34.1015306437254
              ],
              [
                -118.324616272725,
                34.1014691453859
              ],
              [
                -118.324639582253,
                34.1014094690729
              ],
              [
                -118.324670917331,
                34.1013523909013
              ],
              [
                -118.324709868768,
                34.1012986573084
              ],
              [
                -118.324755930244,
                34.1012489670673
              ],
              [
                -118.324808500114,
                34.1012039685894
              ],
              [
                -118.324866893994,
                34.1011642482326
              ],
              [
                -118.324930349258,
                34.1011303240064
              ],
              [
                -118.324973639024,
                34.1011126190533
              ],
              [
                -118.324997918921,
                34.1010683912944
              ],
              [
                -118.325036870357,
                34.1010146577014
              ],
              [
                -118.325082931834,
                34.1009649674604
              ],
              [
                -118.325135501704,
                34.1009199689825
              ],
              [
                -118.325193894685,
                34.1008802486257
              ],
              [
                -118.325257349949,
                34.1008463243995
              ],
              [
                -118.32532504102,
                34.1008186387703
              ],
              [
                -118.325396083864,
                34.1007975532656
              ],
              [
                -118.32546955218,
                34.10078334038
              ]
            ]
          ],
          [
            [
              [
                -118.307708007421,
                34.1021412986832
              ],
              [
                -118.307652434714,
                34.1020988704676
              ],
              [
                -118.307603038552,
                34.1020514483169
              ],
              [
                -118.307560462847,
                34.1019996509643
              ],
              [
                -118.307525262483,
                34.1019441547001
              ],
              [
                -118.307497896113,
                34.1018856816801
              ],
              [
                -118.307478720768,
                34.1018249945291
              ],
              [
                -118.307467986461,
                34.1017628855499
              ],
              [
                -118.307465832584,
                34.1017001632331
              ],
              [
                -118.307472287918,
                34.1016376450624
              ],
              [
                -118.307487268825,
                34.101576146723
              ],
              [
                -118.307510578353,
                34.10151647041
              ],
              [
                -118.307541913431,
                34.1014593922383
              ],
              [
                -118.307580865766,
                34.1014056586454
              ],
              [
                -118.307626926344,
                34.1013559684044
              ],
              [
                -118.307679497113,
                34.1013109699265
              ],
              [
                -118.307737890094,
                34.1012712495697
              ],
              [
                -118.307801346257,
                34.1012373253435
              ],
              [
                -118.307869036429,
                34.1012096406136
              ],
              [
                -118.307940080173,
                34.1011885542096
              ],
              [
                -118.308013549388,
                34.101174341324
              ],
              [
                -118.308088487196,
                34.1011671890157
              ],
              [
                -118.308163916933,
                34.1011671890157
              ],
              [
                -118.308164240689,
                34.1011672195927
              ],
              [
                -118.308203890899,
                34.1011402489245
              ],
              [
                -118.308267346163,
                34.1011063246983
              ],
              [
                -118.308335037234,
                34.1010786390691
              ],
              [
                -118.308406080079,
                34.1010575535644
              ],
              [
                -118.308479549294,
                34.1010433406788
              ],
              [
                -118.308554487102,
                34.1010361883705
              ],
              [
                -118.308629916839,
                34.1010361883706
              ],
              [
                -118.308704854647,
                34.1010433406788
              ],
              [
                -118.308707730679,
                34.1010438973591
              ],
              [
                -118.308745037256,
                34.101028638562
              ],
              [
                -118.3088160801,
                34.1010075530573
              ],
              [
                -118.308889549315,
                34.1009933401717
              ],
              [
                -118.308964487123,
                34.1009861878634
              ],
              [
                -118.309039916861,
                34.1009861878634
              ],
              [
                -118.309114854669,
                34.1009933401717
              ],
              [
                -118.309188323884,
                34.1010075530573
              ],
              [
                -118.309259366728,
                34.101028638562
              ],
              [
                -118.3093270569,
                34.1010563241911
              ],
              [
                -118.309390513064,
                34.1010902484174
              ],
              [
                -118.309448906044,
                34.1011299687742
              ],
              [
                -118.309501475914,
                34.1011749672521
              ],
              [
                -118.309547537391,
                34.1012246574932
              ],
              [
                -118.309586489727,
                34.1012783910861
              ],
              [
                -118.309617824805,
                34.1013354692576
              ],
              [
                -118.309641134333,
                34.1013951455707
              ],
              [
                -118.30965611434,
                34.1014566439102
              ],
              [
                -118.309662569674,
                34.1015191620808
              ],
              [
                -118.309660416697,
                34.1015818843976
              ],
              [
                -118.30964968149,
                34.1016439933768
              ],
              [
                -118.309630507044,
                34.1017046805277
              ],
              [
                -118.309603140675,
                34.1017631535479
              ],
              [
                -118.30956794031,
                34.101818649812
              ],
              [
                -118.309525364606,
                34.1018704471646
              ],
              [
                -118.309475968443,
                34.1019178693154
              ],
              [
                -118.309420395737,
                34.1019602975309
              ],
              [
                -118.30935937134,
                34.1019971805266
              ],
              [
                -118.309293691153,
                34.102028036266
              ],
              [
                -118.309224210431,
                34.1020524618528
              ],
              [
                -118.309151834791,
                34.1020701398262
              ],
              [
                -118.309077509422,
                34.1020808399599
              ],
              [
                -118.309002201992,
                34.102084422859
              ],
              [
                -118.308926894563,
                34.10208083996
              ],
              [
                -118.308889257935,
                34.1020754215446
              ],
              [
                -118.308883691132,
                34.1020780367731
              ],
              [
                -118.30881421041,
                34.1021024623599
              ],
              [
                -118.30874183477,
                34.1021201403334
              ],
              [
                -118.3086675094,
                34.1021308404671
              ],
              [
                -118.308592201971,
                34.1021344233661
              ],
              [
                -118.308555677804,
                34.1021326858759
              ],
              [
                -118.308544396709,
                34.1021412986831
              ],
              [
                -118.308483372312,
                34.1021781816789
              ],
              [
                -118.308417691226,
                34.1022090374183
              ],
              [
                -118.308348210504,
                34.1022334630051
              ],
              [
                -118.308275835763,
                34.1022511409786
              ],
              [
                -118.308201509494,
                34.1022618411123
              ],
              [
                -118.308126202065,
                34.1022654240113
              ],
              [
                -118.308050894635,
                34.1022618411123
              ],
              [
                -118.307976568366,
                34.1022511409786
              ],
              [
                -118.307904193626,
                34.1022334630051
              ],
              [
                -118.307834712904,
                34.1022090374183
              ],
              [
                -118.307769031817,
                34.1021781816789
              ],
              [
                -118.307708007421,
                34.1021412986832
              ]
            ]
          ],
          [
            [
              [
                -118.362624482236,
                34.1382561924705
              ],
              [
                -118.362699944349,
                34.1382561924705
              ],
              [
                -118.362774915432,
                34.1382633447787
              ],
              [
                -118.362848417023,
                34.138277556765
              ],
              [
                -118.362919491344,
                34.138298643169
              ],
              [
                -118.362987211193,
                34.1383263287981
              ],
              [
                -118.363050694336,
                34.1383602521252
              ],
              [
                -118.363109113397,
                34.1383999724819
              ],
              [
                -118.36316170665,
                34.1384449700605
              ],
              [
                -118.363207787911,
                34.1384946603015
              ],
              [
                -118.363246757334,
                34.1385483938944
              ],
              [
                -118.363278105902,
                34.1386054711667
              ],
              [
                -118.363301426222,
                34.1386651474797
              ],
              [
                -118.363316412525,
                34.1387266458192
              ],
              [
                -118.363322870556,
                34.1387891630905
              ],
              [
                -118.36332071668,
                34.1388518854073
              ],
              [
                -118.363309976976,
                34.1389139943865
              ],
              [
                -118.363290793537,
                34.1389746806381
              ],
              [
                -118.363263415476,
                34.139033152759
              ],
              [
                -118.363254654281,
                34.1390469600503
              ],
              [
                -118.363249979605,
                34.1390739954697
              ],
              [
                -118.363230795267,
                34.1391346817214
              ],
              [
                -118.363203417206,
                34.1391931538421
              ],
              [
                -118.363201779541,
                34.1391957348964
              ],
              [
                -118.363218112128,
                34.1392254718792
              ],
              [
                -118.363241432448,
                34.1392851481922
              ],
              [
                -118.363256418751,
                34.1393466465316
              ],
              [
                -118.363262877682,
                34.139409163803
              ],
              [
                -118.363260722906,
                34.1394718861198
              ],
              [
                -118.363249984102,
                34.139533995099
              ],
              [
                -118.363230799764,
                34.1395946813507
              ],
              [
                -118.363207334653,
                34.1396447960716
              ],
              [
                -118.363250797089,
                34.1396916606428
              ],
              [
                -118.363289766512,
                34.1397453942357
              ],
              [
                -118.363321115979,
                34.139802471508
              ],
              [
                -118.363344436299,
                34.139862147821
              ],
              [
                -118.363359422601,
                34.1399236461605
              ],
              [
                -118.363365881532,
                34.1399861634319
              ],
              [
                -118.363363726757,
                34.1400488857486
              ],
              [
                -118.363352987952,
                34.1401109947278
              ],
              [
                -118.363333803614,
                34.1401716809795
              ],
              [
                -118.363306424654,
                34.1402301531002
              ],
              [
                -118.363271209001,
                34.1402856493644
              ],
              [
                -118.363228613512,
                34.1403374458176
              ],
              [
                -118.363179194866,
                34.1403848679684
              ],
              [
                -118.363123597878,
                34.1404272961839
              ],
              [
                -118.363062545602,
                34.1404641791797
              ],
              [
                -118.362996834838,
                34.1404950340198
              ],
              [
                -118.36292732264,
                34.1405194605059
              ],
              [
                -118.362854915524,
                34.1405371384793
              ],
              [
                -118.36278055598,
                34.140547838613
              ],
              [
                -118.362705214376,
                34.1405514206128
              ],
              [
                -118.362629872773,
                34.140547838613
              ],
              [
                -118.362555513228,
                34.1405371384793
              ],
              [
                -118.362483106113,
                34.1405194605059
              ],
              [
                -118.362413593914,
                34.1404950340198
              ],
              [
                -118.36234788315,
                34.1404641791797
              ],
              [
                -118.362286830875,
                34.140427296184
              ],
              [
                -118.362231233886,
                34.1403848679684
              ],
              [
                -118.362181815241,
                34.1403374458176
              ],
              [
                -118.362139219751,
                34.1402856493644
              ],
              [
                -118.362104004099,
                34.1402301531003
              ],
              [
                -118.362076625138,
                34.1401716809795
              ],
              [
                -118.3620574408,
                34.1401109947277
              ],
              [
                -118.362046701996,
                34.1400488857486
              ],
              [
                -118.36204454722,
                34.1399861634319
              ],
              [
                -118.362051006151,
                34.1399236461605
              ],
              [
                -118.362065992454,
                34.139862147821
              ],
              [
                -118.362089312774,
                34.139802471508
              ],
              [
                -118.362100806109,
                34.1397815451833
              ],
              [
                -118.362078819484,
                34.1397604461888
              ],
              [
                -118.362036224894,
                34.1397086497356
              ],
              [
                -118.362001008342,
                34.1396531534714
              ],
              [
                -118.361973630281,
                34.1395946813507
              ],
              [
                -118.361954445943,
                34.139533995099
              ],
              [
                -118.361943707138,
                34.1394718861198
              ],
              [
                -118.361941552363,
                34.1394091638031
              ],
              [
                -118.361948011294,
                34.1393466465316
              ],
              [
                -118.361962997596,
                34.1392851481922
              ],
              [
                -118.361986317916,
                34.1392254718792
              ],
              [
                -118.362002649605,
                34.1391957357957
              ],
              [
                -118.36200101104,
                34.1391931538421
              ],
              [
                -118.361973632979,
                34.1391346817214
              ],
              [
                -118.361967882714,
                34.1391164929329
              ],
              [
                -118.362054935289,
                34.1389652557431
              ],
              [
                -118.362054859746,
                34.1389652242668
              ],
              [
                -118.361944443683,
                34.1389212078486
              ],
              [
                -118.361948013992,
                34.1388866469024
              ],
              [
                -118.361963000294,
                34.1388251485629
              ],
              [
                -118.361986319715,
                34.1387654722499
              ],
              [
                -118.362008308139,
                34.1387254380297
              ],
              [
                -118.362023000363,
                34.1386651474797
              ],
              [
                -118.362046320683,
                34.1386054711667
              ],
              [
                -118.362077669251,
                34.1385483938944
              ],
              [
                -118.362116638674,
                34.1384946603015
              ],
              [
                -118.362162719936,
                34.1384449700605
              ],
              [
                -118.362215313188,
                34.1383999724819
              ],
              [
                -118.362273732249,
                34.1383602521251
              ],
              [
                -118.362337215392,
                34.1383263287982
              ],
              [
                -118.362404935242,
                34.138298643169
              ],
              [
                -118.362476009562,
                34.138277556765
              ],
              [
                -118.362549511153,
                34.1382633447787
              ],
              [
                -118.362624482236,
                34.1382561924705
              ]
            ]
          ],
          [
            [
              [
                -118.448442493528,
                34.1504921910629
              ],
              [
                -118.448517966433,
                34.1504921910629
              ],
              [
                -118.448592948308,
                34.1504993433711
              ],
              [
                -118.448666460691,
                34.1505135553574
              ],
              [
                -118.448737544904,
                34.1505346417614
              ],
              [
                -118.448805274646,
                34.1505623273906
              ],
              [
                -118.448868766782,
                34.1505962507175
              ],
              [
                -118.448927194836,
                34.1506359710744
              ],
              [
                -118.448979795283,
                34.1506809686529
              ],
              [
                -118.44902588374,
                34.1507306588939
              ],
              [
                -118.449064858559,
                34.1507843924869
              ],
              [
                -118.449096211623,
                34.1508414688599
              ],
              [
                -118.449119534641,
                34.1509011451728
              ],
              [
                -118.449134523641,
                34.1509626435124
              ],
              [
                -118.449140982572,
                34.1510251607837
              ],
              [
                -118.449138827797,
                34.1510878831005
              ],
              [
                -118.449128087194,
                34.1511499911803
              ],
              [
                -118.449108901057,
                34.1512106774319
              ],
              [
                -118.449081518499,
                34.1512691504521
              ],
              [
                -118.449046297451,
                34.1513246467162
              ],
              [
                -118.449003697465,
                34.1513764431695
              ],
              [
                -118.448954272524,
                34.151423864421
              ],
              [
                -118.448898667442,
                34.1514662935358
              ],
              [
                -118.448837607971,
                34.1515031756322
              ],
              [
                -118.448771889113,
                34.1515340304723
              ],
              [
                -118.448702367922,
                34.151558456059
              ],
              [
                -118.448629950014,
                34.1515761349318
              ],
              [
                -118.448555581477,
                34.1515868341662
              ],
              [
                -118.448480229981,
                34.1515904170652
              ],
              [
                -118.448404878484,
                34.1515868341663
              ],
              [
                -118.448330509947,
                34.1515761349318
              ],
              [
                -118.448258092039,
                34.1515584560591
              ],
              [
                -118.448188570848,
                34.1515340304723
              ],
              [
                -118.44812285199,
                34.1515031756322
              ],
              [
                -118.44806179252,
                34.1514662935358
              ],
              [
                -118.448006187438,
                34.151423864421
              ],
              [
                -118.447956762497,
                34.1513764431695
              ],
              [
                -118.447914162511,
                34.1513246467162
              ],
              [
                -118.447878941462,
                34.1512691504521
              ],
              [
                -118.447851558904,
                34.151210677432
              ],
              [
                -118.447832372768,
                34.1511499911803
              ],
              [
                -118.447821632165,
                34.1510878831004
              ],
              [
                -118.447819477389,
                34.1510251607837
              ],
              [
                -118.44782593632,
                34.1509626435124
              ],
              [
                -118.447840925321,
                34.1509011451729
              ],
              [
                -118.447864248339,
                34.1508414688599
              ],
              [
                -118.447895601403,
                34.1507843924869
              ],
              [
                -118.447934576222,
                34.1507306588939
              ],
              [
                -118.447980664678,
                34.1506809686529
              ],
              [
                -118.448033265125,
                34.1506359710744
              ],
              [
                -118.448091693179,
                34.1505962507175
              ],
              [
                -118.448155185316,
                34.1505623273906
              ],
              [
                -118.448222915058,
                34.1505346417615
              ],
              [
                -118.448293999271,
                34.1505135553574
              ],
              [
                -118.448367511653,
                34.1504993433711
              ],
              [
                -118.448442493528,
                34.1504921910629
              ]
            ]
          ],
          [
            [
              [
                -118.375920804903,
                34.1690231552956
              ],
              [
                -118.37589341695,
                34.1689646831748
              ],
              [
                -118.375874226317,
                34.1689039969231
              ],
              [
                -118.375863483015,
                34.168841887944
              ],
              [
                -118.37586132824,
                34.1687791665265
              ],
              [
                -118.375867788969,
                34.1687166492551
              ],
              [
                -118.375882780668,
                34.168655151815
              ],
              [
                -118.375906109082,
                34.168595475502
              ],
              [
                -118.375937468442,
                34.1685383982296
              ],
              [
                -118.375976451354,
                34.1684846655361
              ],
              [
                -118.376022549703,
                34.168434975295
              ],
              [
                -118.376075160942,
                34.1683899777165
              ],
              [
                -118.376133600687,
                34.1683502582589
              ],
              [
                -118.376197106314,
                34.1683163340328
              ],
              [
                -118.376202716284,
                34.1683140416609
              ],
              [
                -118.376204110234,
                34.1683104749496
              ],
              [
                -118.376235469593,
                34.1682533976773
              ],
              [
                -118.376274452506,
                34.1681996649837
              ],
              [
                -118.376320550855,
                34.1681499747427
              ],
              [
                -118.376373162094,
                34.1681049771641
              ],
              [
                -118.376431601839,
                34.1680652577066
              ],
              [
                -118.376495107465,
                34.1680313334804
              ],
              [
                -118.376562850697,
                34.1680036487506
              ],
              [
                -118.376633950199,
                34.1679825623465
              ],
              [
                -118.376707476971,
                34.1679683503603
              ],
              [
                -118.376782474134,
                34.167961198052
              ],
              [
                -118.376857963227,
                34.167961198052
              ],
              [
                -118.37693296039,
                34.1679683503603
              ],
              [
                -118.377006487162,
                34.1679825623465
              ],
              [
                -118.377077586663,
                34.1680036487506
              ],
              [
                -118.377145329895,
                34.1680313334804
              ],
              [
                -118.377208835521,
                34.1680652577066
              ],
              [
                -118.377267275267,
                34.1681049771641
              ],
              [
                -118.377319886506,
                34.1681499747427
              ],
              [
                -118.377320956699,
                34.1681511285729
              ],
              [
                -118.377328123396,
                34.1681518120576
              ],
              [
                -118.377401651068,
                34.1681660240439
              ],
              [
                -118.377439291292,
                34.1681771873285
              ],
              [
                -118.377453453816,
                34.1681576657448
              ],
              [
                -118.377499551265,
                34.1681079755038
              ],
              [
                -118.377552162504,
                34.1680629779253
              ],
              [
                -118.37761060225,
                34.1680232584677
              ],
              [
                -118.377674107876,
                34.1679893342415
              ],
              [
                -118.377741851108,
                34.1679616495117
              ],
              [
                -118.377812950609,
                34.1679405631076
              ],
              [
                -118.377886477381,
                34.1679263511214
              ],
              [
                -118.377961474545,
                34.1679191988131
              ],
              [
                -118.378036963637,
                34.1679191988131
              ],
              [
                -118.3781119608,
                34.1679263511214
              ],
              [
                -118.378185487572,
                34.1679405631077
              ],
              [
                -118.378256587074,
                34.1679616495117
              ],
              [
                -118.378324330306,
                34.1679893342415
              ],
              [
                -118.378387835932,
                34.1680232584677
              ],
              [
                -118.378446275677,
                34.1680629779253
              ],
              [
                -118.378498886916,
                34.1681079755038
              ],
              [
                -118.378544984366,
                34.1681576657448
              ],
              [
                -118.378583967278,
                34.1682113984384
              ],
              [
                -118.378615327537,
                34.1682684757107
              ],
              [
                -118.378638655052,
                34.1683281520238
              ],
              [
                -118.378653646751,
                34.1683896494639
              ],
              [
                -118.37866010748,
                34.1684521667352
              ],
              [
                -118.378657952704,
                34.1685148881527
              ],
              [
                -118.378647209403,
                34.1685769971318
              ],
              [
                -118.37862801967,
                34.1686376833835
              ],
              [
                -118.378600631716,
                34.1686961555043
              ],
              [
                -118.378565403473,
                34.1687516517685
              ],
              [
                -118.378522793594,
                34.1688034482217
              ],
              [
                -118.378473358761,
                34.1688508694732
              ],
              [
                -118.378417742887,
                34.1688932976887
              ],
              [
                -118.378356669926,
                34.1689301797851
              ],
              [
                -118.378290937579,
                34.1689610355245
              ],
              [
                -118.378221401998,
                34.1689854611113
              ],
              [
                -118.378148970601,
                34.1690031390848
              ],
              [
                -118.378074585876,
                34.1690138392185
              ],
              [
                -118.377999219091,
                34.1690174212181
              ],
              [
                -118.377923852306,
                34.1690138392185
              ],
              [
                -118.377849467581,
                34.1690031390847
              ],
              [
                -118.37781983402,
                34.1689959067368
              ],
              [
                -118.3778015553,
                34.1690247012301
              ],
              [
                -118.377758945421,
                34.1690764976834
              ],
              [
                -118.377709510588,
                34.1691239189349
              ],
              [
                -118.377653893814,
                34.1691663471503
              ],
              [
                -118.377592821753,
                34.1692032292468
              ],
              [
                -118.377527088506,
                34.1692340849862
              ],
              [
                -118.377457552926,
                34.169258510573
              ],
              [
                -118.377426288894,
                34.1692661413206
              ],
              [
                -118.377413635433,
                34.1692931551562
              ],
              [
                -118.37737840719,
                34.1693486514203
              ],
              [
                -118.377335797311,
                34.1694004478735
              ],
              [
                -118.377286362478,
                34.169447869125
              ],
              [
                -118.377230745704,
                34.1694902973405
              ],
              [
                -118.377169672744,
                34.1695271794369
              ],
              [
                -118.377103940397,
                34.1695580351764
              ],
              [
                -118.377034403917,
                34.1695824607631
              ],
              [
                -118.37696197162,
                34.1696001387366
              ],
              [
                -118.376887586895,
                34.1696108388703
              ],
              [
                -118.376812219211,
                34.16961442087
              ],
              [
                -118.376736851527,
                34.1696108388703
              ],
              [
                -118.376662466802,
                34.1696001387366
              ],
              [
                -118.376590034505,
                34.1695824607631
              ],
              [
                -118.376520498025,
                34.1695580351763
              ],
              [
                -118.376454765677,
                34.169527179437
              ],
              [
                -118.376393692717,
                34.1694902973405
              ],
              [
                -118.376338075944,
                34.169447869125
              ],
              [
                -118.37628864111,
                34.1694004478735
              ],
              [
                -118.376246031231,
                34.1693486514203
              ],
              [
                -118.376210802988,
                34.1692931551562
              ],
              [
                -118.37620217759,
                34.1692747406379
              ],
              [
                -118.376164766693,
                34.1692571795764
              ],
              [
                -118.376103693733,
                34.1692202974799
              ],
              [
                -118.376048077859,
                34.1691778692644
              ],
              [
                -118.375998642126,
                34.1691304480129
              ],
              [
                -118.375956033147,
                34.1690786515597
              ],
              [
                -118.375920804903,
                34.1690231552956
              ]
            ]
          ],
          [
            [
              [
                -118.448691481629,
                34.1793161955871
              ],
              [
                -118.448766981513,
                34.1793161955871
              ],
              [
                -118.448841988569,
                34.1793233478953
              ],
              [
                -118.448915525233,
                34.1793375598816
              ],
              [
                -118.448986633728,
                34.1793586462856
              ],
              [
                -118.449054386853,
                34.1793863310156
              ],
              [
                -118.449117900573,
                34.1794202552417
              ],
              [
                -118.449176348412,
                34.1794599746993
              ],
              [
                -118.449228966845,
                34.1795049722778
              ],
              [
                -118.44927507059,
                34.1795546616195
              ],
              [
                -118.449314058899,
                34.1796083952124
              ],
              [
                -118.449345422755,
                34.1796654715854
              ],
              [
                -118.449368753867,
                34.1797251478985
              ],
              [
                -118.449383747364,
                34.1797866453386
              ],
              [
                -118.449390208993,
                34.17984916261
              ],
              [
                -118.449388053318,
                34.1799118840274
              ],
              [
                -118.449377309118,
                34.1799739930065
              ],
              [
                -118.449358116686,
                34.1800346792582
              ],
              [
                -118.449330725135,
                34.180093151379
              ],
              [
                -118.449295491496,
                34.1801486467438
              ],
              [
                -118.449252877121,
                34.1802004431971
              ],
              [
                -118.449203435093,
                34.1802478644485
              ],
              [
                -118.449147811125,
                34.180290292664
              ],
              [
                -118.44908673097,
                34.1803271747605
              ],
              [
                -118.449026246166,
                34.1803555636595
              ],
              [
                -118.44901472765,
                34.1803801511242
              ],
              [
                -118.44897949491,
                34.1804356473883
              ],
              [
                -118.448936879635,
                34.1804874438416
              ],
              [
                -118.448902032705,
                34.1805208671455
              ],
              [
                -118.448911522351,
                34.1805597880049
              ],
              [
                -118.44891798398,
                34.1806223052763
              ],
              [
                -118.448915828305,
                34.1806850266938
              ],
              [
                -118.448905084104,
                34.1807471356729
              ],
              [
                -118.448885890773,
                34.1808078219246
              ],
              [
                -118.448858499222,
                34.180866293146
              ],
              [
                -118.448823265583,
                34.1809217894102
              ],
              [
                -118.448780650309,
                34.1809735858635
              ],
              [
                -118.448731208281,
                34.1810210071149
              ],
              [
                -118.448675584313,
                34.1810634353305
              ],
              [
                -118.44861450236,
                34.1811003174269
              ],
              [
                -118.448548761019,
                34.1811311722669
              ],
              [
                -118.448479215545,
                34.1811555987531
              ],
              [
                -118.448406773356,
                34.1811732767265
              ],
              [
                -118.448332377839,
                34.1811839759609
              ],
              [
                -118.448257000262,
                34.1811875588599
              ],
              [
                -118.448181622686,
                34.1811839759608
              ],
              [
                -118.448107227169,
                34.1811732767265
              ],
              [
                -118.448034784979,
                34.1811555987531
              ],
              [
                -118.447965239506,
                34.181131172267
              ],
              [
                -118.447899498165,
                34.1811003174269
              ],
              [
                -118.447838416212,
                34.1810634353305
              ],
              [
                -118.447826165647,
                34.181054090475
              ],
              [
                -118.447760622157,
                34.1810509761228
              ],
              [
                -118.447686227539,
                34.1810402759891
              ],
              [
                -118.44761378535,
                34.1810225980156
              ],
              [
                -118.447544239877,
                34.1809981715296
              ],
              [
                -118.447478497637,
                34.1809673166895
              ],
              [
                -118.447417416583,
                34.180930434593
              ],
              [
                -118.447361792615,
                34.1808880063775
              ],
              [
                -118.447312350587,
                34.180840585126
              ],
              [
                -118.447269735312,
                34.1807887886728
              ],
              [
                -118.447234501673,
                34.1807332924087
              ],
              [
                -118.447207110122,
                34.1806748211872
              ],
              [
                -118.447187916791,
                34.1806141349355
              ],
              [
                -118.447177172591,
                34.1805520259564
              ],
              [
                -118.447175016916,
                34.1804893045389
              ],
              [
                -118.447181478544,
                34.1804267872676
              ],
              [
                -118.447196472941,
                34.1803652898274
              ],
              [
                -118.447219804053,
                34.1803056135144
              ],
              [
                -118.447251167909,
                34.1802485371414
              ],
              [
                -118.447290156218,
                34.1801948035485
              ],
              [
                -118.447336260862,
                34.1801451142068
              ],
              [
                -118.447388880195,
                34.1801001166283
              ],
              [
                -118.447447327135,
                34.1800603971707
              ],
              [
                -118.447510841754,
                34.1800264729445
              ],
              [
                -118.447578595778,
                34.1799987882146
              ],
              [
                -118.447649704273,
                34.1799777018106
              ],
              [
                -118.447723241836,
                34.1799634898243
              ],
              [
                -118.447795422323,
                34.1799566073127
              ],
              [
                -118.447797039304,
                34.17995247223
              ],
              [
                -118.44782840316,
                34.179895395857
              ],
              [
                -118.447867391469,
                34.179841662264
              ],
              [
                -118.447913495214,
                34.1797919729223
              ],
              [
                -118.447966114547,
                34.1797469753438
              ],
              [
                -118.448024561486,
                34.1797072558863
              ],
              [
                -118.448088076106,
                34.1796733316601
              ],
              [
                -118.448114698736,
                34.1796624534606
              ],
              [
                -118.448144404243,
                34.1796083952125
              ],
              [
                -118.448183392552,
                34.1795546616195
              ],
              [
                -118.448229496296,
                34.1795049722778
              ],
              [
                -118.44828211473,
                34.1794599746992
              ],
              [
                -118.448340562569,
                34.1794202552417
              ],
              [
                -118.448404076289,
                34.1793863310155
              ],
              [
                -118.448471829413,
                34.1793586462856
              ],
              [
                -118.448542937908,
                34.1793375598816
              ],
              [
                -118.448616474573,
                34.1793233478954
              ],
              [
                -118.448691481629,
                34.1793161955871
              ]
            ]
          ],
          [
            [
              [
                -118.448691317952,
                34.1811218597872
              ],
              [
                -118.448766817836,
                34.1811218597872
              ],
              [
                -118.448841826691,
                34.1811290120954
              ],
              [
                -118.448915365154,
                34.1811432240817
              ],
              [
                -118.448986475448,
                34.1811643104856
              ],
              [
                -118.449054230371,
                34.1811919952156
              ],
              [
                -118.449117745889,
                34.1812259194418
              ],
              [
                -118.449176193728,
                34.1812656388993
              ],
              [
                -118.449228813961,
                34.1813106364778
              ],
              [
                -118.449274918605,
                34.1813603258196
              ],
              [
                -118.449313907813,
                34.1814140594124
              ],
              [
                -118.449345271669,
                34.1814711366848
              ],
              [
                -118.44936860368,
                34.1815308120985
              ],
              [
                -118.449383598077,
                34.1815923095386
              ],
              [
                -118.449390059706,
                34.18165482681
              ],
              [
                -118.449387904031,
                34.1817175482274
              ],
              [
                -118.449377158931,
                34.1817796572066
              ],
              [
                -118.4493579656,
                34.1818403434582
              ],
              [
                -118.449330574049,
                34.1818988146797
              ],
              [
                -118.44929534041,
                34.1819543109438
              ],
              [
                -118.449252724236,
                34.1820061073971
              ],
              [
                -118.449203281309,
                34.1820535286486
              ],
              [
                -118.449147656441,
                34.1820959568641
              ],
              [
                -118.449086574488,
                34.1821328389605
              ],
              [
                -118.449020832248,
                34.1821636938006
              ],
              [
                -118.448951285875,
                34.1821881202867
              ],
              [
                -118.448878842786,
                34.1822057982601
              ],
              [
                -118.44880444637,
                34.1822164974945
              ],
              [
                -118.448729067894,
                34.1822200803935
              ],
              [
                -118.448653689418,
                34.1822164974945
              ],
              [
                -118.448579293002,
                34.1822057982601
              ],
              [
                -118.448506849913,
                34.1821881202867
              ],
              [
                -118.448437303541,
                34.1821636938006
              ],
              [
                -118.448371561301,
                34.1821328389605
              ],
              [
                -118.448310479347,
                34.1820959568641
              ],
              [
                -118.44825485448,
                34.1820535286486
              ],
              [
                -118.448205411553,
                34.1820061073971
              ],
              [
                -118.448162795379,
                34.1819543109438
              ],
              [
                -118.44812756174,
                34.1818988146797
              ],
              [
                -118.448100170189,
                34.1818403434582
              ],
              [
                -118.448080976858,
                34.1817796572066
              ],
              [
                -118.448070231758,
                34.1817175482274
              ],
              [
                -118.448068076083,
                34.18165482681
              ],
              [
                -118.448074537712,
                34.1815923095386
              ],
              [
                -118.448089532108,
                34.1815308120985
              ],
              [
                -118.44811286412,
                34.1814711366848
              ],
              [
                -118.448144227976,
                34.1814140594124
              ],
              [
                -118.448183217184,
                34.1813603258195
              ],
              [
                -118.448229321828,
                34.1813106364778
              ],
              [
                -118.44828194206,
                34.1812656388993
              ],
              [
                -118.448340389899,
                34.1812259194418
              ],
              [
                -118.448403905418,
                34.1811919952156
              ],
              [
                -118.448471660341,
                34.1811643104857
              ],
              [
                -118.448542770634,
                34.1811432240817
              ],
              [
                -118.448616309098,
                34.1811290120954
              ],
              [
                -118.448691317952,
                34.1811218597872
              ]
            ]
          ],
          [
            [
              [
                -118.448860312256,
                34.2122874839814
              ],
              [
                -118.448805302525,
                34.2122681710404
              ],
              [
                -118.448769427669,
                34.2122698752557
              ],
              [
                -118.448694022213,
                34.2122662923566
              ],
              [
                -118.448619599717,
                34.2122555931223
              ],
              [
                -118.448547131447,
                34.2122379151488
              ],
              [
                -118.448477559894,
                34.212213489562
              ],
              [
                -118.448411794271,
                34.212182634722
              ],
              [
                -118.448350690734,
                34.2121457526255
              ],
              [
                -118.448295046082,
                34.21210332441
              ],
              [
                -118.448245585168,
                34.2120559031586
              ],
              [
                -118.448202954605,
                34.2120041067053
              ],
              [
                -118.448167708375,
                34.2119486113405
              ],
              [
                -118.448140306032,
                34.211890140119
              ],
              [
                -118.448121106406,
                34.2118294538674
              ],
              [
                -118.448110357709,
                34.2117673457875
              ],
              [
                -118.448108202034,
                34.21170462437
              ],
              [
                -118.448114662764,
                34.2116421322797
              ],
              [
                -118.448063602855,
                34.2116181770384
              ],
              [
                -118.448002500217,
                34.211581294942
              ],
              [
                -118.447946855565,
                34.2115388667265
              ],
              [
                -118.44789739555,
                34.211491445475
              ],
              [
                -118.447854764988,
                34.2114396499211
              ],
              [
                -118.447819518758,
                34.2113841536569
              ],
              [
                -118.447792117314,
                34.2113256824354
              ],
              [
                -118.447772917688,
                34.2112649961838
              ],
              [
                -118.447762168991,
                34.2112028881039
              ],
              [
                -118.447760012417,
                34.2111401666865
              ],
              [
                -118.447766476744,
                34.2110776503145
              ],
              [
                -118.447781476536,
                34.2110161528743
              ],
              [
                -118.447804815742,
                34.2109564774607
              ],
              [
                -118.447836191289,
                34.2108994001883
              ],
              [
                -118.447875193987,
                34.2108456674947
              ],
              [
                -118.447921314819,
                34.210795978153
              ],
              [
                -118.447973953038,
                34.2107509805744
              ],
              [
                -118.448032421561,
                34.210711261117
              ],
              [
                -118.448095959563,
                34.2106773377901
              ],
              [
                -118.448163736969,
                34.2106496530602
              ],
              [
                -118.448234871544,
                34.2106285666562
              ],
              [
                -118.448308436088,
                34.2106143546699
              ],
              [
                -118.448383471022,
                34.2106072023617
              ],
              [
                -118.448458997887,
                34.2106072023617
              ],
              [
                -118.448534032821,
                34.2106143546699
              ],
              [
                -118.448607597365,
                34.2106285666562
              ],
              [
                -118.44867873194,
                34.2106496530602
              ],
              [
                -118.448746509346,
                34.2106773377901
              ],
              [
                -118.448810047348,
                34.2107112611169
              ],
              [
                -118.448868515871,
                34.2107509805744
              ],
              [
                -118.44892115409,
                34.210795978153
              ],
              [
                -118.448967274922,
                34.2108456674947
              ],
              [
                -118.44900627762,
                34.2108994001883
              ],
              [
                -118.449037653167,
                34.2109564774606
              ],
              [
                -118.449060992373,
                34.2110161528743
              ],
              [
                -118.449075992165,
                34.2110776503145
              ],
              [
                -118.449082456492,
                34.2111401666864
              ],
              [
                -118.449080299918,
                34.2112028881039
              ],
              [
                -118.44907712621,
                34.2112212288777
              ],
              [
                -118.449120372809,
                34.2112212288778
              ],
              [
                -118.449195408643,
                34.211228381186
              ],
              [
                -118.449268973187,
                34.2112425931723
              ],
              [
                -118.449340108661,
                34.2112636795763
              ],
              [
                -118.449407886966,
                34.2112913643061
              ],
              [
                -118.449471424968,
                34.2113252876331
              ],
              [
                -118.449529894391,
                34.2113650070905
              ],
              [
                -118.44958253261,
                34.2114100046691
              ],
              [
                -118.449628654341,
                34.2114596940108
              ],
              [
                -118.449667657039,
                34.2115134267044
              ],
              [
                -118.449699032586,
                34.2115705039767
              ],
              [
                -118.449722372691,
                34.2116301793904
              ],
              [
                -118.449737371585,
                34.2116916768305
              ],
              [
                -118.449743835911,
                34.2117541932026
              ],
              [
                -118.449741679337,
                34.2118169146201
              ],
              [
                -118.449730931539,
                34.2118790226999
              ],
              [
                -118.449711731014,
                34.2119397089516
              ],
              [
                -118.44968432957,
                34.211998180173
              ],
              [
                -118.449649083341,
                34.2120536755378
              ],
              [
                -118.449606451878,
                34.2121054719911
              ],
              [
                -118.449556991864,
                34.2121528932426
              ],
              [
                -118.449501347212,
                34.2121953214581
              ],
              [
                -118.449440242775,
                34.2122322035545
              ],
              [
                -118.449374477152,
                34.2122630583946
              ],
              [
                -118.449304906498,
                34.2122874839814
              ],
              [
                -118.449232437329,
                34.2123051619549
              ],
              [
                -118.449158014833,
                34.2123158611892
              ],
              [
                -118.449082609377,
                34.2123194440882
              ],
              [
                -118.449007203921,
                34.2123158611892
              ],
              [
                -118.448932781425,
                34.2123051619548
              ],
              [
                -118.448860312256,
                34.2122874839814
              ]
            ]
          ]
        ]
      },
      "properties": {
        "OBJECTID": 1,
        "buffer": "200 feet",
        "Shape__Area": 7372378.0302734375,
        "Shape__Length": 57253.36289964962
      }
    },
    {
      "type": "Feature",
      "id": 2,
      "geometry": {
        "type": "MultiPolygon",
        "coordinates": [
          [
            [
              [
                -118.433681050242,
                34.0315838103457
              ],
              [
                -118.434186823565,
                34.0315592858335
              ],
              [
                -118.434692596888,
                34.0315838103457
              ],
              [
                -118.435191530867,
                34.0316570529318
              ],
              [
                -118.435495543986,
                34.0317328262101
              ],
              [
                -118.435684709184,
                34.0317605945769
              ],
              [
                -118.436170058903,
                34.031881564184
              ],
              [
                -118.436635260211,
                34.0320486249452
              ],
              [
                -118.43707402325,
                34.0322595186631
              ],
              [
                -118.437480415191,
                34.0325113935871
              ],
              [
                -118.437848939379,
                34.0328008430856
              ],
              [
                -118.437873215678,
                34.0328249287286
              ],
              [
                -118.437918941708,
                34.0328608431546
              ],
              [
                -118.438244615898,
                34.0331839533779
              ],
              [
                -118.438523034313,
                34.0335363563189
              ],
              [
                -118.438750432389,
                34.0339132855708
              ],
              [
                -118.438923734445,
                34.0343096446755
              ],
              [
                -118.439040595949,
                34.0347200736736
              ],
              [
                -118.439099435892,
                34.0351390219494
              ],
              [
                -118.439099457476,
                34.0355608246735
              ],
              [
                -118.439040659801,
                34.0359797765466
              ],
              [
                -118.438923836968,
                34.0363902136386
              ],
              [
                -118.438750567287,
                34.0367865844345
              ],
              [
                -118.438523195291,
                34.0371635280755
              ],
              [
                -118.438244793065,
                34.037515946305
              ],
              [
                -118.437919126968,
                34.0378390745148
              ],
              [
                -118.437550600082,
                34.0381285419998
              ],
              [
                -118.43714419555,
                34.0383804331116
              ],
              [
                -118.436705410928,
                34.0385913421179
              ],
              [
                -118.436240179043,
                34.038758416369
              ],
              [
                -118.435754793351,
                34.0388793958686
              ],
              [
                -118.4354429957,
                34.0389251668641
              ],
              [
                -118.43521401122,
                34.0389822387405
              ],
              [
                -118.435093802439,
                34.038999886137
              ],
              [
                -118.434774795822,
                34.0390793951991
              ],
              [
                -118.434275818676,
                34.0391526440804
              ],
              [
                -118.433770000387,
                34.0391771703913
              ],
              [
                -118.433264182098,
                34.0391526440804
              ],
              [
                -118.432765204952,
                34.0390793951991
              ],
              [
                -118.432279818361,
                34.0389584165989
              ],
              [
                -118.431814585577,
                34.0387913423477
              ],
              [
                -118.431375799156,
                34.0385804333415
              ],
              [
                -118.430969394624,
                34.0383285422296
              ],
              [
                -118.430600866839,
                34.0380390747447
              ],
              [
                -118.430275198943,
                34.0377159465349
              ],
              [
                -118.429996796717,
                34.037363527406
              ],
              [
                -118.429769423822,
                34.0369865846643
              ],
              [
                -118.429596154141,
                34.0365902138685
              ],
              [
                -118.42957636456,
                34.0365206863817
              ],
              [
                -118.429576157716,
                34.0365202133383
              ],
              [
                -118.429459334883,
                34.0361097762463
              ],
              [
                -118.429400537207,
                34.0356908243732
              ],
              [
                -118.429400540804,
                34.0356208238431
              ],
              [
                -118.429400558791,
                34.0352690216492
              ],
              [
                -118.429400562388,
                34.0351990211191
              ],
              [
                -118.429459401432,
                34.0347800728432
              ],
              [
                -118.429576262936,
                34.0343696438452
              ],
              [
                -118.429749564993,
                34.0339732847405
              ],
              [
                -118.429976963968,
                34.0335963554886
              ],
              [
                -118.430255382382,
                34.0332439525475
              ],
              [
                -118.430581056573,
                34.0329208423241
              ],
              [
                -118.43094958166,
                34.0326313928256
              ],
              [
                -118.431355973601,
                34.0323795179016
              ],
              [
                -118.431695217662,
                34.0322164591235
              ],
              [
                -118.431792803097,
                34.0321559770179
              ],
              [
                -118.432231566136,
                34.0319450833001
              ],
              [
                -118.432696766545,
                34.0317780225389
              ],
              [
                -118.433182116264,
                34.0316570529318
              ],
              [
                -118.433681050242,
                34.0315838103457
              ]
            ]
          ],
          [
            [
              [
                -118.443807448857,
                34.0440278589997
              ],
              [
                -118.444313295924,
                34.0440033335881
              ],
              [
                -118.444819142991,
                34.0440278589997
              ],
              [
                -118.445318150714,
                34.0441011006864
              ],
              [
                -118.44580357058,
                34.0442220693941
              ],
              [
                -118.446268839338,
                34.0443891301554
              ],
              [
                -118.446707666228,
                34.0446000238732
              ],
              [
                -118.447114116625,
                34.0448518978979
              ],
              [
                -118.447482693873,
                34.0451413464971
              ],
              [
                -118.447808414829,
                34.0454644567205
              ],
              [
                -118.448086873712,
                34.0458168587622
              ],
              [
                -118.448314305063,
                34.0461937871147
              ],
              [
                -118.448487631401,
                34.0465901453201
              ],
              [
                -118.448604509992,
                34.0470005734189
              ],
              [
                -118.44866335803,
                34.0474195216947
              ],
              [
                -118.448663379613,
                34.0478413226201
              ],
              [
                -118.448604572945,
                34.0482602744932
              ],
              [
                -118.448487733924,
                34.0486707106859
              ],
              [
                -118.448314439962,
                34.0490670796831
              ],
              [
                -118.448087034691,
                34.0494440224248
              ],
              [
                -118.447808592894,
                34.0497964415537
              ],
              [
                -118.447482879134,
                34.0501195688642
              ],
              [
                -118.447114299188,
                34.0504090354498
              ],
              [
                -118.4467078362,
                34.0506609265617
              ],
              [
                -118.446268987726,
                34.0508718346686
              ],
              [
                -118.445803689291,
                34.0510389080203
              ],
              [
                -118.445318233452,
                34.05115988752
              ],
              [
                -118.444819186159,
                34.051233135502
              ],
              [
                -118.444313295924,
                34.0512576618128
              ],
              [
                -118.443807405689,
                34.0512331355019
              ],
              [
                -118.443308358396,
                34.0511598875199
              ],
              [
                -118.442822902557,
                34.0510389080204
              ],
              [
                -118.442357604122,
                34.0508718346686
              ],
              [
                -118.441918755648,
                34.0506609265617
              ],
              [
                -118.44151229266,
                34.0504090354498
              ],
              [
                -118.441143712714,
                34.0501195688642
              ],
              [
                -118.440817998954,
                34.0497964415537
              ],
              [
                -118.440539557157,
                34.0494440224248
              ],
              [
                -118.440312151886,
                34.0490670796832
              ],
              [
                -118.440138857924,
                34.0486707106859
              ],
              [
                -118.440022018903,
                34.0482602744932
              ],
              [
                -118.439963212235,
                34.0478413226201
              ],
              [
                -118.439963233818,
                34.0474195216947
              ],
              [
                -118.440022081856,
                34.0470005734189
              ],
              [
                -118.440138960447,
                34.0465901453201
              ],
              [
                -118.440312286785,
                34.0461937871147
              ],
              [
                -118.440539718136,
                34.0458168587622
              ],
              [
                -118.440818177019,
                34.0454644567205
              ],
              [
                -118.441143897975,
                34.0451413464971
              ],
              [
                -118.441512475223,
                34.0448518978979
              ],
              [
                -118.44191892562,
                34.0446000238732
              ],
              [
                -118.44235775251,
                34.0443891301554
              ],
              [
                -118.442823021268,
                34.0442220693941
              ],
              [
                -118.443308441134,
                34.0441011006864
              ],
              [
                -118.443807448857,
                34.0440278589997
              ]
            ]
          ],
          [
            [
              [
                -118.233940147122,
                34.0597952398596
              ],
              [
                -118.233570718216,
                34.059703185255
              ],
              [
                -118.233203148209,
                34.0596492403214
              ],
              [
                -118.232717644706,
                34.0595282617211
              ],
              [
                -118.232252299506,
                34.0593611883693
              ],
              [
                -118.231813406965,
                34.0591502802624
              ],
              [
                -118.231406904407,
                34.0588983900499
              ],
              [
                -118.231038287589,
                34.0586089234642
              ],
              [
                -118.230712541453,
                34.0582857961538
              ],
              [
                -118.230567355801,
                34.0581020574652
              ],
              [
                -118.230302313003,
                34.0578939228674
              ],
              [
                -118.229976570465,
                34.057570795557
              ],
              [
                -118.229698102587,
                34.0572183782267
              ],
              [
                -118.229470676633,
                34.056841435485
              ],
              [
                -118.229297367382,
                34.0564450664878
              ],
              [
                -118.22918051667,
                34.0560346311944
              ],
              [
                -118.229121704605,
                34.0556156802207
              ],
              [
                -118.229121726189,
                34.0551938792953
              ],
              [
                -118.229180580522,
                34.0547749319187
              ],
              [
                -118.229297469005,
                34.0543645047193
              ],
              [
                -118.229470811531,
                34.0539681465139
              ],
              [
                -118.229698263566,
                34.0535912190607
              ],
              [
                -118.229705575054,
                34.0535819668355
              ],
              [
                -118.229748266771,
                34.0535112189687
              ],
              [
                -118.230026750836,
                34.053158816927
              ],
              [
                -118.230352501469,
                34.052835707603
              ],
              [
                -118.230721111992,
                34.0525462590038
              ],
              [
                -118.231127599261,
                34.052294384979
              ],
              [
                -118.231566465722,
                34.0520834921606
              ],
              [
                -118.232031776747,
                34.0519164313993
              ],
              [
                -118.23251724068,
                34.0517954626916
              ],
              [
                -118.232547678235,
                34.051790995759
              ],
              [
                -118.232696474665,
                34.0517194924618
              ],
              [
                -118.233161783891,
                34.0515524317005
              ],
              [
                -118.233647245126,
                34.0514314629928
              ],
              [
                -118.234146296017,
                34.0513582204067
              ],
              [
                -118.234652186252,
                34.0513336958945
              ],
              [
                -118.234676500322,
                34.0513348749058
              ],
              [
                -118.234680185744,
                34.0513346959407
              ],
              [
                -118.235186075979,
                34.0513592204528
              ],
              [
                -118.235685126869,
                34.0514324630389
              ],
              [
                -118.236170588104,
                34.0515534317466
              ],
              [
                -118.236635897331,
                34.0517204925079
              ],
              [
                -118.237074761993,
                34.0519313853264
              ],
              [
                -118.237481247464,
                34.0521832584518
              ],
              [
                -118.237849856188,
                34.0524727079503
              ],
              [
                -118.238106636015,
                34.0527274067456
              ],
              [
                -118.238226983291,
                34.0527573946392
              ],
              [
                -118.238692298813,
                34.0529244545012
              ],
              [
                -118.23913116887,
                34.0531353473196
              ],
              [
                -118.239537660637,
                34.0533872213444
              ],
              [
                -118.239906274757,
                34.0536766699436
              ],
              [
                -118.240232028088,
                34.0539997792676
              ],
              [
                -118.24051051485,
                34.0543521813093
              ],
              [
                -118.240737968684,
                34.0547291096618
              ],
              [
                -118.240865662522,
                34.055021085356
              ],
              [
                -118.240880575081,
                34.0549149311803
              ],
              [
                -118.240997463564,
                34.0545045039808
              ],
              [
                -118.241170806989,
                34.0541081457755
              ],
              [
                -118.241398259025,
                34.0537312183223
              ],
              [
                -118.241676743989,
                34.0533788162805
              ],
              [
                -118.241848536083,
                34.0532084172359
              ],
              [
                -118.241966758261,
                34.0530588159128
              ],
              [
                -118.242292507995,
                34.0527357065888
              ],
              [
                -118.242661118518,
                34.0524462579896
              ],
              [
                -118.243067604888,
                34.0521943839648
              ],
              [
                -118.24330364365,
                34.0520809578711
              ],
              [
                -118.243659614202,
                34.0518603847502
              ],
              [
                -118.243808795542,
                34.0517886970918
              ],
              [
                -118.243902545368,
                34.0516957053937
              ],
              [
                -118.244271151395,
                34.0514062567945
              ],
              [
                -118.244677632369,
                34.0511543827697
              ],
              [
                -118.245116493434,
                34.0509434899513
              ],
              [
                -118.245581798164,
                34.0507764300893
              ],
              [
                -118.245619977082,
                34.0507669161614
              ],
              [
                -118.245610786011,
                34.0507346313993
              ],
              [
                -118.245551977544,
                34.0503156795262
              ],
              [
                -118.245551999128,
                34.0498938786008
              ],
              [
                -118.245610849863,
                34.0494749312242
              ],
              [
                -118.245727731152,
                34.0490645031255
              ],
              [
                -118.245901062886,
                34.0486681449201
              ],
              [
                -118.246128500532,
                34.0482912165676
              ],
              [
                -118.24640696751,
                34.0479388145259
              ],
              [
                -118.246732698357,
                34.0476157043025
              ],
              [
                -118.247101286397,
                34.0473262557033
              ],
              [
                -118.247397251484,
                34.0471428542605
              ],
              [
                -118.247491144303,
                34.0469281447193
              ],
              [
                -118.247718577453,
                34.0465512154674
              ],
              [
                -118.247997039034,
                34.0461988134257
              ],
              [
                -118.248322761788,
                34.0458757041016
              ],
              [
                -118.248691343533,
                34.0455862546031
              ],
              [
                -118.249097796628,
                34.0453343805783
              ],
              [
                -118.249536627116,
                34.0451234877599
              ],
              [
                -118.250001900369,
                34.0449564269987
              ],
              [
                -118.250487324732,
                34.0448354573916
              ],
              [
                -118.250986336053,
                34.0447622157049
              ],
              [
                -118.251492187616,
                34.0447376911926
              ],
              [
                -118.25199803918,
                34.0447622157049
              ],
              [
                -118.252497050501,
                34.0448354573916
              ],
              [
                -118.252982474863,
                34.0449564269987
              ],
              [
                -118.253188942118,
                34.0450305617122
              ],
              [
                -118.253212477376,
                34.0450364261913
              ],
              [
                -118.25367775063,
                34.0452034869526
              ],
              [
                -118.254116581117,
                34.045414379771
              ],
              [
                -118.254523035112,
                34.0456662537958
              ],
              [
                -118.254556067211,
                34.0456921938408
              ],
              [
                -118.25458277168,
                34.0456657034107
              ],
              [
                -118.254951351626,
                34.0453762539122
              ],
              [
                -118.255357804721,
                34.0451243798874
              ],
              [
                -118.255796634309,
                34.044913487069
              ],
              [
                -118.256261905764,
                34.0447464263077
              ],
              [
                -118.256747329228,
                34.0446254567006
              ],
              [
                -118.25697998564,
                34.0445913094425
              ],
              [
                -118.257267923378,
                34.0445195534357
              ],
              [
                -118.2577669329,
                34.0444463117491
              ],
              [
                -118.258272782665,
                34.0444217872369
              ],
              [
                -118.25877863243,
                34.0444463117491
              ],
              [
                -118.259277641952,
                34.0445195534358
              ],
              [
                -118.259763064516,
                34.0446405230429
              ],
              [
                -118.260228335971,
                34.0448075838041
              ],
              [
                -118.26066716466,
                34.0450184766226
              ],
              [
                -118.261073616856,
                34.0452703506473
              ],
              [
                -118.261442195903,
                34.0455597992465
              ],
              [
                -118.261767918657,
                34.0458829094699
              ],
              [
                -118.261900674778,
                34.0460509181165
              ],
              [
                -118.261980623609,
                34.0461137024865
              ],
              [
                -118.262306348162,
                34.0464368127099
              ],
              [
                -118.262377773218,
                34.0465272026694
              ],
              [
                -118.262473066281,
                34.0465862539536
              ],
              [
                -118.262841651623,
                34.0468757025528
              ],
              [
                -118.263167378874,
                34.0471988127762
              ],
              [
                -118.263445843153,
                34.0475512148179
              ],
              [
                -118.263673279001,
                34.0479281431704
              ],
              [
                -118.263846609835,
                34.0483245013758
              ],
              [
                -118.263963490225,
                34.0487349294746
              ],
              [
                -118.264022340061,
                34.0491538768511
              ],
              [
                -118.264022361645,
                34.0495756777765
              ],
              [
                -118.263963554077,
                34.0499946296496
              ],
              [
                -118.263846711459,
                34.050405064943
              ],
              [
                -118.263673413899,
                34.0508014348395
              ],
              [
                -118.263446004132,
                34.0511783775813
              ],
              [
                -118.263167556939,
                34.0515307958107
              ],
              [
                -118.262841836883,
                34.0518539231212
              ],
              [
                -118.262473248843,
                34.0521433897069
              ],
              [
                -118.262066777762,
                34.0523952808187
              ],
              [
                -118.261627921194,
                34.0526061889257
              ],
              [
                -118.261162612866,
                34.0527732622774
              ],
              [
                -118.260677147135,
                34.052894241777
              ],
              [
                -118.26017808905,
                34.052967489759
              ],
              [
                -118.259672188923,
                34.0529920160699
              ],
              [
                -118.259166288795,
                34.052967489759
              ],
              [
                -118.25866723071,
                34.052894241777
              ],
              [
                -118.258181764979,
                34.0527732622774
              ],
              [
                -118.257716456651,
                34.0526061889256
              ],
              [
                -118.25731713518,
                34.0524142807956
              ],
              [
                -118.256911772962,
                34.0523132635475
              ],
              [
                -118.256446467333,
                34.0521461892964
              ],
              [
                -118.256007612563,
                34.0519352811894
              ],
              [
                -118.25560114418,
                34.0516833900775
              ],
              [
                -118.255232557938,
                34.0513939234919
              ],
              [
                -118.25501301544,
                34.0511761274775
              ],
              [
                -118.254767554481,
                34.0514867964796
              ],
              [
                -118.254761511037,
                34.0514927913604
              ],
              [
                -118.254706773801,
                34.0516850655145
              ],
              [
                -118.254533473543,
                34.052081435411
              ],
              [
                -118.254306060179,
                34.0524583772535
              ],
              [
                -118.254027608489,
                34.052810795483
              ],
              [
                -118.253701883937,
                34.0531339227935
              ],
              [
                -118.253333290501,
                34.0534233893791
              ],
              [
                -118.252926813124,
                34.053675280491
              ],
              [
                -118.252487949362,
                34.0538861885979
              ],
              [
                -118.252022634739,
                34.0540532619496
              ],
              [
                -118.251537161813,
                34.0541742414493
              ],
              [
                -118.251422595379,
                34.0541910560736
              ],
              [
                -118.251422605271,
                34.0543956788187
              ],
              [
                -118.251363795005,
                34.0548146297925
              ],
              [
                -118.251246946092,
                34.0552250650859
              ],
              [
                -118.25107363864,
                34.0556214349824
              ],
              [
                -118.250846216282,
                34.0559983768248
              ],
              [
                -118.250567752902,
                34.0563507950543
              ],
              [
                -118.25024201396,
                34.0566739223648
              ],
              [
                -118.249873405236,
                34.0569633889504
              ],
              [
                -118.249466911671,
                34.057215279163
              ],
              [
                -118.249317763606,
                34.0572869533314
              ],
              [
                -118.249224042558,
                34.0573799225466
              ],
              [
                -118.248855430236,
                34.0576693891322
              ],
              [
                -118.248466749543,
                34.0579102392673
              ],
              [
                -118.248342065736,
                34.0580339221289
              ],
              [
                -118.247973450716,
                34.0583233887146
              ],
              [
                -118.247566950856,
                34.0585752789271
              ],
              [
                -118.247128061913,
                34.0587861870341
              ],
              [
                -118.246662719411,
                34.0589532603859
              ],
              [
                -118.246177218606,
                34.0590742398854
              ],
              [
                -118.245678124548,
                34.0591474878674
              ],
              [
                -118.245172187548,
                34.0591720141782
              ],
              [
                -118.244666250549,
                34.0591474878674
              ],
              [
                -118.244167156491,
                34.0590742398854
              ],
              [
                -118.243681655686,
                34.0589532603859
              ],
              [
                -118.243216313184,
                34.0587861870341
              ],
              [
                -118.242777424241,
                34.0585752789271
              ],
              [
                -118.242370924381,
                34.0583233887146
              ],
              [
                -118.242002309361,
                34.0580339221289
              ],
              [
                -118.241676565923,
                34.0577107948185
              ],
              [
                -118.241398098046,
                34.0573583774883
              ],
              [
                -118.241170672091,
                34.0569814347466
              ],
              [
                -118.24104312754,
                34.056689734245
              ],
              [
                -118.241028267143,
                34.0567955934431
              ],
              [
                -118.240911415532,
                34.0572060287364
              ],
              [
                -118.240738104482,
                34.0576023977337
              ],
              [
                -118.240510675829,
                34.0579793404753
              ],
              [
                -118.240232206154,
                34.0583317578056
              ],
              [
                -118.239906460017,
                34.058654885116
              ],
              [
                -118.239537843199,
                34.0589443517016
              ],
              [
                -118.239131339742,
                34.0591962419142
              ],
              [
                -118.238692447201,
                34.0594071500212
              ],
              [
                -118.238227102001,
                34.0595742233729
              ],
              [
                -118.237741597599,
                34.0596952019732
              ],
              [
                -118.237242499944,
                34.0597684499552
              ],
              [
                -118.236736559347,
                34.0597929771653
              ],
              [
                -118.23623061875,
                34.0597684499552
              ],
              [
                -118.23612181787,
                34.0597524824923
              ],
              [
                -118.235950225425,
                34.0597952398596
              ],
              [
                -118.235451127769,
                34.0598684878416
              ],
              [
                -118.234945186273,
                34.0598930141525
              ],
              [
                -118.234439244777,
                34.0598684878416
              ],
              [
                -118.233940147122,
                34.0597952398596
              ]
            ]
          ],
          [
            [
              [
                -118.275481291131,
                34.0533022201225
              ],
              [
                -118.275987193057,
                34.0532776956103
              ],
              [
                -118.276493094982,
                34.0533022201225
              ],
              [
                -118.276992156665,
                34.0533754618092
              ],
              [
                -118.277078130054,
                34.0533968845598
              ],
              [
                -118.277225157517,
                34.0534184619936
              ],
              [
                -118.277710630443,
                34.0535394307013
              ],
              [
                -118.278175950462,
                34.0537064914626
              ],
              [
                -118.278614825016,
                34.053917384281
              ],
              [
                -118.27902131948,
                34.0541692574065
              ],
              [
                -118.279389938097,
                34.0544587060056
              ],
              [
                -118.279715694126,
                34.054781816229
              ],
              [
                -118.279994183587,
                34.0551342173714
              ],
              [
                -118.280221639219,
                34.055511145724
              ],
              [
                -118.280394985342,
                34.05590750303
              ],
              [
                -118.280511876524,
                34.0563179302295
              ],
              [
                -118.280570730857,
                34.056736877606
              ],
              [
                -118.28057075244,
                34.0571586785313
              ],
              [
                -118.280511939477,
                34.0575776295052
              ],
              [
                -118.280395086966,
                34.0579880647985
              ],
              [
                -118.280221774118,
                34.0583844337958
              ],
              [
                -118.279994344565,
                34.0587613756381
              ],
              [
                -118.279715872192,
                34.0591137938677
              ],
              [
                -118.279390123358,
                34.0594369211781
              ],
              [
                -118.279262432218,
                34.0595371928883
              ],
              [
                -118.279191130368,
                34.0596079200706
              ],
              [
                -118.278822509054,
                34.0598973866562
              ],
              [
                -118.2784160011,
                34.0601492768688
              ],
              [
                -118.277977104062,
                34.060360185875
              ],
              [
                -118.277511753467,
                34.0605272583275
              ],
              [
                -118.277026243668,
                34.0606482378271
              ],
              [
                -118.276527139718,
                34.0607214858091
              ],
              [
                -118.276021193725,
                34.0607460121199
              ],
              [
                -118.275515247733,
                34.0607214858091
              ],
              [
                -118.275016143782,
                34.0606482378271
              ],
              [
                -118.274530633984,
                34.0605272583275
              ],
              [
                -118.274065283388,
                34.060360185875
              ],
              [
                -118.273626386351,
                34.0601492768687
              ],
              [
                -118.273219878397,
                34.0598973866562
              ],
              [
                -118.272851257082,
                34.0596079200706
              ],
              [
                -118.272525507348,
                34.0592847936595
              ],
              [
                -118.272247034975,
                34.0589323754299
              ],
              [
                -118.272019604523,
                34.0585554335875
              ],
              [
                -118.271846290776,
                34.0581590645904
              ],
              [
                -118.271729438265,
                34.057748629297
              ],
              [
                -118.271703237417,
                34.0575619866975
              ],
              [
                -118.271695448388,
                34.0575346293208
              ],
              [
                -118.271636635424,
                34.0571156783471
              ],
              [
                -118.271636657008,
                34.0566938774217
              ],
              [
                -118.27169551224,
                34.0562749300451
              ],
              [
                -118.271812402522,
                34.0558645028457
              ],
              [
                -118.271985748646,
                34.0554681455397
              ],
              [
                -118.272213204278,
                34.0550912171871
              ],
              [
                -118.272491693739,
                34.0547388160447
              ],
              [
                -118.272817449768,
                34.0544157058214
              ],
              [
                -118.273186067485,
                34.0541262572222
              ],
              [
                -118.273592561949,
                34.0538743840967
              ],
              [
                -118.274031436504,
                34.0536634912783
              ],
              [
                -118.274496756522,
                34.053496430517
              ],
              [
                -118.274982229448,
                34.0533754618093
              ],
              [
                -118.275481291131,
                34.0533022201225
              ]
            ]
          ],
          [
            [
              [
                -118.443337980266,
                34.054942730124
              ],
              [
                -118.443837050941,
                34.0548694884373
              ],
              [
                -118.44434296276,
                34.0548449639251
              ],
              [
                -118.444848874578,
                34.0548694884373
              ],
              [
                -118.445120520198,
                34.0549093544843
              ],
              [
                -118.445278721738,
                34.054869934501
              ],
              [
                -118.445777792413,
                34.0547966928143
              ],
              [
                -118.446283703332,
                34.0547721683021
              ],
              [
                -118.446696431897,
                34.0547921755196
              ],
              [
                -118.445788373836,
                34.0553348048585
              ],
              [
                -118.450027116061,
                34.0602518283604
              ],
              [
                -118.44977944187,
                34.0605652645765
              ],
              [
                -118.44945368764,
                34.0608883918869
              ],
              [
                -118.449085060929,
                34.0611778575732
              ],
              [
                -118.44867854668,
                34.0614297486851
              ],
              [
                -118.448239642448,
                34.061640656792
              ],
              [
                -118.447774285557,
                34.0618077301438
              ],
              [
                -118.447288767665,
                34.0619287087441
              ],
              [
                -118.446860504211,
                34.0619915596639
              ],
              [
                -118.446427598457,
                34.062199583645
              ],
              [
                -118.445962237969,
                34.0623666569968
              ],
              [
                -118.445476717379,
                34.0624876355971
              ],
              [
                -118.444977602636,
                34.0625608835791
              ],
              [
                -118.444471645852,
                34.0625854107892
              ],
              [
                -118.443965689067,
                34.0625608835791
              ],
              [
                -118.443764479249,
                34.062531355239
              ],
              [
                -118.443416264451,
                34.0625144749642
              ],
              [
                -118.442917150608,
                34.0624412269822
              ],
              [
                -118.442431630018,
                34.0623202483819
              ],
              [
                -118.44196626953,
                34.0621531750301
              ],
              [
                -118.441527363499,
                34.0619422669232
              ],
              [
                -118.441120847451,
                34.0616903767107
              ],
              [
                -118.440752218043,
                34.0614009110244
              ],
              [
                -118.440426461114,
                34.0610777837139
              ],
              [
                -118.440147982446,
                34.0607253663837
              ],
              [
                -118.439920547497,
                34.060348423642
              ],
              [
                -118.439747230153,
                34.0599520555441
              ],
              [
                -118.439630374944,
                34.0595416202507
              ],
              [
                -118.439571561081,
                34.0591226692769
              ],
              [
                -118.439571582665,
                34.0587008683516
              ],
              [
                -118.439630438796,
                34.0582819218743
              ],
              [
                -118.439747332675,
                34.0578714946749
              ],
              [
                -118.439920682396,
                34.0574751364696
              ],
              [
                -118.440148143424,
                34.0570982090163
              ],
              [
                -118.44042663918,
                34.0567458078739
              ],
              [
                -118.440752403303,
                34.0564226976506
              ],
              [
                -118.440759883864,
                34.0564168241782
              ],
              [
                -118.440847398691,
                34.0563060834601
              ],
              [
                -118.441173161015,
                34.0559829741361
              ],
              [
                -118.441541785927,
                34.055693525537
              ],
              [
                -118.441948287586,
                34.0554416524114
              ],
              [
                -118.442387170234,
                34.055230759593
              ],
              [
                -118.442852498346,
                34.0550636988318
              ],
              [
                -118.443337980266,
                34.054942730124
              ]
            ]
          ],
          [
            [
              [
                -118.413526974293,
                34.0619361830096
              ],
              [
                -118.412216176438,
                34.0601058980699
              ],
              [
                -118.411693782744,
                34.0603650440127
              ],
              [
                -118.411588589944,
                34.0601244726675
              ],
              [
                -118.411471734735,
                34.0597140373741
              ],
              [
                -118.411412919972,
                34.0592950864003
              ],
              [
                -118.411412941556,
                34.0588732854749
              ],
              [
                -118.411471797687,
                34.0584543389977
              ],
              [
                -118.411588692466,
                34.0580439117982
              ],
              [
                -118.411762042187,
                34.0576475535929
              ],
              [
                -118.411989504114,
                34.0572706261396
              ],
              [
                -118.41226799987,
                34.0569182249972
              ],
              [
                -118.412272408347,
                34.0569138524934
              ],
              [
                -118.412354631563,
                34.0568098090267
              ],
              [
                -118.412680395686,
                34.0564866988032
              ],
              [
                -118.413049023296,
                34.0561972502041
              ],
              [
                -118.413455527653,
                34.0559453770786
              ],
              [
                -118.4138944121,
                34.0557344842602
              ],
              [
                -118.414359743809,
                34.0555674243983
              ],
              [
                -118.414845228427,
                34.0554464547912
              ],
              [
                -118.4153443018,
                34.0553732131044
              ],
              [
                -118.415850216317,
                34.0553486885922
              ],
              [
                -118.416356130833,
                34.0553732131044
              ],
              [
                -118.416855204206,
                34.0554464547912
              ],
              [
                -118.417340688824,
                34.0555674243982
              ],
              [
                -118.417806020534,
                34.0557344842602
              ],
              [
                -118.41824490498,
                34.0559453770786
              ],
              [
                -118.418651409337,
                34.0561972502041
              ],
              [
                -118.419020036947,
                34.0564866988032
              ],
              [
                -118.41934580107,
                34.0568098090266
              ],
              [
                -118.419624296826,
                34.057162210169
              ],
              [
                -118.419851757854,
                34.0575391376223
              ],
              [
                -118.420025108474,
                34.0579354958277
              ],
              [
                -118.420142002354,
                34.058345923027
              ],
              [
                -118.420200857586,
                34.0587648695043
              ],
              [
                -118.420200879169,
                34.0591866704296
              ],
              [
                -118.420142065306,
                34.0596056214034
              ],
              [
                -118.420025210097,
                34.0600160566968
              ],
              [
                -118.419851892753,
                34.0604124247947
              ],
              [
                -118.419624457805,
                34.0607893675364
              ],
              [
                -118.419345978236,
                34.0611417848666
              ],
              [
                -118.419341572458,
                34.0611461555718
              ],
              [
                -118.419259355537,
                34.0612502008372
              ],
              [
                -118.418933598609,
                34.0615733281477
              ],
              [
                -118.4185649692,
                34.061862793834
              ],
              [
                -118.418158451354,
                34.0621146840466
              ],
              [
                -118.417719544424,
                34.0623255921536
              ],
              [
                -118.417254183036,
                34.0624926655053
              ],
              [
                -118.416768661547,
                34.0626136441056
              ],
              [
                -118.416269546804,
                34.0626868920875
              ],
              [
                -118.41576358912,
                34.0627114192977
              ],
              [
                -118.415257631437,
                34.0626868920875
              ],
              [
                -118.414758516694,
                34.0626136441055
              ],
              [
                -118.414272995205,
                34.0624926655053
              ],
              [
                -118.413807633817,
                34.0623255921535
              ],
              [
                -118.413805294681,
                34.062324468001
              ],
              [
                -118.413628888165,
                34.06207829298
              ],
              [
                -118.413526974293,
                34.0619361830096
              ]
            ]
          ],
          [
            [
              [
                -118.377326403893,
                34.0620955464734
              ],
              [
                -118.377318702099,
                34.0616664466504
              ],
              [
                -118.377659791568,
                34.0617514298857
              ],
              [
                -118.378125156553,
                34.061918490647
              ],
              [
                -118.378564073375,
                34.0621293825661
              ],
              [
                -118.37897060741,
                34.0623812565909
              ],
              [
                -118.3793392611,
                34.0626707042908
              ],
              [
                -118.37962329668,
                34.0629524043311
              ],
              [
                -118.379464773183,
                34.0629528387037
              ],
              [
                -118.377341742729,
                34.0629589136241
              ],
              [
                -118.377326403893,
                34.0620955464734
              ]
            ]
          ],
          [
            [
              [
                -118.305067816429,
                34.0639783734044
              ],
              [
                -118.304986256912,
                34.0638432053009
              ],
              [
                -118.304947073451,
                34.0638927912205
              ],
              [
                -118.30462130663,
                34.0642159176316
              ],
              [
                -118.304252664631,
                34.0645053842173
              ],
              [
                -118.303846135093,
                34.0647572744298
              ],
              [
                -118.303407213774,
                34.0649681825368
              ],
              [
                -118.302941838897,
                34.0651352558885
              ],
              [
                -118.302456302119,
                34.0652562344888
              ],
              [
                -118.301957172088,
                34.0653294824708
              ],
              [
                -118.301451198216,
                34.0653540087817
              ],
              [
                -118.300945224345,
                34.0653294824708
              ],
              [
                -118.300446094314,
                34.0652562344888
              ],
              [
                -118.299960557536,
                34.0651352558885
              ],
              [
                -118.299617945514,
                34.0650122556123
              ],
              [
                -118.299501558852,
                34.0649832560736
              ],
              [
                -118.299036183975,
                34.0648161827218
              ],
              [
                -118.298597264454,
                34.0646052746148
              ],
              [
                -118.298190734917,
                34.0643533844023
              ],
              [
                -118.297822094716,
                34.0640639178167
              ],
              [
                -118.297496327895,
                34.0637407914056
              ],
              [
                -118.297217840233,
                34.0633883740754
              ],
              [
                -118.29699039809,
                34.063011432233
              ],
              [
                -118.29681707535,
                34.0626150632358
              ],
              [
                -118.296808963465,
                34.0625865727134
              ],
              [
                -118.296747085612,
                34.0624450625908
              ],
              [
                -118.296630226806,
                34.0620346272974
              ],
              [
                -118.296571411144,
                34.0616156772229
              ],
              [
                -118.296571432728,
                34.0611938762975
              ],
              [
                -118.296630289758,
                34.0607749298203
              ],
              [
                -118.296747187235,
                34.0603645026208
              ],
              [
                -118.296920542351,
                34.0599681453148
              ],
              [
                -118.297148009675,
                34.0595912178616
              ],
              [
                -118.297426513525,
                34.0592388167191
              ],
              [
                -118.29775228754,
                34.0589157064958
              ],
              [
                -118.298120925043,
                34.0586262587959
              ],
              [
                -118.298527441091,
                34.0583743847712
              ],
              [
                -118.298966338128,
                34.0581634919528
              ],
              [
                -118.299431682428,
                34.0579964320909
              ],
              [
                -118.299917181435,
                34.0578754633831
              ],
              [
                -118.300416269198,
                34.057802220797
              ],
              [
                -118.300922198103,
                34.0577776971841
              ],
              [
                -118.301428127009,
                34.057802220797
              ],
              [
                -118.301927214771,
                34.0578754633832
              ],
              [
                -118.302412713778,
                34.0579964320908
              ],
              [
                -118.302878058078,
                34.0581634919527
              ],
              [
                -118.303316955116,
                34.0583743847712
              ],
              [
                -118.303723471163,
                34.0586262587959
              ],
              [
                -118.303760457581,
                34.0586552997035
              ],
              [
                -118.303845964222,
                34.0586963861305
              ],
              [
                -118.304252482069,
                34.0589482592559
              ],
              [
                -118.30462112047,
                34.0592377078551
              ],
              [
                -118.304946895385,
                34.0595608171791
              ],
              [
                -118.305087675258,
                34.0597389503934
              ],
              [
                -118.305273503072,
                34.0595038163492
              ],
              [
                -118.305599277986,
                34.0591807070252
              ],
              [
                -118.305967916388,
                34.058891258426
              ],
              [
                -118.306374433336,
                34.0586393844012
              ],
              [
                -118.306813333071,
                34.0584284924821
              ],
              [
                -118.307278678271,
                34.0582614317209
              ],
              [
                -118.307764178176,
                34.0581404630131
              ],
              [
                -118.308263267738,
                34.0580672213264
              ],
              [
                -118.308769198442,
                34.0580426968142
              ],
              [
                -118.309275129146,
                34.0580672213264
              ],
              [
                -118.309774218707,
                34.0581404630131
              ],
              [
                -118.310259718613,
                34.0582614317209
              ],
              [
                -118.310725063813,
                34.0584284924821
              ],
              [
                -118.311163963548,
                34.0586393844012
              ],
              [
                -118.311570480495,
                34.058891258426
              ],
              [
                -118.311939118897,
                34.0591807070251
              ],
              [
                -118.312264893812,
                34.0595038163492
              ],
              [
                -118.312543398561,
                34.0598562174916
              ],
              [
                -118.312770866784,
                34.0602331449448
              ],
              [
                -118.3129442219,
                34.0606295022509
              ],
              [
                -118.313061120277,
                34.0610399294504
              ],
              [
                -118.313119978207,
                34.0614588759276
              ],
              [
                -118.313119979106,
                34.0614851918893
              ],
              [
                -118.313134145227,
                34.0615349297944
              ],
              [
                -118.313193004056,
                34.0619538762715
              ],
              [
                -118.31319302564,
                34.0623756771969
              ],
              [
                -118.313134209079,
                34.0627946272714
              ],
              [
                -118.313017349373,
                34.0632050625647
              ],
              [
                -118.312844025733,
                34.063601431562
              ],
              [
                -118.312616581792,
                34.0639783734044
              ],
              [
                -118.312338092331,
                34.0643307907345
              ],
              [
                -118.312012323712,
                34.0646539171457
              ],
              [
                -118.311643679914,
                34.0649433837313
              ],
              [
                -118.311237148578,
                34.0651952739439
              ],
              [
                -118.31079822546,
                34.0654061820508
              ],
              [
                -118.310332846985,
                34.0655732545032
              ],
              [
                -118.309847308409,
                34.0656942331035
              ],
              [
                -118.30934817568,
                34.0657674810855
              ],
              [
                -118.30884219911,
                34.0657920082957
              ],
              [
                -118.308336222541,
                34.0657674810855
              ],
              [
                -118.307837089812,
                34.0656942331035
              ],
              [
                -118.307351551235,
                34.0655732545033
              ],
              [
                -118.306886172761,
                34.0654061820508
              ],
              [
                -118.306447249643,
                34.0651952739439
              ],
              [
                -118.306040718307,
                34.0649433837313
              ],
              [
                -118.305672074509,
                34.0646539171457
              ],
              [
                -118.305346305889,
                34.0643307907345
              ],
              [
                -118.305067816429,
                34.0639783734044
              ]
            ]
          ],
          [
            [
              [
                -118.343578271222,
                34.0586042191106
              ],
              [
                -118.344084204624,
                34.0585796945984
              ],
              [
                -118.344590138027,
                34.0586042191106
              ],
              [
                -118.345089231185,
                34.0586774607973
              ],
              [
                -118.345574733789,
                34.0587984295051
              ],
              [
                -118.346040082586,
                34.0589654902663
              ],
              [
                -118.34647898412,
                34.0591763830848
              ],
              [
                -118.346885504664,
                34.0594282562102
              ],
              [
                -118.347254144865,
                34.0597177048094
              ],
              [
                -118.347579921578,
                34.0600408141334
              ],
              [
                -118.347858428126,
                34.0603932152758
              ],
              [
                -118.347880650374,
                34.0604300389163
              ],
              [
                -118.348090176223,
                34.0606951554582
              ],
              [
                -118.348317647144,
                34.0610720829115
              ],
              [
                -118.348491004059,
                34.0614684402175
              ],
              [
                -118.348607903334,
                34.0618788674169
              ],
              [
                -118.348666761264,
                34.0622978138941
              ],
              [
                -118.348666782848,
                34.0627196148195
              ],
              [
                -118.348607966287,
                34.063138564894
              ],
              [
                -118.348491106581,
                34.0635490001873
              ],
              [
                -118.348317782042,
                34.0639453682853
              ],
              [
                -118.348090337201,
                34.064322311027
              ],
              [
                -118.347811846841,
                34.0646747283572
              ],
              [
                -118.347486076423,
                34.0649978547683
              ],
              [
                -118.347117431726,
                34.0652873204547
              ],
              [
                -118.346710897692,
                34.0655392106672
              ],
              [
                -118.346271972775,
                34.0657501187741
              ],
              [
                -118.345806593402,
                34.0659171921259
              ],
              [
                -118.345321052127,
                34.0660381707262
              ],
              [
                -118.344821917599,
                34.0661114187081
              ],
              [
                -118.344315939231,
                34.066135945019
              ],
              [
                -118.343809960863,
                34.0661114187081
              ],
              [
                -118.343310826336,
                34.0660381707262
              ],
              [
                -118.342825285061,
                34.0659171921259
              ],
              [
                -118.342359905687,
                34.0657501187741
              ],
              [
                -118.341920980771,
                34.0655392106672
              ],
              [
                -118.341514446736,
                34.0652873204547
              ],
              [
                -118.341145802039,
                34.0649978547683
              ],
              [
                -118.340875094412,
                34.064729344185
              ],
              [
                -118.340849077925,
                34.0647089151855
              ],
              [
                -118.340523308406,
                34.0643857887743
              ],
              [
                -118.340244818945,
                34.0640333714441
              ],
              [
                -118.340017375004,
                34.0636564296018
              ],
              [
                -118.339844051364,
                34.0632600606045
              ],
              [
                -118.339727191659,
                34.0628496253111
              ],
              [
                -118.339668375098,
                34.0624306752366
              ],
              [
                -118.339668396681,
                34.0620088743113
              ],
              [
                -118.339727255511,
                34.061589927834
              ],
              [
                -118.339844153887,
                34.0611795006346
              ],
              [
                -118.340017509902,
                34.0607831433286
              ],
              [
                -118.340244979924,
                34.0604062158753
              ],
              [
                -118.340523486472,
                34.0600538147329
              ],
              [
                -118.340849263185,
                34.0597307054089
              ],
              [
                -118.341217904285,
                34.0594412568097
              ],
              [
                -118.34162442393,
                34.0591893836843
              ],
              [
                -118.342063326364,
                34.0589784908658
              ],
              [
                -118.342528674261,
                34.0588114310039
              ],
              [
                -118.343014177764,
                34.0586904613968
              ],
              [
                -118.343045376145,
                34.0586858829483
              ],
              [
                -118.343079178064,
                34.0586774607973
              ],
              [
                -118.343578271222,
                34.0586042191106
              ]
            ]
          ],
          [
            [
              [
                -118.291144542189,
                34.058195154384
              ],
              [
                -118.291650473792,
                34.0581706298718
              ],
              [
                -118.292156405396,
                34.058195154384
              ],
              [
                -118.292655494957,
                34.0582683960708
              ],
              [
                -118.293140995762,
                34.0583893647786
              ],
              [
                -118.293606342761,
                34.0585564255398
              ],
              [
                -118.294045242496,
                34.0587673183582
              ],
              [
                -118.294451760343,
                34.0590191914837
              ],
              [
                -118.294820398745,
                34.0593086400828
              ],
              [
                -118.295146173659,
                34.0596317494069
              ],
              [
                -118.295424679308,
                34.0599841505493
              ],
              [
                -118.29565214843,
                34.0603610780025
              ],
              [
                -118.295825503546,
                34.0607574353086
              ],
              [
                -118.295942401922,
                34.0611678625081
              ],
              [
                -118.296001259852,
                34.0615868089852
              ],
              [
                -118.296001281436,
                34.0620086099106
              ],
              [
                -118.295942464875,
                34.0624275599851
              ],
              [
                -118.295825606069,
                34.0628379952784
              ],
              [
                -118.295652283328,
                34.0632343642757
              ],
              [
                -118.295424840286,
                34.063611306118
              ],
              [
                -118.295146351725,
                34.0639637234483
              ],
              [
                -118.294820584904,
                34.0642868498594
              ],
              [
                -118.29448172935,
                34.0645529277765
              ],
              [
                -118.294428100079,
                34.0646207924168
              ],
              [
                -118.294420230112,
                34.0646285985321
              ],
              [
                -118.294392609234,
                34.064674373125
              ],
              [
                -118.294114117974,
                34.0650267913545
              ],
              [
                -118.293788346657,
                34.0653499177657
              ],
              [
                -118.293419700161,
                34.065639383452
              ],
              [
                -118.293013164328,
                34.0658912736645
              ],
              [
                -118.292574237613,
                34.0661021817714
              ],
              [
                -118.292108856441,
                34.0662692551232
              ],
              [
                -118.291623313367,
                34.0663902337235
              ],
              [
                -118.291124176142,
                34.0664634817055
              ],
              [
                -118.290618195975,
                34.0664880080163
              ],
              [
                -118.290112215808,
                34.0664634817055
              ],
              [
                -118.289613078583,
                34.0663902337235
              ],
              [
                -118.289127535509,
                34.0662692551232
              ],
              [
                -118.288662154337,
                34.0661021817714
              ],
              [
                -118.288223227622,
                34.0658912736645
              ],
              [
                -118.287816691789,
                34.0656393834519
              ],
              [
                -118.287448045293,
                34.0653499177657
              ],
              [
                -118.287122273976,
                34.0650267913545
              ],
              [
                -118.287002889874,
                34.064875716942
              ],
              [
                -118.28679628862,
                34.0646707920246
              ],
              [
                -118.28651779826,
                34.0643183746944
              ],
              [
                -118.286290353419,
                34.0639414319526
              ],
              [
                -118.286117029779,
                34.0635450638548
              ],
              [
                -118.286000169175,
                34.0631346285614
              ],
              [
                -118.285941352613,
                34.0627156784869
              ],
              [
                -118.285941374197,
                34.0622938775616
              ],
              [
                -118.286000233026,
                34.0618749310844
              ],
              [
                -118.286117131403,
                34.0614645038849
              ],
              [
                -118.286290488317,
                34.0610681465789
              ],
              [
                -118.286517959239,
                34.0606912191256
              ],
              [
                -118.286796466686,
                34.0603388179833
              ],
              [
                -118.287122244298,
                34.0600157086592
              ],
              [
                -118.287490886298,
                34.05972626006
              ],
              [
                -118.287897407741,
                34.0594743869346
              ],
              [
                -118.288336311074,
                34.0592634941161
              ],
              [
                -118.288707978393,
                34.0591300662008
              ],
              [
                -118.288849187242,
                34.0590191914837
              ],
              [
                -118.289255705089,
                34.0587673183583
              ],
              [
                -118.289694604824,
                34.0585564255398
              ],
              [
                -118.290159951822,
                34.0583893647786
              ],
              [
                -118.290645452628,
                34.0582683960708
              ],
              [
                -118.291144542189,
                34.058195154384
              ]
            ]
          ],
          [
            [
              [
                -118.359955057882,
                34.0589421276782
              ],
              [
                -118.360460993982,
                34.058917603166
              ],
              [
                -118.360966930082,
                34.0589421276782
              ],
              [
                -118.36146602414,
                34.059015369365
              ],
              [
                -118.361951529442,
                34.059136338972
              ],
              [
                -118.362416880037,
                34.059303398834
              ],
              [
                -118.362831646465,
                34.0595026939953
              ],
              [
                -118.362878749357,
                34.059514430148
              ],
              [
                -118.363344101751,
                34.0596814900099
              ],
              [
                -118.363783007782,
                34.0598923828283
              ],
              [
                -118.364189531024,
                34.0601442559538
              ],
              [
                -118.364558174822,
                34.060433704553
              ],
              [
                -118.364883954233,
                34.060756813877
              ],
              [
                -118.36516246258,
                34.0611092150194
              ],
              [
                -118.365389935299,
                34.0614861424727
              ],
              [
                -118.365563293114,
                34.0618824997787
              ],
              [
                -118.365680192389,
                34.0622929269782
              ],
              [
                -118.365739051218,
                34.0627118734553
              ],
              [
                -118.365739072802,
                34.0631336743808
              ],
              [
                -118.365680255342,
                34.0635526244552
              ],
              [
                -118.365563394737,
                34.0639630597485
              ],
              [
                -118.365390070198,
                34.0643594278465
              ],
              [
                -118.365162623558,
                34.0647363696889
              ],
              [
                -118.364884132299,
                34.065088787019
              ],
              [
                -118.364558360082,
                34.0654119143295
              ],
              [
                -118.364189713587,
                34.0657013800158
              ],
              [
                -118.363783177754,
                34.0659532702284
              ],
              [
                -118.363344251038,
                34.0661641783353
              ],
              [
                -118.362878868967,
                34.0663312516871
              ],
              [
                -118.362393325893,
                34.0664522302873
              ],
              [
                -118.361894188668,
                34.0665254782694
              ],
              [
                -118.361388207602,
                34.0665500045802
              ],
              [
                -118.360882226536,
                34.0665254782693
              ],
              [
                -118.36038308931,
                34.0664522302873
              ],
              [
                -118.359897546237,
                34.0663312516871
              ],
              [
                -118.359432164165,
                34.0661641783353
              ],
              [
                -118.359017423817,
                34.0659648921672
              ],
              [
                -118.358970338912,
                34.0659531605111
              ],
              [
                -118.358504959538,
                34.0657860871593
              ],
              [
                -118.358066033723,
                34.0655751790525
              ],
              [
                -118.357659500588,
                34.0653232888399
              ],
              [
                -118.35729085589,
                34.0650338231536
              ],
              [
                -118.356965085472,
                34.0647106967424
              ],
              [
                -118.356686594213,
                34.0643582794122
              ],
              [
                -118.356459149372,
                34.0639813366706
              ],
              [
                -118.356285824833,
                34.0635849685726
              ],
              [
                -118.356168965128,
                34.0631745332792
              ],
              [
                -118.356110148567,
                34.0627555832048
              ],
              [
                -118.35611017015,
                34.0623337822794
              ],
              [
                -118.35616902808,
                34.0619148358022
              ],
              [
                -118.356285927356,
                34.0615044086027
              ],
              [
                -118.356459284271,
                34.0611080512967
              ],
              [
                -118.356686755192,
                34.0607311238434
              ],
              [
                -118.356965262639,
                34.0603787227011
              ],
              [
                -118.357291041151,
                34.060055613377
              ],
              [
                -118.35765968315,
                34.0597661647779
              ],
              [
                -118.358066204594,
                34.0595142916524
              ],
              [
                -118.358505107927,
                34.059303398834
              ],
              [
                -118.358970458522,
                34.059136338972
              ],
              [
                -118.359455963824,
                34.059015369365
              ],
              [
                -118.359955057882,
                34.0589421276782
              ]
            ]
          ],
          [
            [
              [
                -118.371906517274,
                34.0639793545647
              ],
              [
                -118.37205756111,
                34.0637290786352
              ],
              [
                -118.372039319261,
                34.0638714745901
              ],
              [
                -118.372147403382,
                34.0640473801836
              ],
              [
                -118.372351089933,
                34.0643811941379
              ],
              [
                -118.375165264667,
                34.0689838937928
              ],
              [
                -118.374903213914,
                34.0689454396814
              ],
              [
                -118.374417657351,
                34.0688244610811
              ],
              [
                -118.37395226089,
                34.0686573886287
              ],
              [
                -118.373513321585,
                34.0684464805219
              ],
              [
                -118.37310677406,
                34.0681945903093
              ],
              [
                -118.372738116773,
                34.0679051246229
              ],
              [
                -118.372412334664,
                34.0675819973125
              ],
              [
                -118.37213383531,
                34.0672295808816
              ],
              [
                -118.371906382376,
                34.0668526390393
              ],
              [
                -118.371733052441,
                34.066456270042
              ],
              [
                -118.371616188239,
                34.0660458356479
              ],
              [
                -118.371557369879,
                34.0656268855735
              ],
              [
                -118.371557391463,
                34.0652050846481
              ],
              [
                -118.371616251191,
                34.0647861381709
              ],
              [
                -118.371733154064,
                34.0643757118708
              ],
              [
                -118.371906517274,
                34.0639793545647
              ]
            ]
          ],
          [
            [
              [
                -118.444952241755,
                34.0665032191494
              ],
              [
                -118.445458222821,
                34.0664786946372
              ],
              [
                -118.445964203887,
                34.0665032191494
              ],
              [
                -118.446463342012,
                34.0665764608362
              ],
              [
                -118.446948890481,
                34.0666974295439
              ],
              [
                -118.447414282445,
                34.0668644903052
              ],
              [
                -118.447853224449,
                34.0670753822243
              ],
              [
                -118.448259782765,
                34.0673272553497
              ],
              [
                -118.44862845714,
                34.0676167030496
              ],
              [
                -118.44895426443,
                34.0679398123736
              ],
              [
                -118.449232797058,
                34.0682922126167
              ],
              [
                -118.449460287764,
                34.0686691400699
              ],
              [
                -118.449633660867,
                34.069065497376
              ],
              [
                -118.449750569136,
                34.0694759236761
              ],
              [
                -118.449809433361,
                34.069894869254
              ],
              [
                -118.449809454944,
                34.07031666928
              ],
              [
                -118.449750632987,
                34.0707356193545
              ],
              [
                -118.44963376249,
                34.0711460537485
              ],
              [
                -118.449460422662,
                34.0715424218464
              ],
              [
                -118.449232957137,
                34.0719193636888
              ],
              [
                -118.448954442496,
                34.0722717810191
              ],
              [
                -118.448628643299,
                34.0725949074302
              ],
              [
                -118.448259965327,
                34.0728843731165
              ],
              [
                -118.44785339532,
                34.0731362624297
              ],
              [
                -118.447414431733,
                34.0733471705367
              ],
              [
                -118.446949010091,
                34.0735142429891
              ],
              [
                -118.446463425649,
                34.0736352215894
              ],
              [
                -118.445964246155,
                34.0737084695714
              ],
              [
                -118.445458222821,
                34.0737329958822
              ],
              [
                -118.444952199486,
                34.0737084695713
              ],
              [
                -118.444453019993,
                34.0736352215894
              ],
              [
                -118.443967435551,
                34.0735142429891
              ],
              [
                -118.443502013909,
                34.0733471705367
              ],
              [
                -118.443063050322,
                34.0731362624297
              ],
              [
                -118.442656480314,
                34.0728843731165
              ],
              [
                -118.442287802342,
                34.0725949074302
              ],
              [
                -118.441962003146,
                34.072271781019
              ],
              [
                -118.441683488504,
                34.0719193636889
              ],
              [
                -118.441456022979,
                34.0715424218464
              ],
              [
                -118.441282683151,
                34.0711460537485
              ],
              [
                -118.441165812654,
                34.0707356193545
              ],
              [
                -118.441106990697,
                34.07031666928
              ],
              [
                -118.441107012281,
                34.069894869254
              ],
              [
                -118.441165876506,
                34.0694759236761
              ],
              [
                -118.441282784775,
                34.069065497376
              ],
              [
                -118.441456157878,
                34.0686691400699
              ],
              [
                -118.441683648584,
                34.0682922126167
              ],
              [
                -118.441962181212,
                34.0679398123736
              ],
              [
                -118.442287988502,
                34.0676167030496
              ],
              [
                -118.442656662877,
                34.0673272553497
              ],
              [
                -118.443063221193,
                34.0670753822243
              ],
              [
                -118.443502163196,
                34.0668644903052
              ],
              [
                -118.443967555161,
                34.0666974295439
              ],
              [
                -118.44445310363,
                34.0665764608362
              ],
              [
                -118.444952241755,
                34.0665032191494
              ]
            ]
          ],
          [
            [
              [
                -118.291158175012,
                34.0729472321303
              ],
              [
                -118.29166419385,
                34.072922707618
              ],
              [
                -118.292170212687,
                34.0729472321302
              ],
              [
                -118.292669389483,
                34.073020473817
              ],
              [
                -118.292836822563,
                34.0730621852728
              ],
              [
                -118.292927393287,
                34.0730754736553
              ],
              [
                -118.293412978628,
                34.0731964423631
              ],
              [
                -118.293878405666,
                34.073363502225
              ],
              [
                -118.294317381844,
                34.0735743950435
              ],
              [
                -118.294723970737,
                34.0738262672696
              ],
              [
                -118.29509267389,
                34.0741157149694
              ],
              [
                -118.295418505462,
                34.0744388233942
              ],
              [
                -118.295697058774,
                34.0747912245365
              ],
              [
                -118.295924567467,
                34.0751681510905
              ],
              [
                -118.29609795316,
                34.0755645074972
              ],
              [
                -118.296214871321,
                34.0759749337973
              ],
              [
                -118.296273739144,
                34.0763938793752
              ],
              [
                -118.296273760728,
                34.0768156785019
              ],
              [
                -118.296214935173,
                34.0772346285764
              ],
              [
                -118.296098055683,
                34.0776450620711
              ],
              [
                -118.295924702365,
                34.078041430169
              ],
              [
                -118.295697219753,
                34.0784183711121
              ],
              [
                -118.295418683528,
                34.078770787543
              ],
              [
                -118.29509285915,
                34.0790939139542
              ],
              [
                -118.294724153299,
                34.0793833787411
              ],
              [
                -118.294317552715,
                34.0796352689537
              ],
              [
                -118.293878554953,
                34.0798461761613
              ],
              [
                -118.293413097339,
                34.0800132486137
              ],
              [
                -118.292927476924,
                34.080134227214
              ],
              [
                -118.292428258759,
                34.080207475196
              ],
              [
                -118.291922196754,
                34.0802320015068
              ],
              [
                -118.291416134749,
                34.080207475196
              ],
              [
                -118.290916916585,
                34.080134227214
              ],
              [
                -118.290749483504,
                34.0800925166574
              ],
              [
                -118.290658914579,
                34.0800792273756
              ],
              [
                -118.290173294164,
                34.0799582487753
              ],
              [
                -118.289707837449,
                34.0797911763229
              ],
              [
                -118.289268839687,
                34.0795802691153
              ],
              [
                -118.288862239103,
                34.0793283789027
              ],
              [
                -118.288493533252,
                34.0790389141157
              ],
              [
                -118.288167709774,
                34.0787157877046
              ],
              [
                -118.287889173549,
                34.0783633712738
              ],
              [
                -118.287661690936,
                34.0779864303306
              ],
              [
                -118.287488337619,
                34.0775900622327
              ],
              [
                -118.287371458128,
                34.0771796287381
              ],
              [
                -118.287312632574,
                34.0767606786636
              ],
              [
                -118.287312654158,
                34.0763388795369
              ],
              [
                -118.28737152198,
                34.075919933959
              ],
              [
                -118.287488440142,
                34.0755095076588
              ],
              [
                -118.287661825835,
                34.0751131512521
              ],
              [
                -118.287889334527,
                34.0747362246982
              ],
              [
                -118.28816788784,
                34.0743838235558
              ],
              [
                -118.288493719412,
                34.074060715131
              ],
              [
                -118.288862421666,
                34.0737712674312
              ],
              [
                -118.289269010559,
                34.0735193952051
              ],
              [
                -118.289707985837,
                34.0733085023866
              ],
              [
                -118.290173412875,
                34.0731414425247
              ],
              [
                -118.290658998216,
                34.073020473817
              ],
              [
                -118.291158175012,
                34.0729472321303
              ]
            ]
          ],
          [
            [
              [
                -118.291446104656,
                34.0855022418362
              ],
              [
                -118.291952198138,
                34.085477717324
              ],
              [
                -118.292458291619,
                34.0855022418362
              ],
              [
                -118.292957542159,
                34.0855754826236
              ],
              [
                -118.293443198547,
                34.0856964513313
              ],
              [
                -118.293908694832,
                34.0858635111932
              ],
              [
                -118.294347734862,
                34.0860744031123
              ],
              [
                -118.29475438311,
                34.0863262753385
              ],
              [
                -118.295123141122,
                34.086615722139
              ],
              [
                -118.295449020358,
                34.0869388296644
              ],
              [
                -118.29572761504,
                34.0872912299075
              ],
              [
                -118.295955157007,
                34.0876681555621
              ],
              [
                -118.296128567881,
                34.0880645110695
              ],
              [
                -118.29624550313,
                34.0884749364703
              ],
              [
                -118.296278661133,
                34.0887108745084
              ],
              [
                -118.296285516665,
                34.0887349358698
              ],
              [
                -118.296344393481,
                34.0891538805483
              ],
              [
                -118.296344415065,
                34.0895756796751
              ],
              [
                -118.296303940177,
                34.0898638917064
              ],
              [
                -118.296335579226,
                34.0899749363954
              ],
              [
                -118.296394456941,
                34.0903938810739
              ],
              [
                -118.296394478524,
                34.0908156802006
              ],
              [
                -118.296335642178,
                34.0912346284765
              ],
              [
                -118.296218743802,
                34.0916450619712
              ],
              [
                -118.296045362605,
                34.0920414282705
              ],
              [
                -118.295817842222,
                34.0924183683142
              ],
              [
                -118.295539260131,
                34.0927707847451
              ],
              [
                -118.295213381794,
                34.0930939093575
              ],
              [
                -118.295119983602,
                34.0931672238894
              ],
              [
                -118.294918060622,
                34.0933674399566
              ],
              [
                -118.294549292718,
                34.0936569047435
              ],
              [
                -118.294142622886,
                34.0939087940568
              ],
              [
                -118.293703552279,
                34.0941197012644
              ],
              [
                -118.293238017323,
                34.0942867737168
              ],
              [
                -118.293206646272,
                34.0942945870267
              ],
              [
                -118.293266350464,
                34.0943094564174
              ],
              [
                -118.293731893514,
                34.0944765162793
              ],
              [
                -118.29417097851,
                34.0946874072991
              ],
              [
                -118.294577668127,
                34.0949392795253
              ],
              [
                -118.294946463011,
                34.0952287263258
              ],
              [
                -118.295272375522,
                34.0955518338512
              ],
              [
                -118.295550998082,
                34.0959042322956
              ],
              [
                -118.295778563432,
                34.0962811579503
              ],
              [
                -118.295908262758,
                34.096577575396
              ],
              [
                -118.296065589258,
                34.0968381584554
              ],
              [
                -118.296239019018,
                34.0972345139628
              ],
              [
                -118.296355966857,
                34.0976449384643
              ],
              [
                -118.296414849967,
                34.0980638822435
              ],
              [
                -118.296414871551,
                34.098485680471
              ],
              [
                -118.296356030708,
                34.0989046287468
              ],
              [
                -118.29623912154,
                34.0993150613422
              ],
              [
                -118.296065724156,
                34.0997114276414
              ],
              [
                -118.295838183987,
                34.1000883676852
              ],
              [
                -118.295559575816,
                34.1004407832168
              ],
              [
                -118.295233668701,
                34.1007639078293
              ],
              [
                -118.29486486932,
                34.1010533717169
              ],
              [
                -118.294458164415,
                34.1013052610301
              ],
              [
                -118.294019055137,
                34.1015161673384
              ],
              [
                -118.293553479711,
                34.1016832397908
              ],
              [
                -118.293478987967,
                34.1017017928047
              ],
              [
                -118.293449060328,
                34.1017161666689
              ],
              [
                -118.292983484003,
                34.1018832391214
              ],
              [
                -118.292497737683,
                34.1020042168224
              ],
              [
                -118.291998391814,
                34.1020774648043
              ],
              [
                -118.291492199408,
                34.1021019911152
              ],
              [
                -118.290986007001,
                34.1020774648043
              ],
              [
                -118.290486661133,
                34.1020042168223
              ],
              [
                -118.290000914812,
                34.1018832391213
              ],
              [
                -118.289535338487,
                34.101716166669
              ],
              [
                -118.289096227411,
                34.1015052603607
              ],
              [
                -118.288689522506,
                34.1012533710474
              ],
              [
                -118.288320721326,
                34.1009639071598
              ],
              [
                -118.287994813312,
                34.1006407816479
              ],
              [
                -118.287716205141,
                34.1002883670157
              ],
              [
                -118.287488664073,
                34.0999114269719
              ],
              [
                -118.287315266688,
                34.0995150606727
              ],
              [
                -118.28719835752,
                34.0991046280773
              ],
              [
                -118.287139515778,
                34.0986856798014
              ],
              [
                -118.287139537362,
                34.098263881574
              ],
              [
                -118.287198421372,
                34.0978449377948
              ],
              [
                -118.287315369211,
                34.0974345132933
              ],
              [
                -118.28748879987,
                34.0970381586852
              ],
              [
                -118.28750176,
                34.0970166927674
              ],
              [
                -118.287598405644,
                34.0966775134576
              ],
              [
                -118.287771834505,
                34.0962811579503
              ],
              [
                -118.287999399854,
                34.0959042322956
              ],
              [
                -118.288278022415,
                34.0955518338512
              ],
              [
                -118.288603934926,
                34.0952287263258
              ],
              [
                -118.28897272981,
                34.0949392795253
              ],
              [
                -118.289379419427,
                34.0946874072992
              ],
              [
                -118.289818504423,
                34.0944765162793
              ],
              [
                -118.290284047473,
                34.0943094564174
              ],
              [
                -118.290315416725,
                34.0943016440068
              ],
              [
                -118.290255714332,
                34.0942867737168
              ],
              [
                -118.289790179375,
                34.0941197012644
              ],
              [
                -118.289351108769,
                34.0939087940568
              ],
              [
                -118.288944438937,
                34.0936569047436
              ],
              [
                -118.288575671032,
                34.0933674399566
              ],
              [
                -118.288249792696,
                34.0930443144447
              ],
              [
                -118.287971209706,
                34.0926918989131
              ],
              [
                -118.287743688423,
                34.0923149588694
              ],
              [
                -118.287570306327,
                34.0919185916708
              ],
              [
                -118.287453407051,
                34.0915081590755
              ],
              [
                -118.287394571604,
                34.0910892107996
              ],
              [
                -118.287394593188,
                34.0906674116729
              ],
              [
                -118.287425112581,
                34.0904502505798
              ],
              [
                -118.287379952225,
                34.0901286799958
              ],
              [
                -118.287379973809,
                34.089706880869
              ],
              [
                -118.287438851524,
                34.0892879361904
              ],
              [
                -118.287555787672,
                34.0888775107897
              ],
              [
                -118.287624333998,
                34.0887208407953
              ],
              [
                -118.287658893146,
                34.0884749364703
              ],
              [
                -118.287775828394,
                34.0880645110695
              ],
              [
                -118.287949239268,
                34.0876681555621
              ],
              [
                -118.288176781236,
                34.0872912299075
              ],
              [
                -118.288455375917,
                34.0869388296644
              ],
              [
                -118.288781255153,
                34.086615722139
              ],
              [
                -118.289150013165,
                34.0863262753385
              ],
              [
                -118.289556661413,
                34.0860744031123
              ],
              [
                -118.289995701443,
                34.0858635111933
              ],
              [
                -118.290461197728,
                34.0856964513313
              ],
              [
                -118.290946854116,
                34.0855754826236
              ],
              [
                -118.291446104656,
                34.0855022418362
              ]
            ]
          ],
          [
            [
              [
                -118.338476044036,
                34.0973082466794
              ],
              [
                -118.338982207665,
                34.0972837221672
              ],
              [
                -118.339488371293,
                34.0973082466794
              ],
              [
                -118.339987691081,
                34.0973814883662
              ],
              [
                -118.340473414918,
                34.0975024561746
              ],
              [
                -118.340938975955,
                34.0976695160365
              ],
              [
                -118.341378077139,
                34.0978804070563
              ],
              [
                -118.341784782044,
                34.0981322792824
              ],
              [
                -118.342153590418,
                34.0984217251836
              ],
              [
                -118.342479515519,
                34.098744832709
              ],
              [
                -118.342758148872,
                34.0990972320528
              ],
              [
                -118.342985722315,
                34.099474156808
              ],
              [
                -118.343159157471,
                34.0998705114161
              ],
              [
                -118.343276108907,
                34.1002809359176
              ],
              [
                -118.343334993817,
                34.1006998796969
              ],
              [
                -118.343335015401,
                34.1011216779243
              ],
              [
                -118.343276172759,
                34.1015406262001
              ],
              [
                -118.343159259994,
                34.1019510587955
              ],
              [
                -118.342985857214,
                34.1023474241954
              ],
              [
                -118.34275830985,
                34.1027243642392
              ],
              [
                -118.342568918023,
                34.1029639220485
              ],
              [
                -118.342563885417,
                34.1029754243775
              ],
              [
                -118.342336336255,
                34.1033523644212
              ],
              [
                -118.342057718191,
                34.1037047790535
              ],
              [
                -118.341731798486,
                34.104027903666
              ],
              [
                -118.341362984716,
                34.1043173684529
              ],
              [
                -118.340956264522,
                34.1045692568669
              ],
              [
                -118.340517138158,
                34.1047801631751
              ],
              [
                -118.340051544745,
                34.1049472356276
              ],
              [
                -118.339565780439,
                34.1050682133286
              ],
              [
                -118.339066416584,
                34.1051414613105
              ],
              [
                -118.338560206191,
                34.1051659876214
              ],
              [
                -118.338053995797,
                34.1051414613105
              ],
              [
                -118.337554631943,
                34.1050682133285
              ],
              [
                -118.337068867636,
                34.1049472356276
              ],
              [
                -118.336603274224,
                34.1047801631752
              ],
              [
                -118.336164147859,
                34.1045692568669
              ],
              [
                -118.335757427665,
                34.104317368453
              ],
              [
                -118.335388613896,
                34.104027903666
              ],
              [
                -118.33506269419,
                34.1037047790534
              ],
              [
                -118.334784076126,
                34.1033523644212
              ],
              [
                -118.334556526964,
                34.1029754243775
              ],
              [
                -118.334383123285,
                34.1025790580783
              ],
              [
                -118.33426620962,
                34.1021686263822
              ],
              [
                -118.334207366079,
                34.1017496781063
              ],
              [
                -118.334207387663,
                34.1013278798789
              ],
              [
                -118.334266273472,
                34.1009089360996
              ],
              [
                -118.334383225807,
                34.1004985115982
              ],
              [
                -118.334556661863,
                34.1001021569901
              ],
              [
                -118.334784237105,
                34.0997252322348
              ],
              [
                -118.334973655912,
                34.0994856681303
              ],
              [
                -118.334978693014,
                34.099474156808
              ],
              [
                -118.335206266458,
                34.0990972320528
              ],
              [
                -118.33548489981,
                34.098744832709
              ],
              [
                -118.335810824912,
                34.0984217251836
              ],
              [
                -118.336179633286,
                34.0981322792824
              ],
              [
                -118.336586338191,
                34.0978804070563
              ],
              [
                -118.337025439375,
                34.0976695160365
              ],
              [
                -118.337491000411,
                34.0975024561746
              ],
              [
                -118.337976724249,
                34.0973814883662
              ],
              [
                -118.338476044036,
                34.0973082466794
              ]
            ]
          ],
          [
            [
              [
                -118.32507603853,
                34.097722248684
              ],
              [
                -118.325582204857,
                34.0976977241718
              ],
              [
                -118.325662195956,
                34.0977015993505
              ],
              [
                -118.325742205041,
                34.0976977232725
              ],
              [
                -118.326248371367,
                34.0977222477847
              ],
              [
                -118.326747693853,
                34.0977954885721
              ],
              [
                -118.327233419489,
                34.0979164572799
              ],
              [
                -118.327698982324,
                34.0980835162424
              ],
              [
                -118.328138086206,
                34.0982944072623
              ],
              [
                -118.32854479291,
                34.0985462794884
              ],
              [
                -118.328913603082,
                34.0988357253896
              ],
              [
                -118.329239529982,
                34.099158832915
              ],
              [
                -118.329518164234,
                34.0995112322587
              ],
              [
                -118.329745738577,
                34.099888157014
              ],
              [
                -118.329919175532,
                34.1002845116221
              ],
              [
                -118.330036126968,
                34.1006949361235
              ],
              [
                -118.330095012777,
                34.1011138799027
              ],
              [
                -118.33009503436,
                34.1015356781302
              ],
              [
                -118.33003619082,
                34.1019546264061
              ],
              [
                -118.329919277155,
                34.1023650581021
              ],
              [
                -118.329745874375,
                34.1027614244014
              ],
              [
                -118.329518325213,
                34.1031383644451
              ],
              [
                -118.329239708048,
                34.1034907790773
              ],
              [
                -118.328913789242,
                34.1038139036899
              ],
              [
                -118.328544976372,
                34.1041033684768
              ],
              [
                -118.328138257077,
                34.1043552568907
              ],
              [
                -118.328011650519,
                34.1044160645509
              ],
              [
                -118.327651265196,
                34.104639257397
              ],
              [
                -118.327212137932,
                34.1048501637052
              ],
              [
                -118.32674654452,
                34.1050172361577
              ],
              [
                -118.326260780213,
                34.1051382138586
              ],
              [
                -118.325761416358,
                34.1052114618407
              ],
              [
                -118.325255205066,
                34.1052359881515
              ],
              [
                -118.324748993773,
                34.1052114618407
              ],
              [
                -118.324249629919,
                34.1051382138586
              ],
              [
                -118.323763865612,
                34.1050172361577
              ],
              [
                -118.3232982722,
                34.1048501637053
              ],
              [
                -118.322859144936,
                34.104639257397
              ],
              [
                -118.322452424742,
                34.104387368983
              ],
              [
                -118.322083610073,
                34.1040979041961
              ],
              [
                -118.321757690367,
                34.1037747795836
              ],
              [
                -118.321479072303,
                34.1034223649513
              ],
              [
                -118.321251522242,
                34.1030454249076
              ],
              [
                -118.321078118562,
                34.1026490586083
              ],
              [
                -118.320961204898,
                34.1022386269123
              ],
              [
                -118.320902361357,
                34.1018196786364
              ],
              [
                -118.320902382941,
                34.101397880409
              ],
              [
                -118.32096126875,
                34.1009789366297
              ],
              [
                -118.321078221085,
                34.1005685121283
              ],
              [
                -118.32125165804,
                34.1001721575202
              ],
              [
                -118.321479233282,
                34.0997952327649
              ],
              [
                -118.321757868433,
                34.0994428334212
              ],
              [
                -118.322083796232,
                34.0991197267951
              ],
              [
                -118.322278343873,
                34.0989670443948
              ],
              [
                -118.322410806815,
                34.0988357262889
              ],
              [
                -118.322779616988,
                34.0985462803877
              ],
              [
                -118.323186323692,
                34.0982944081616
              ],
              [
                -118.323625427574,
                34.0980835171417
              ],
              [
                -118.324090990409,
                34.0979164581792
              ],
              [
                -118.324576716045,
                34.0977954894714
              ],
              [
                -118.32507603853,
                34.097722248684
              ]
            ]
          ],
          [
            [
              [
                -118.308496034766,
                34.0979322484757
              ],
              [
                -118.309002201992,
                34.0979077239635
              ],
              [
                -118.309508369218,
                34.0979322484756
              ],
              [
                -118.310007692603,
                34.0980054892631
              ],
              [
                -118.310493420937,
                34.0981264579708
              ],
              [
                -118.310958984672,
                34.0982935169334
              ],
              [
                -118.311398088553,
                34.0985044079532
              ],
              [
                -118.311804797056,
                34.0987562801794
              ],
              [
                -118.312173608128,
                34.0990457260806
              ],
              [
                -118.312499535028,
                34.0993688336059
              ],
              [
                -118.312778171078,
                34.0997212329497
              ],
              [
                -118.313005745421,
                34.100098157705
              ],
              [
                -118.313179182376,
                34.100494512313
              ],
              [
                -118.313296134711,
                34.1009049368146
              ],
              [
                -118.31335502052,
                34.1013238805938
              ],
              [
                -118.313355042104,
                34.1017456788212
              ],
              [
                -118.313296198563,
                34.102164627097
              ],
              [
                -118.313179284898,
                34.1025750587931
              ],
              [
                -118.313005881219,
                34.1029714250924
              ],
              [
                -118.312778332056,
                34.1033483651361
              ],
              [
                -118.312499713993,
                34.1037007797684
              ],
              [
                -118.312173794287,
                34.1040239043808
              ],
              [
                -118.311804979618,
                34.1043133691679
              ],
              [
                -118.311398259424,
                34.1045652575817
              ],
              [
                -118.310959133959,
                34.10477616389
              ],
              [
                -118.310493540547,
                34.1049432363424
              ],
              [
                -118.31000777624,
                34.1050642140434
              ],
              [
                -118.309630660828,
                34.1051195304431
              ],
              [
                -118.309617543317,
                34.1051242374947
              ],
              [
                -118.30913177901,
                34.1052452151957
              ],
              [
                -118.308632413357,
                34.1053184631776
              ],
              [
                -118.308126202065,
                34.1053429894885
              ],
              [
                -118.307619990772,
                34.1053184631776
              ],
              [
                -118.307120625119,
                34.1052452151957
              ],
              [
                -118.306634860812,
                34.1051242374948
              ],
              [
                -118.306169266501,
                34.1049571650423
              ],
              [
                -118.305730139237,
                34.104746258734
              ],
              [
                -118.305323418143,
                34.1044943703201
              ],
              [
                -118.304954603474,
                34.1042049055331
              ],
              [
                -118.304628682869,
                34.1038817809206
              ],
              [
                -118.304350063906,
                34.1035293662883
              ],
              [
                -118.304122514744,
                34.1031524262447
              ],
              [
                -118.303949110165,
                34.1027560599454
              ],
              [
                -118.303832196501,
                34.1023456282493
              ],
              [
                -118.30377335296,
                34.1019266799734
              ],
              [
                -118.303773374544,
                34.1015048817461
              ],
              [
                -118.303832260353,
                34.1010859379668
              ],
              [
                -118.303949212688,
                34.1006755143647
              ],
              [
                -118.304122649643,
                34.1002791588573
              ],
              [
                -118.304350224885,
                34.099902234102
              ],
              [
                -118.304628860935,
                34.0995498347582
              ],
              [
                -118.304954788735,
                34.0992267281322
              ],
              [
                -118.305323601605,
                34.0989372813316
              ],
              [
                -118.305730310108,
                34.0986854091055
              ],
              [
                -118.306169415788,
                34.0984745180857
              ],
              [
                -118.306634980422,
                34.0983074591231
              ],
              [
                -118.306964852648,
                34.0982253060542
              ],
              [
                -118.307100982127,
                34.098176458478
              ],
              [
                -118.30758671046,
                34.0980554897702
              ],
              [
                -118.308086033846,
                34.0979822489828
              ],
              [
                -118.308189249936,
                34.0979772478529
              ],
              [
                -118.308496034766,
                34.0979322484757
              ]
            ]
          ],
          [
            [
              [
                -118.359901166907,
                34.1427803525324
              ],
              [
                -118.359818631627,
                34.142715604043
              ],
              [
                -118.361005376999,
                34.1427448104258
              ],
              [
                -118.361083792485,
                34.1427460577855
              ],
              [
                -118.361156941542,
                34.1427472233069
              ],
              [
                -118.361164255728,
                34.1427473411181
              ],
              [
                -118.361147878174,
                34.1427171679641
              ],
              [
                -118.360794264746,
                34.142065665799
              ],
              [
                -118.360818643568,
                34.1411129887746
              ],
              [
                -118.361967882714,
                34.1391164929329
              ],
              [
                -118.362054935289,
                34.1389652557431
              ],
              [
                -118.362054859746,
                34.1389652242668
              ],
              [
                -118.361944443683,
                34.1389212078486
              ],
              [
                -118.361688356335,
                34.1388191204072
              ],
              [
                -118.361625486529,
                34.1387940140337
              ],
              [
                -118.361560331546,
                34.13877332513
              ],
              [
                -118.361493339248,
                34.1387571966884
              ],
              [
                -118.361424970088,
                34.1387457339296
              ],
              [
                -118.361355694412,
                34.1387390204906
              ],
              [
                -118.361355764559,
                34.1387389998062
              ],
              [
                -118.361353191599,
                34.1387388604112
              ],
              [
                -118.361323361086,
                34.1387374116034
              ],
              [
                -118.360725573628,
                34.138729136042
              ],
              [
                -118.359834928241,
                34.1387298546002
              ],
              [
                -118.359834919248,
                34.1391618340525
              ],
              [
                -118.359834947127,
                34.1393492302839
              ],
              [
                -118.359162089661,
                34.1393492941358
              ],
              [
                -118.359161980843,
                34.1393492941358
              ],
              [
                -118.358598205745,
                34.1393495441473
              ],
              [
                -118.358434018317,
                34.13934959361
              ],
              [
                -118.358433986841,
                34.13934959361
              ],
              [
                -118.358281708236,
                34.1393496079992
              ],
              [
                -118.358247442268,
                34.1394615538088
              ],
              [
                -118.358247454858,
                34.1392138841146
              ],
              [
                -118.358250140234,
                34.1391947852123
              ],
              [
                -118.358247455758,
                34.1391756800148
              ],
              [
                -118.358247477341,
                34.1387538844853
              ],
              [
                -118.358272607997,
                34.138575170309
              ],
              [
                -118.358279132578,
                34.1385771614081
              ],
              [
                -118.358371330175,
                34.1385983970995
              ],
              [
                -118.358465302134,
                34.1386133141543
              ],
              [
                -118.358832870343,
                34.1386492051978
              ],
              [
                -118.358883276444,
                34.1380495435527
              ],
              [
                -118.358395827707,
                34.1380212122103
              ],
              [
                -118.358423392827,
                34.1379245207012
              ],
              [
                -118.358464660018,
                34.1378302564623
              ],
              [
                -118.358483400091,
                34.1377645196181
              ],
              [
                -118.358656912589,
                34.1373681677079
              ],
              [
                -118.358884587656,
                34.1369912447513
              ],
              [
                -118.359163345114,
                34.1366388481055
              ],
              [
                -118.359489415906,
                34.1363157423787
              ],
              [
                -118.359858388856,
                34.1360262982762
              ],
              [
                -118.360265275424,
                34.1357744278487
              ],
              [
                -118.36070457266,
                34.1355635377282
              ],
              [
                -118.361170340541,
                34.135396479665
              ],
              [
                -118.361656281115,
                34.1352755118565
              ],
              [
                -118.362155823934,
                34.1352022710691
              ],
              [
                -118.362662213293,
                34.1351777465569
              ],
              [
                -118.363168602651,
                34.1352022710691
              ],
              [
                -118.363668145471,
                34.1352755118565
              ],
              [
                -118.364154086044,
                34.135396479665
              ],
              [
                -118.364619853925,
                34.1355635377282
              ],
              [
                -118.365059151161,
                34.1357744278487
              ],
              [
                -118.36546603773,
                34.1360262982762
              ],
              [
                -118.365835010679,
                34.1363157423787
              ],
              [
                -118.366161081471,
                34.1366388481055
              ],
              [
                -118.36643983893,
                34.1369912447513
              ],
              [
                -118.366667513997,
                34.1373681677079
              ],
              [
                -118.366841026494,
                34.1377645196181
              ],
              [
                -118.366958030091,
                34.1381749414216
              ],
              [
                -118.36701694198,
                34.1385938834021
              ],
              [
                -118.367016963564,
                34.1390156789316
              ],
              [
                -118.366978190193,
                34.1392916098211
              ],
              [
                -118.367001092329,
                34.1393719426622
              ],
              [
                -118.367060004218,
                34.1397908837435
              ],
              [
                -118.367060025802,
                34.1402126783735
              ],
              [
                -118.367001156181,
                34.1406316239515
              ],
              [
                -118.366884189456,
                34.1410420538489
              ],
              [
                -118.366710706636,
                34.1414384174502
              ],
              [
                -118.366483054951,
                34.141815354796
              ],
              [
                -118.366204310083,
                34.1421677676295
              ],
              [
                -118.365878242889,
                34.1424908904434
              ],
              [
                -118.365509261845,
                34.1427803525324
              ],
              [
                -118.36510235729,
                34.143032240047
              ],
              [
                -118.364663032175,
                34.143243145456
              ],
              [
                -118.364197228322,
                34.1434102161097
              ],
              [
                -118.36371124458,
                34.1435311938107
              ],
              [
                -118.363211654097,
                34.1436044399941
              ],
              [
                -118.362705214376,
                34.1436289663049
              ],
              [
                -118.362198774656,
                34.1436044399941
              ],
              [
                -118.361699184172,
                34.1435311938107
              ],
              [
                -118.361213200431,
                34.1434102161098
              ],
              [
                -118.360747396577,
                34.1432431454559
              ],
              [
                -118.360308071462,
                34.143032240047
              ],
              [
                -118.359901166907,
                34.1427803525324
              ]
            ]
          ],
          [
            [
              [
                -118.447973766878,
                34.1474382759568
              ],
              [
                -118.448480229981,
                34.1474137514447
              ],
              [
                -118.448986693083,
                34.1474382759568
              ],
              [
                -118.44948630695,
                34.1475115167443
              ],
              [
                -118.44997231767,
                34.1476324836534
              ],
              [
                -118.450438153,
                34.1477995417166
              ],
              [
                -118.450877514088,
                34.1480104318371
              ],
              [
                -118.451284459113,
                34.1482623013653
              ],
              [
                -118.451653485122,
                34.1485517454678
              ],
              [
                -118.451979602679,
                34.1488748502952
              ],
              [
                -118.452258399707,
                34.1492272460417
              ],
              [
                -118.45248610805,
                34.149604168099
              ],
              [
                -118.452659645728,
                34.1500005200092
              ],
              [
                -118.452776666412,
                34.1504109409133
              ],
              [
                -118.452835586395,
                34.1508298810953
              ],
              [
                -118.452835607979,
                34.1512516757254
              ],
              [
                -118.452776730264,
                34.151670620404
              ],
              [
                -118.452659748251,
                34.1520810494021
              ],
              [
                -118.452486243847,
                34.152477412104
              ],
              [
                -118.452258561585,
                34.1528543485505
              ],
              [
                -118.451979780744,
                34.1532067613841
              ],
              [
                -118.451653671282,
                34.1535298832987
              ],
              [
                -118.451284642574,
                34.1538193453876
              ],
              [
                -118.450877684959,
                34.1540712320029
              ],
              [
                -118.450438302288,
                34.1542821365125
              ],
              [
                -118.44997243818,
                34.1544492071663
              ],
              [
                -118.449486390587,
                34.154570183968
              ],
              [
                -118.448986735352,
                34.1546434310507
              ],
              [
                -118.448480229981,
                34.1546679573615
              ],
              [
                -118.44797372461,
                34.1546434310507
              ],
              [
                -118.447474069375,
                34.154570183968
              ],
              [
                -118.446988021782,
                34.1544492071663
              ],
              [
                -118.446522157674,
                34.1542821365125
              ],
              [
                -118.446082775002,
                34.1540712320029
              ],
              [
                -118.445675817387,
                34.1538193453876
              ],
              [
                -118.44530678868,
                34.1535298832987
              ],
              [
                -118.444980679217,
                34.1532067613841
              ],
              [
                -118.444701898376,
                34.1528543485505
              ],
              [
                -118.444474216114,
                34.1524774121041
              ],
              [
                -118.444300711711,
                34.1520810494021
              ],
              [
                -118.444183729697,
                34.151670620404
              ],
              [
                -118.444124851982,
                34.1512516757254
              ],
              [
                -118.444124873566,
                34.1508298810953
              ],
              [
                -118.444183793549,
                34.1504109409133
              ],
              [
                -118.444300814233,
                34.1500005200092
              ],
              [
                -118.444474351912,
                34.149604168099
              ],
              [
                -118.444702060254,
                34.1492272460417
              ],
              [
                -118.444980857283,
                34.1488748502952
              ],
              [
                -118.445306974839,
                34.1485517454678
              ],
              [
                -118.445676000849,
                34.1482623013653
              ],
              [
                -118.446082945873,
                34.1480104318371
              ],
              [
                -118.446522306961,
                34.1477995417166
              ],
              [
                -118.446988142291,
                34.1476324836534
              ],
              [
                -118.447474153012,
                34.1475115167443
              ],
              [
                -118.447973766878,
                34.1474382759568
              ]
            ]
          ],
          [
            [
              [
                -118.376313652155,
                34.1649072910398
              ],
              [
                -118.37682021868,
                34.1648827674269
              ],
              [
                -118.377236061597,
                34.1649028996503
              ],
              [
                -118.377492652566,
                34.164865291801
              ],
              [
                -118.377999219091,
                34.164840768188
              ],
              [
                -118.378505785616,
                34.164865291801
              ],
              [
                -118.379005502904,
                34.1649385325884
              ],
              [
                -118.379491613449,
                34.1650594994975
              ],
              [
                -118.379957544108,
                34.1652265566614
              ],
              [
                -118.380396995127,
                34.1654374458826
              ],
              [
                -118.380804023789,
                34.1656893154107
              ],
              [
                -118.381173126241,
                34.165978758614
              ],
              [
                -118.381499310347,
                34.1663018616428
              ],
              [
                -118.381778165832,
                34.1666542573892
              ],
              [
                -118.382005920039,
                34.1670311785472
              ],
              [
                -118.382179493691,
                34.1674275286587
              ],
              [
                -118.382296538656,
                34.1678379486636
              ],
              [
                -118.382355470331,
                34.1682568879461
              ],
              [
                -118.382355491915,
                34.1686786807777
              ],
              [
                -118.382296602508,
                34.1690976245569
              ],
              [
                -118.382179596214,
                34.1695080526557
              ],
              [
                -118.382006055837,
                34.1699044144583
              ],
              [
                -118.38177832681,
                34.1702813491062
              ],
              [
                -118.381499489312,
                34.1706337610404
              ],
              [
                -118.381173312401,
                34.1709568820556
              ],
              [
                -118.38080420815,
                34.1712463432453
              ],
              [
                -118.380397166898,
                34.1714982289613
              ],
              [
                -118.379957694294,
                34.1717091334709
              ],
              [
                -118.379645734765,
                34.1718209866504
              ],
              [
                -118.379617228055,
                34.1718433428971
              ],
              [
                -118.379210184105,
                34.1720952286131
              ],
              [
                -118.378770707904,
                34.1723061331227
              ],
              [
                -118.378304743971,
                34.1724732028771
              ],
              [
                -118.377818593855,
                34.1725941796788
              ],
              [
                -118.3773188325,
                34.1726674258621
              ],
              [
                -118.376812219211,
                34.172691952173
              ],
              [
                -118.376305605921,
                34.1726674258622
              ],
              [
                -118.375805844566,
                34.1725941796788
              ],
              [
                -118.37531969445,
                34.1724732028772
              ],
              [
                -118.374853730517,
                34.1723061331227
              ],
              [
                -118.374414254316,
                34.1720952286131
              ],
              [
                -118.374007210367,
                34.1718433428971
              ],
              [
                -118.373638103418,
                34.1715538817074
              ],
              [
                -118.373431790847,
                34.1713495035779
              ],
              [
                -118.373348113427,
                34.1712838818469
              ],
              [
                -118.373021935616,
                34.1709607608316
              ],
              [
                -118.372743096319,
                34.1706083488973
              ],
              [
                -118.372515367292,
                34.1702314133502
              ],
              [
                -118.372341826017,
                34.1698350524469
              ],
              [
                -118.372224819722,
                34.1694246243481
              ],
              [
                -118.372165929416,
                34.1690056805688
              ],
              [
                -118.372165951,
                34.1685838877374
              ],
              [
                -118.372224883574,
                34.1681649484547
              ],
              [
                -118.372341928539,
                34.1677545284498
              ],
              [
                -118.37251550309,
                34.1673581783384
              ],
              [
                -118.372743258197,
                34.1669812571804
              ],
              [
                -118.373022114581,
                34.166628861434
              ],
              [
                -118.373348300486,
                34.1663057584052
              ],
              [
                -118.373397699346,
                34.166267020108
              ],
              [
                -118.373646309732,
                34.1660207578529
              ],
              [
                -118.374015412184,
                34.1657313146496
              ],
              [
                -118.374422440845,
                34.1654794451215
              ],
              [
                -118.374861892764,
                34.1652685559003
              ],
              [
                -118.375327823422,
                34.1651014987363
              ],
              [
                -118.375813933968,
                34.1649805318272
              ],
              [
                -118.376313652155,
                34.1649072910398
              ]
            ]
          ],
          [
            [
              [
                -118.448222596698,
                34.1762622948701
              ],
              [
                -118.448729231571,
                34.176237770358
              ],
              [
                -118.449235866444,
                34.1762622948701
              ],
              [
                -118.449735650282,
                34.1763355356576
              ],
              [
                -118.450221826478,
                34.1764565016674
              ],
              [
                -118.450687820089,
                34.1766235588313
              ],
              [
                -118.451127330464,
                34.1768344471532
              ],
              [
                -118.451534413085,
                34.177086315782
              ],
              [
                -118.451903565,
                34.1773757589853
              ],
              [
                -118.452229793172,
                34.177698862014
              ],
              [
                -118.45250868553,
                34.1780512559619
              ],
              [
                -118.452736471213,
                34.1784281771198
              ],
              [
                -118.452910068247,
                34.178824526332
              ],
              [
                -118.453027128501,
                34.1792349454376
              ],
              [
                -118.45308606827,
                34.1796538838208
              ],
              [
                -118.453086089853,
                34.1800756766523
              ],
              [
                -118.453027192353,
                34.1804946195323
              ],
              [
                -118.452949273292,
                34.1807679037169
              ],
              [
                -118.453027056555,
                34.1810406096375
              ],
              [
                -118.453085998122,
                34.1814595480209
              ],
              [
                -118.453086019706,
                34.1818813408523
              ],
              [
                -118.453027120407,
                34.1823002828329
              ],
              [
                -118.452910096126,
                34.1827107100324
              ],
              [
                -118.45273652877,
                34.1831070709357
              ],
              [
                -118.45250876467,
                34.1834840055836
              ],
              [
                -118.452229883105,
                34.1838364166185
              ],
              [
                -118.451903655831,
                34.1841595367344
              ],
              [
                -118.451534493124,
                34.1844489970247
              ],
              [
                -118.45112738892,
                34.1847008827407
              ],
              [
                -118.450687847968,
                34.184911786351
              ],
              [
                -118.450221814787,
                34.1850788561055
              ],
              [
                -118.449735591826,
                34.1851998329071
              ],
              [
                -118.449235756727,
                34.1852730790905
              ],
              [
                -118.448729067894,
                34.1852976054013
              ],
              [
                -118.448222379062,
                34.1852730790905
              ],
              [
                -118.447722543962,
                34.1851998329071
              ],
              [
                -118.447236321001,
                34.1850788561055
              ],
              [
                -118.446770287821,
                34.184911786351
              ],
              [
                -118.446330746869,
                34.1847008827407
              ],
              [
                -118.445923642664,
                34.1844489970247
              ],
              [
                -118.445554479957,
                34.1841595367343
              ],
              [
                -118.445228252684,
                34.1838364166185
              ],
              [
                -118.444949371119,
                34.1834840055835
              ],
              [
                -118.444721607019,
                34.1831070709357
              ],
              [
                -118.444677665244,
                34.1830067254811
              ],
              [
                -118.444661455864,
                34.1829940153626
              ],
              [
                -118.444335232187,
                34.1826708943474
              ],
              [
                -118.444056355119,
                34.1823184833125
              ],
              [
                -118.443828593717,
                34.1819415486647
              ],
              [
                -118.443655029058,
                34.1815451877614
              ],
              [
                -118.443538006576,
                34.1811347605619
              ],
              [
                -118.443479108176,
                34.1807158185813
              ],
              [
                -118.44347912976,
                34.1802940257499
              ],
              [
                -118.443538070428,
                34.1798750873665
              ],
              [
                -118.443655131581,
                34.179464668261
              ],
              [
                -118.443828729514,
                34.1790683190488
              ],
              [
                -118.444056516997,
                34.1786913987901
              ],
              [
                -118.444335411152,
                34.178339003943
              ],
              [
                -118.444661642023,
                34.1780159009142
              ],
              [
                -118.445030796636,
                34.1777264586104
              ],
              [
                -118.445437882854,
                34.1774745899815
              ],
              [
                -118.445471300762,
                34.1774585550694
              ],
              [
                -118.445554898142,
                34.1773757589853
              ],
              [
                -118.445924050057,
                34.177086315782
              ],
              [
                -118.446331132678,
                34.1768344471531
              ],
              [
                -118.446770643053,
                34.1766235588313
              ],
              [
                -118.447236636664,
                34.1764565016674
              ],
              [
                -118.44772281286,
                34.1763355356576
              ],
              [
                -118.448222596698,
                34.1762622948701
              ]
            ]
          ],
          [
            [
              [
                -118.447914412522,
                34.2075533169332
              ],
              [
                -118.448421234455,
                34.2075287933203
              ],
              [
                -118.448928056387,
                34.2075533169332
              ],
              [
                -118.449428025485,
                34.2076265577206
              ],
              [
                -118.449914380646,
                34.2077475237304
              ],
              [
                -118.450380546927,
                34.2079145790957
              ],
              [
                -118.45082021918,
                34.2081254674175
              ],
              [
                -118.451227452887,
                34.2083773342477
              ],
              [
                -118.451596740599,
                34.2086667756523
              ],
              [
                -118.451923089281,
                34.2089898768825
              ],
              [
                -118.451982179236,
                34.2090645125184
              ],
              [
                -118.452258138904,
                34.2092808021684
              ],
              [
                -118.452584489385,
                34.2096039033985
              ],
              [
                -118.452863487862,
                34.209956296447
              ],
              [
                -118.453091358082,
                34.2103332149071
              ],
              [
                -118.453265020766,
                34.2107295623206
              ],
              [
                -118.453382125087,
                34.2111399796275
              ],
              [
                -118.453441087338,
                34.2115589153128
              ],
              [
                -118.453441108922,
                34.2119807063456
              ],
              [
                -118.453382188939,
                34.2123996465277
              ],
              [
                -118.453265123289,
                34.2128100710291
              ],
              [
                -118.453091494779,
                34.2132064301338
              ],
              [
                -118.45286364974,
                34.213583362983
              ],
              [
                -118.452584669249,
                34.2139357722193
              ],
              [
                -118.452258325064,
                34.2142588905365
              ],
              [
                -118.451889031955,
                34.2145483499276
              ],
              [
                -118.45148178296,
                34.2148002338449
              ],
              [
                -118.451042085526,
                34.2150111365559
              ],
              [
                -118.45057588687,
                34.2151782063103
              ],
              [
                -118.450089491239,
                34.2152991822126
              ],
              [
                -118.449589478074,
                34.215372428396
              ],
              [
                -118.449082609377,
                34.2153969538075
              ],
              [
                -118.44857574068,
                34.215372428396
              ],
              [
                -118.448075727515,
                34.2152991822126
              ],
              [
                -118.448039620634,
                34.2152902015827
              ],
              [
                -118.447762545807,
                34.2152496133801
              ],
              [
                -118.447276151076,
                34.2151286374778
              ],
              [
                -118.446809952419,
                34.2149615686227
              ],
              [
                -118.446370255885,
                34.2147506650123
              ],
              [
                -118.445963006889,
                34.214498781095
              ],
              [
                -118.445593713781,
                34.214209321704
              ],
              [
                -118.445267370495,
                34.2138862033867
              ],
              [
                -118.444988390004,
                34.2135337941505
              ],
              [
                -118.444760544965,
                34.2131568613012
              ],
              [
                -118.444725696236,
                34.2130773090717
              ],
              [
                -118.444640221971,
                34.2129693364668
              ],
              [
                -118.44441237873,
                34.2125924036177
              ],
              [
                -118.44423875022,
                34.212196044513
              ],
              [
                -118.44412168547,
                34.2117856200115
              ],
              [
                -118.444062766386,
                34.2113666798296
              ],
              [
                -118.444062787969,
                34.2109448887967
              ],
              [
                -118.444121749321,
                34.2105259522121
              ],
              [
                -118.444238853642,
                34.2101155358045
              ],
              [
                -118.444412514528,
                34.209719188391
              ],
              [
                -118.444640383849,
                34.209342269931
              ],
              [
                -118.444919379628,
                34.2089898768825
              ],
              [
                -118.44524572831,
                34.2086667756524
              ],
              [
                -118.445615016022,
                34.2083773342477
              ],
              [
                -118.446022249729,
                34.2081254674175
              ],
              [
                -118.446461921982,
                34.2079145790957
              ],
              [
                -118.446928088263,
                34.2077475237303
              ],
              [
                -118.447414443424,
                34.2076265577206
              ],
              [
                -118.447914412522,
                34.2075533169332
              ]
            ]
          ]
        ]
      },
      "properties": {
        "OBJECTID": 2,
        "buffer": "1/4 mile",
        "Shape__Area": 165084329.57128906,
        "Shape__Length": 229648.8917217547
      }
    },
    {
      "type": "Feature",
      "id": 3,
      "geometry": {
        "type": "MultiPolygon",
        "coordinates": [
          [
            [
              [
                -118.426671716229,
                34.0397577250401
              ],
              [
                -118.426223432967,
                34.0391769392655
              ],
              [
                -118.425843500879,
                34.0385633066524
              ],
              [
                -118.42553536077,
                34.0379223868098
              ],
              [
                -118.42530180054,
                34.0372599848615
              ],
              [
                -118.425292846889,
                34.0372212951278
              ],
              [
                -118.425281806812,
                34.0371899843315
              ],
              [
                -118.425124940765,
                34.0365120978562
              ],
              [
                -118.425046187134,
                34.0358248674248
              ],
              [
                -118.4250462321,
                34.0353886323806
              ],
              [
                -118.425046265375,
                34.0350645158159
              ],
              [
                -118.425125156603,
                34.0343772961764
              ],
              [
                -118.42528215395,
                34.0336994312849
              ],
              [
                -118.425515831992,
                34.0330370599135
              ],
              [
                -118.425824074623,
                34.0323961805405
              ],
              [
                -118.426204087651,
                34.0317825955915
              ],
              [
                -118.426652429368,
                34.0312018619775
              ],
              [
                -118.427165037539,
                34.0306592371353
              ],
              [
                -118.427737270761,
                34.0301596358597
              ],
              [
                -118.428363945342,
                34.0297075808413
              ],
              [
                -118.429039388359,
                34.0293071648949
              ],
              [
                -118.429355186195,
                34.02915537732
              ],
              [
                -118.429476223251,
                34.0290836240112
              ],
              [
                -118.430194314818,
                34.0287384732032
              ],
              [
                -118.430948554634,
                34.0284517126775
              ],
              [
                -118.431732114148,
                34.0282259387772
              ],
              [
                -118.432537898607,
                34.0280631956611
              ],
              [
                -118.433358611813,
                34.027964957318
              ],
              [
                -118.434186823565,
                34.027932111379
              ],
              [
                -118.435015035318,
                34.0279649573181
              ],
              [
                -118.435835748523,
                34.0280631956611
              ],
              [
                -118.436641532982,
                34.0282259387772
              ],
              [
                -118.436687205053,
                34.0282390994561
              ],
              [
                -118.437134712199,
                34.0283294813217
              ],
              [
                -118.437918272612,
                34.028555255222
              ],
              [
                -118.438672513328,
                34.0288420148483
              ],
              [
                -118.439390605794,
                34.0291871656564
              ],
              [
                -118.440066047013,
                34.0295875807034
              ],
              [
                -118.440692721594,
                34.0300396366211
              ],
              [
                -118.440755346784,
                34.0300943127035
              ],
              [
                -118.440762726621,
                34.03009963669
              ],
              [
                -118.441334958943,
                34.0305992379656
              ],
              [
                -118.441847567114,
                34.0311418628079
              ],
              [
                -118.442295907932,
                34.0317225964219
              ],
              [
                -118.442675920959,
                34.0323361813708
              ],
              [
                -118.442984162691,
                34.0329770607439
              ],
              [
                -118.443217840733,
                34.0336394321153
              ],
              [
                -118.44337483808,
                34.0343172970068
              ],
              [
                -118.443453730208,
                34.0350045166463
              ],
              [
                -118.443453800355,
                34.0356948677251
              ],
              [
                -118.443375046723,
                34.0363820981564
              ],
              [
                -118.443218180677,
                34.0370599846317
              ],
              [
                -118.442984621345,
                34.0377223874793
              ],
              [
                -118.442676481237,
                34.0383633064226
              ],
              [
                -118.442296550048,
                34.0389769390357
              ],
              [
                -118.441848267686,
                34.0395577257096
              ],
              [
                -118.44133569279,
                34.0401004063099
              ],
              [
                -118.440763466763,
                34.040600065142
              ],
              [
                -118.440136772396,
                34.0410521777169
              ],
              [
                -118.439461284413,
                34.0414526485221
              ],
              [
                -118.4387431209,
                34.0417978487929
              ],
              [
                -118.437988787555,
                34.0420846524859
              ],
              [
                -118.437205115626,
                34.0423104623591
              ],
              [
                -118.436399204362,
                34.0424732324548
              ],
              [
                -118.436322440031,
                34.0424824208282
              ],
              [
                -118.436225120795,
                34.0425104625889
              ],
              [
                -118.435419208632,
                34.0426732317853
              ],
              [
                -118.434598356031,
                34.0427714872155
              ],
              [
                -118.433770000387,
                34.0428043385505
              ],
              [
                -118.432941644743,
                34.0427714872155
              ],
              [
                -118.432120792143,
                34.0426732317854
              ],
              [
                -118.43131487998,
                34.0425104625889
              ],
              [
                -118.430531206252,
                34.0422846527157
              ],
              [
                -118.429776870208,
                34.0419978490227
              ],
              [
                -118.429058705797,
                34.0416526478526
              ],
              [
                -118.428383216015,
                34.0412521779468
              ],
              [
                -118.42775651985,
                34.0408000653719
              ],
              [
                -118.427184292923,
                34.0403004065397
              ],
              [
                -118.426671716229,
                34.0397577250401
              ]
            ]
          ],
          [
            [
              [
                -118.434692596888,
                34.0315838103457
              ],
              [
                -118.434186823565,
                34.0315592858335
              ],
              [
                -118.433681050242,
                34.0315838103457
              ],
              [
                -118.433182116264,
                34.0316570529318
              ],
              [
                -118.432696766545,
                34.0317780225389
              ],
              [
                -118.432231566136,
                34.0319450833001
              ],
              [
                -118.431792803097,
                34.0321559770179
              ],
              [
                -118.431695217662,
                34.0322164591235
              ],
              [
                -118.431355973601,
                34.0323795179016
              ],
              [
                -118.43094958166,
                34.0326313928256
              ],
              [
                -118.430581056573,
                34.0329208423241
              ],
              [
                -118.430255382382,
                34.0332439525475
              ],
              [
                -118.429976963968,
                34.0335963554886
              ],
              [
                -118.429749564993,
                34.0339732847405
              ],
              [
                -118.429576262936,
                34.0343696438452
              ],
              [
                -118.429459401432,
                34.0347800728432
              ],
              [
                -118.429400562388,
                34.0351990211191
              ],
              [
                -118.429400558791,
                34.0352690216492
              ],
              [
                -118.429400540804,
                34.0356208238431
              ],
              [
                -118.429400537207,
                34.0356908243732
              ],
              [
                -118.429459334883,
                34.0361097762463
              ],
              [
                -118.429576157716,
                34.0365202133383
              ],
              [
                -118.42957636456,
                34.0365206863817
              ],
              [
                -118.429596154141,
                34.0365902138685
              ],
              [
                -118.429769423822,
                34.0369865846643
              ],
              [
                -118.429996796717,
                34.037363527406
              ],
              [
                -118.430275198943,
                34.0377159465349
              ],
              [
                -118.430600866839,
                34.0380390747447
              ],
              [
                -118.430969394624,
                34.0383285422296
              ],
              [
                -118.431375799156,
                34.0385804333415
              ],
              [
                -118.431814585577,
                34.0387913423477
              ],
              [
                -118.432279818361,
                34.0389584165989
              ],
              [
                -118.432765204952,
                34.0390793951991
              ],
              [
                -118.433264182098,
                34.0391526440804
              ],
              [
                -118.433770000387,
                34.0391771703913
              ],
              [
                -118.434275818676,
                34.0391526440804
              ],
              [
                -118.434774795822,
                34.0390793951991
              ],
              [
                -118.435093802439,
                34.038999886137
              ],
              [
                -118.43521401122,
                34.0389822387405
              ],
              [
                -118.4354429957,
                34.0389251668641
              ],
              [
                -118.435754793351,
                34.0388793958686
              ],
              [
                -118.436240179043,
                34.038758416369
              ],
              [
                -118.436705410928,
                34.0385913421179
              ],
              [
                -118.43714419555,
                34.0383804331116
              ],
              [
                -118.437550600082,
                34.0381285419998
              ],
              [
                -118.437919126968,
                34.0378390745148
              ],
              [
                -118.438244793065,
                34.037515946305
              ],
              [
                -118.438523195291,
                34.0371635280755
              ],
              [
                -118.438750567287,
                34.0367865844345
              ],
              [
                -118.438923836968,
                34.0363902136386
              ],
              [
                -118.439040659801,
                34.0359797765466
              ],
              [
                -118.439099457476,
                34.0355608246735
              ],
              [
                -118.439099435892,
                34.0351390219494
              ],
              [
                -118.439040595949,
                34.0347200736736
              ],
              [
                -118.438923734445,
                34.0343096446755
              ],
              [
                -118.438750432389,
                34.0339132855708
              ],
              [
                -118.438523034313,
                34.0335363563189
              ],
              [
                -118.438244615898,
                34.0331839533779
              ],
              [
                -118.437918941708,
                34.0328608431546
              ],
              [
                -118.437873215678,
                34.0328249287286
              ],
              [
                -118.437848939379,
                34.0328008430856
              ],
              [
                -118.437480415191,
                34.0325113935871
              ],
              [
                -118.43707402325,
                34.0322595186631
              ],
              [
                -118.436635260211,
                34.0320486249452
              ],
              [
                -118.436170058903,
                34.031881564184
              ],
              [
                -118.435684709184,
                34.0317605945769
              ],
              [
                -118.435495543986,
                34.0317328262101
              ],
              [
                -118.435191530867,
                34.0316570529318
              ],
              [
                -118.434692596888,
                34.0315838103457
              ]
            ]
          ],
          [
            [
              [
                -118.45508235367,
                34.0603020186244
              ],
              [
                -118.458792758581,
                34.0580782101424
              ],
              [
                -118.460477495442,
                34.0595108580408
              ],
              [
                -118.459936872491,
                34.0599007896908
              ],
              [
                -118.459543212252,
                34.0601341232923
              ],
              [
                -118.459468471395,
                34.060213234854
              ],
              [
                -118.458896110469,
                34.0607128927869
              ],
              [
                -118.458269266815,
                34.0611650035632
              ],
              [
                -118.457593619652,
                34.0615654725696
              ],
              [
                -118.456875287067,
                34.0619106719411
              ],
              [
                -118.456568091247,
                34.0620274426135
              ],
              [
                -118.45508235367,
                34.0603020186244
              ]
            ]
          ],
          [
            [
              [
                -118.234116629181,
                34.0634873192855
              ],
              [
                -118.233295576931,
                34.0633890647547
              ],
              [
                -118.232592799021,
                34.0632471598297
              ],
              [
                -118.232558580716,
                34.0632430652164
              ],
              [
                -118.231752472501,
                34.06308029602
              ],
              [
                -118.230968609915,
                34.0628544870461
              ],
              [
                -118.230214092209,
                34.0625676842524
              ],
              [
                -118.229495753328,
                34.062222484881
              ],
              [
                -118.228820100769,
                34.0618220158745
              ],
              [
                -118.228193253518,
                34.0613699041989
              ],
              [
                -118.227620888096,
                34.0608702471654
              ],
              [
                -118.227229847582,
                34.0604563422875
              ],
              [
                -118.226884942288,
                34.0601552465686
              ],
              [
                -118.226372246884,
                34.059612567767
              ],
              [
                -118.225923859301,
                34.0590317828917
              ],
              [
                -118.225543839079,
                34.0584181529766
              ],
              [
                -118.225235626125,
                34.0577772358319
              ],
              [
                -118.225002011935,
                34.0571148347829
              ],
              [
                -118.224845109017,
                34.0564369510056
              ],
              [
                -118.224766336499,
                34.055749722373
              ],
              [
                -118.224766407546,
                34.0550593739921
              ],
              [
                -118.224845317659,
                34.0543721570506
              ],
              [
                -118.225002351879,
                34.0536942939576
              ],
              [
                -118.22523608478,
                34.0530319252843
              ],
              [
                -118.225544400256,
                34.0523910477098
              ],
              [
                -118.225924502316,
                34.0517774645595
              ],
              [
                -118.225926770406,
                34.0517745273737
              ],
              [
                -118.225974509118,
                34.0516974644676
              ],
              [
                -118.226422955157,
                34.0511167326523
              ],
              [
                -118.226935682938,
                34.0505741096086
              ],
              [
                -118.227508050159,
                34.0500745101317
              ],
              [
                -118.228134872229,
                34.0496224560127
              ],
              [
                -118.228810471728,
                34.0492220418649
              ],
              [
                -118.229528733267,
                34.0488768928555
              ],
              [
                -118.230283151149,
                34.0485901332293
              ],
              [
                -118.230995118332,
                34.0483850374407
              ],
              [
                -118.231413166387,
                34.0482261326311
              ],
              [
                -118.232196907563,
                34.0480003596301
              ],
              [
                -118.233002878182,
                34.0478376174132
              ],
              [
                -118.233823782044,
                34.0477393790703
              ],
              [
                -118.234652186252,
                34.0477065331312
              ],
              [
                -118.234678796292,
                34.0477075880359
              ],
              [
                -118.234680185744,
                34.0477075331773
              ],
              [
                -118.235508589952,
                34.0477403791164
              ],
              [
                -118.236329493813,
                34.0478386174594
              ],
              [
                -118.237135464432,
                34.0480013596762
              ],
              [
                -118.237919205609,
                34.0482271335765
              ],
              [
                -118.238673620793,
                34.0485138923035
              ],
              [
                -118.239391878734,
                34.0488590422121
              ],
              [
                -118.240067476435,
                34.04925945636
              ],
              [
                -118.240270988517,
                34.0494062266172
              ],
              [
                -118.240750480952,
                34.0491220408507
              ],
              [
                -118.240900995087,
                34.0490497137744
              ],
              [
                -118.240979353916,
                34.0490032718846
              ],
              [
                -118.241058131829,
                34.0489345070231
              ],
              [
                -118.24135780662,
                34.0487183855462
              ],
              [
                -118.241432881125,
                34.0483942923639
              ],
              [
                -118.241666599636,
                34.0477319218918
              ],
              [
                -118.241974895327,
                34.0470910443174
              ],
              [
                -118.242354974005,
                34.0464774602678
              ],
              [
                -118.242803392165,
                34.0458967284524
              ],
              [
                -118.243316089368,
                34.0453541054088
              ],
              [
                -118.243854033239,
                34.0448845235031
              ],
              [
                -118.243945127368,
                34.0447374591676
              ],
              [
                -118.244393537434,
                34.0441567264529
              ],
              [
                -118.244906223845,
                34.0436141034093
              ],
              [
                -118.245478543402,
                34.043114503033
              ],
              [
                -118.246105314211,
                34.0426624489141
              ],
              [
                -118.246780858852,
                34.0422620338669
              ],
              [
                -118.247499061934,
                34.0419168848575
              ],
              [
                -118.248253418662,
                34.041630124332
              ],
              [
                -118.249037098685,
                34.0414043513309
              ],
              [
                -118.249843007251,
                34.0412416082148
              ],
              [
                -118.25066384816,
                34.0411433698718
              ],
              [
                -118.251492187616,
                34.0411105239327
              ],
              [
                -118.252320527073,
                34.0411433698717
              ],
              [
                -118.253141367982,
                34.0412416082148
              ],
              [
                -118.253947276548,
                34.0414043513309
              ],
              [
                -118.254292947164,
                34.0415039377577
              ],
              [
                -118.254513427655,
                34.041420123641
              ],
              [
                -118.255297106778,
                34.0411943506399
              ],
              [
                -118.255808695117,
                34.0410910419192
              ],
              [
                -118.255817702727,
                34.0410884473752
              ],
              [
                -118.256623608595,
                34.040925704259
              ],
              [
                -118.257444445907,
                34.0408274650166
              ],
              [
                -118.258272782665,
                34.0407946199769
              ],
              [
                -118.259101119423,
                34.0408274650166
              ],
              [
                -118.259921956735,
                34.040925704259
              ],
              [
                -118.260727862603,
                34.0410884473751
              ],
              [
                -118.261511539928,
                34.0413142203761
              ],
              [
                -118.262265893958,
                34.0416009800024
              ],
              [
                -118.262984093443,
                34.0419461299111
              ],
              [
                -118.263659636285,
                34.0423465449582
              ],
              [
                -118.264286404396,
                34.0427985990773
              ],
              [
                -118.264858722154,
                34.0432981994535
              ],
              [
                -118.265310951641,
                34.0437768375322
              ],
              [
                -118.265397172344,
                34.0438521017943
              ],
              [
                -118.265557801154,
                34.0440221105331
              ],
              [
                -118.265685903284,
                34.0441145023836
              ],
              [
                -118.266258230035,
                34.0446141027598
              ],
              [
                -118.266770922742,
                34.0451567258034
              ],
              [
                -118.267219337305,
                34.0457374585181
              ],
              [
                -118.267599412385,
                34.0463510416684
              ],
              [
                -118.267907705378,
                34.0469919201422
              ],
              [
                -118.268141422091,
                34.0476542897149
              ],
              [
                -118.268298445519,
                34.0483321528078
              ],
              [
                -118.268377350237,
                34.0490193715479
              ],
              [
                -118.268377420384,
                34.0497097208281
              ],
              [
                -118.268298654162,
                34.0503969494608
              ],
              [
                -118.268141762035,
                34.0510748341374
              ],
              [
                -118.267908164033,
                34.0517372351864
              ],
              [
                -118.267599973562,
                34.0523781541297
              ],
              [
                -118.26721998032,
                34.0529917840448
              ],
              [
                -118.266771624213,
                34.0535725698194
              ],
              [
                -118.266258964782,
                34.0541152495203
              ],
              [
                -118.265686645225,
                34.0546149074531
              ],
              [
                -118.265059846537,
                34.0550670191288
              ],
              [
                -118.264384247937,
                34.0554674881352
              ],
              [
                -118.263665966613,
                34.055812688406
              ],
              [
                -118.262911508262,
                34.0560994911997
              ],
              [
                -118.26212770773,
                34.0563253001736
              ],
              [
                -118.261321664265,
                34.0564880693701
              ],
              [
                -118.260500678566,
                34.0565863248002
              ],
              [
                -118.259672188923,
                34.0566191761352
              ],
              [
                -118.258843699279,
                34.0565863248002
              ],
              [
                -118.258022713579,
                34.0564880693701
              ],
              [
                -118.257216670115,
                34.0563253001736
              ],
              [
                -118.256432869583,
                34.0560994911997
              ],
              [
                -118.256321692694,
                34.0560572284595
              ],
              [
                -118.255919926865,
                34.0563470179018
              ],
              [
                -118.255244318373,
                34.0567474878075
              ],
              [
                -118.25520897052,
                34.0567644751016
              ],
              [
                -118.255000420435,
                34.057198152474
              ],
              [
                -118.254620405609,
                34.057811782389
              ],
              [
                -118.254172024322,
                34.0583925672643
              ],
              [
                -118.253659336112,
                34.0589352460659
              ],
              [
                -118.25308698328,
                34.0594349039988
              ],
              [
                -118.252460150418,
                34.0598870156744
              ],
              [
                -118.25214776371,
                34.0600721761911
              ],
              [
                -118.25206903526,
                34.0601409050799
              ],
              [
                -118.251442196103,
                34.0605930158562
              ],
              [
                -118.251367899511,
                34.0606370529588
              ],
              [
                -118.251187080022,
                34.060794903763
              ],
              [
                -118.250560236368,
                34.0612470145392
              ],
              [
                -118.249884588305,
                34.0616474835457
              ],
              [
                -118.249166254821,
                34.0619926829171
              ],
              [
                -118.24841174251,
                34.0622794866102
              ],
              [
                -118.247627884421,
                34.0625052955841
              ],
              [
                -118.246821782501,
                34.0626680638812
              ],
              [
                -118.246000737446,
                34.0627663193114
              ],
              [
                -118.245172187548,
                34.0627991706464
              ],
              [
                -118.244343637651,
                34.0627663193114
              ],
              [
                -118.243522592596,
                34.0626680638812
              ],
              [
                -118.242716490676,
                34.0625052955841
              ],
              [
                -118.241932632587,
                34.0622794866102
              ],
              [
                -118.241626619375,
                34.0621631664981
              ],
              [
                -118.241448994278,
                34.0622684456334
              ],
              [
                -118.240730655398,
                34.0626136459042
              ],
              [
                -118.239976137691,
                34.0629004486979
              ],
              [
                -118.239192274206,
                34.0631262576718
              ],
              [
                -118.238386165991,
                34.0632890268682
              ],
              [
                -118.23756511554,
                34.0633872813991
              ],
              [
                -118.236736559347,
                34.0634201327341
              ],
              [
                -118.236435067027,
                34.0634081798448
              ],
              [
                -118.235773743366,
                34.0634873192855
              ],
              [
                -118.234945186273,
                34.0635201706205
              ],
              [
                -118.234116629181,
                34.0634873192855
              ]
            ]
          ],
          [
            [
              [
                -118.235950225425,
                34.0597952398596
              ],
              [
                -118.23612181787,
                34.0597524824923
              ],
              [
                -118.23623061875,
                34.0597684499552
              ],
              [
                -118.236736559347,
                34.0597929771653
              ],
              [
                -118.237242499944,
                34.0597684499552
              ],
              [
                -118.237741597599,
                34.0596952019732
              ],
              [
                -118.238227102001,
                34.0595742233729
              ],
              [
                -118.238692447201,
                34.0594071500212
              ],
              [
                -118.239131339742,
                34.0591962419142
              ],
              [
                -118.239537843199,
                34.0589443517016
              ],
              [
                -118.239906460017,
                34.058654885116
              ],
              [
                -118.240232206154,
                34.0583317578056
              ],
              [
                -118.240510675829,
                34.0579793404753
              ],
              [
                -118.240738104482,
                34.0576023977337
              ],
              [
                -118.240911415532,
                34.0572060287364
              ],
              [
                -118.241028267143,
                34.0567955934431
              ],
              [
                -118.24104312754,
                34.056689734245
              ],
              [
                -118.241170672091,
                34.0569814347466
              ],
              [
                -118.241398098046,
                34.0573583774883
              ],
              [
                -118.241676565923,
                34.0577107948185
              ],
              [
                -118.242002309361,
                34.0580339221289
              ],
              [
                -118.242370924381,
                34.0583233887146
              ],
              [
                -118.242777424241,
                34.0585752789271
              ],
              [
                -118.243216313184,
                34.0587861870341
              ],
              [
                -118.243681655686,
                34.0589532603859
              ],
              [
                -118.244167156491,
                34.0590742398854
              ],
              [
                -118.244666250549,
                34.0591474878674
              ],
              [
                -118.245172187548,
                34.0591720141782
              ],
              [
                -118.245678124548,
                34.0591474878674
              ],
              [
                -118.246177218606,
                34.0590742398854
              ],
              [
                -118.246662719411,
                34.0589532603859
              ],
              [
                -118.247128061913,
                34.0587861870341
              ],
              [
                -118.247566950856,
                34.0585752789271
              ],
              [
                -118.247973450716,
                34.0583233887146
              ],
              [
                -118.248342065736,
                34.0580339221289
              ],
              [
                -118.248466749543,
                34.0579102392673
              ],
              [
                -118.248855430236,
                34.0576693891322
              ],
              [
                -118.249224042558,
                34.0573799225466
              ],
              [
                -118.249317763606,
                34.0572869533314
              ],
              [
                -118.249466911671,
                34.057215279163
              ],
              [
                -118.249873405236,
                34.0569633889504
              ],
              [
                -118.25024201396,
                34.0566739223648
              ],
              [
                -118.250567752902,
                34.0563507950543
              ],
              [
                -118.250846216282,
                34.0559983768248
              ],
              [
                -118.25107363864,
                34.0556214349824
              ],
              [
                -118.251246946092,
                34.0552250650859
              ],
              [
                -118.251363795005,
                34.0548146297925
              ],
              [
                -118.251422605271,
                34.0543956788187
              ],
              [
                -118.251422595379,
                34.0541910560736
              ],
              [
                -118.251537161813,
                34.0541742414493
              ],
              [
                -118.252022634739,
                34.0540532619496
              ],
              [
                -118.252487949362,
                34.0538861885979
              ],
              [
                -118.252926813124,
                34.053675280491
              ],
              [
                -118.253333290501,
                34.0534233893791
              ],
              [
                -118.253701883937,
                34.0531339227935
              ],
              [
                -118.254027608489,
                34.052810795483
              ],
              [
                -118.254306060179,
                34.0524583772535
              ],
              [
                -118.254533473543,
                34.052081435411
              ],
              [
                -118.254706773801,
                34.0516850655145
              ],
              [
                -118.254761511037,
                34.0514927913604
              ],
              [
                -118.254767554481,
                34.0514867964796
              ],
              [
                -118.25501301544,
                34.0511761274775
              ],
              [
                -118.255232557938,
                34.0513939234919
              ],
              [
                -118.25560114418,
                34.0516833900775
              ],
              [
                -118.256007612563,
                34.0519352811894
              ],
              [
                -118.256446467333,
                34.0521461892964
              ],
              [
                -118.256911772962,
                34.0523132635475
              ],
              [
                -118.25731713518,
                34.0524142807956
              ],
              [
                -118.257716456651,
                34.0526061889256
              ],
              [
                -118.258181764979,
                34.0527732622774
              ],
              [
                -118.25866723071,
                34.052894241777
              ],
              [
                -118.259166288795,
                34.052967489759
              ],
              [
                -118.259672188923,
                34.0529920160699
              ],
              [
                -118.26017808905,
                34.052967489759
              ],
              [
                -118.260677147135,
                34.052894241777
              ],
              [
                -118.261162612866,
                34.0527732622774
              ],
              [
                -118.261627921194,
                34.0526061889257
              ],
              [
                -118.262066777762,
                34.0523952808187
              ],
              [
                -118.262473248843,
                34.0521433897069
              ],
              [
                -118.262841836883,
                34.0518539231212
              ],
              [
                -118.263167556939,
                34.0515307958107
              ],
              [
                -118.263446004132,
                34.0511783775813
              ],
              [
                -118.263673413899,
                34.0508014348395
              ],
              [
                -118.263846711459,
                34.050405064943
              ],
              [
                -118.263963554077,
                34.0499946296496
              ],
              [
                -118.264022361645,
                34.0495756777765
              ],
              [
                -118.264022340061,
                34.0491538768511
              ],
              [
                -118.263963490225,
                34.0487349294746
              ],
              [
                -118.263846609835,
                34.0483245013758
              ],
              [
                -118.263673279001,
                34.0479281431704
              ],
              [
                -118.263445843153,
                34.0475512148179
              ],
              [
                -118.263167378874,
                34.0471988127762
              ],
              [
                -118.262841651623,
                34.0468757025528
              ],
              [
                -118.262473066281,
                34.0465862539536
              ],
              [
                -118.262377773218,
                34.0465272026694
              ],
              [
                -118.262306348162,
                34.0464368127099
              ],
              [
                -118.261980623609,
                34.0461137024865
              ],
              [
                -118.261900674778,
                34.0460509181165
              ],
              [
                -118.261767918657,
                34.0458829094699
              ],
              [
                -118.261442195903,
                34.0455597992465
              ],
              [
                -118.261073616856,
                34.0452703506473
              ],
              [
                -118.26066716466,
                34.0450184766226
              ],
              [
                -118.260228335971,
                34.0448075838041
              ],
              [
                -118.259763064516,
                34.0446405230429
              ],
              [
                -118.259277641952,
                34.0445195534358
              ],
              [
                -118.25877863243,
                34.0444463117491
              ],
              [
                -118.258272782665,
                34.0444217872369
              ],
              [
                -118.2577669329,
                34.0444463117491
              ],
              [
                -118.257267923378,
                34.0445195534357
              ],
              [
                -118.25697998564,
                34.0445913094425
              ],
              [
                -118.256747329228,
                34.0446254567006
              ],
              [
                -118.256261905764,
                34.0447464263077
              ],
              [
                -118.255796634309,
                34.044913487069
              ],
              [
                -118.255357804721,
                34.0451243798874
              ],
              [
                -118.254951351626,
                34.0453762539122
              ],
              [
                -118.25458277168,
                34.0456657034107
              ],
              [
                -118.254556067211,
                34.0456921938408
              ],
              [
                -118.254523035112,
                34.0456662537958
              ],
              [
                -118.254116581117,
                34.045414379771
              ],
              [
                -118.25367775063,
                34.0452034869526
              ],
              [
                -118.253212477376,
                34.0450364261913
              ],
              [
                -118.253188942118,
                34.0450305617122
              ],
              [
                -118.252982474863,
                34.0449564269987
              ],
              [
                -118.252497050501,
                34.0448354573916
              ],
              [
                -118.25199803918,
                34.0447622157049
              ],
              [
                -118.251492187616,
                34.0447376911926
              ],
              [
                -118.250986336053,
                34.0447622157049
              ],
              [
                -118.250487324732,
                34.0448354573916
              ],
              [
                -118.250001900369,
                34.0449564269987
              ],
              [
                -118.249536627116,
                34.0451234877599
              ],
              [
                -118.249097796628,
                34.0453343805783
              ],
              [
                -118.248691343533,
                34.0455862546031
              ],
              [
                -118.248322761788,
                34.0458757041016
              ],
              [
                -118.247997039034,
                34.0461988134257
              ],
              [
                -118.247718577453,
                34.0465512154674
              ],
              [
                -118.247491144303,
                34.0469281447193
              ],
              [
                -118.247397251484,
                34.0471428542605
              ],
              [
                -118.247101286397,
                34.0473262557033
              ],
              [
                -118.246732698357,
                34.0476157043025
              ],
              [
                -118.24640696751,
                34.0479388145259
              ],
              [
                -118.246128500532,
                34.0482912165676
              ],
              [
                -118.245901062886,
                34.0486681449201
              ],
              [
                -118.245727731152,
                34.0490645031255
              ],
              [
                -118.245610849863,
                34.0494749312242
              ],
              [
                -118.245551999128,
                34.0498938786008
              ],
              [
                -118.245551977544,
                34.0503156795262
              ],
              [
                -118.245610786011,
                34.0507346313993
              ],
              [
                -118.245619977082,
                34.0507669161614
              ],
              [
                -118.245581798164,
                34.0507764300893
              ],
              [
                -118.245116493434,
                34.0509434899513
              ],
              [
                -118.244677632369,
                34.0511543827697
              ],
              [
                -118.244271151395,
                34.0514062567945
              ],
              [
                -118.243902545368,
                34.0516957053937
              ],
              [
                -118.243808795542,
                34.0517886970918
              ],
              [
                -118.243659614202,
                34.0518603847502
              ],
              [
                -118.24330364365,
                34.0520809578711
              ],
              [
                -118.243067604888,
                34.0521943839648
              ],
              [
                -118.242661118518,
                34.0524462579896
              ],
              [
                -118.242292507995,
                34.0527357065888
              ],
              [
                -118.241966758261,
                34.0530588159128
              ],
              [
                -118.241848536083,
                34.0532084172359
              ],
              [
                -118.241676743989,
                34.0533788162805
              ],
              [
                -118.241398259025,
                34.0537312183223
              ],
              [
                -118.241170806989,
                34.0541081457755
              ],
              [
                -118.240997463564,
                34.0545045039808
              ],
              [
                -118.240880575081,
                34.0549149311803
              ],
              [
                -118.240865662522,
                34.055021085356
              ],
              [
                -118.240737968684,
                34.0547291096618
              ],
              [
                -118.24051051485,
                34.0543521813093
              ],
              [
                -118.240232028088,
                34.0539997792676
              ],
              [
                -118.239906274757,
                34.0536766699436
              ],
              [
                -118.239537660637,
                34.0533872213444
              ],
              [
                -118.23913116887,
                34.0531353473196
              ],
              [
                -118.238692298813,
                34.0529244545012
              ],
              [
                -118.238226983291,
                34.0527573946392
              ],
              [
                -118.238106636015,
                34.0527274067456
              ],
              [
                -118.237849856188,
                34.0524727079503
              ],
              [
                -118.237481247464,
                34.0521832584518
              ],
              [
                -118.237074761993,
                34.0519313853264
              ],
              [
                -118.236635897331,
                34.0517204925079
              ],
              [
                -118.236170588104,
                34.0515534317466
              ],
              [
                -118.235685126869,
                34.0514324630389
              ],
              [
                -118.235186075979,
                34.0513592204528
              ],
              [
                -118.234680185744,
                34.0513346959407
              ],
              [
                -118.234676500322,
                34.0513348749058
              ],
              [
                -118.234652186252,
                34.0513336958945
              ],
              [
                -118.234146296017,
                34.0513582204067
              ],
              [
                -118.233647245126,
                34.0514314629928
              ],
              [
                -118.233161783891,
                34.0515524317005
              ],
              [
                -118.232696474665,
                34.0517194924618
              ],
              [
                -118.232547678235,
                34.051790995759
              ],
              [
                -118.23251724068,
                34.0517954626916
              ],
              [
                -118.232031776747,
                34.0519164313993
              ],
              [
                -118.231566465722,
                34.0520834921606
              ],
              [
                -118.231127599261,
                34.052294384979
              ],
              [
                -118.230721111992,
                34.0525462590038
              ],
              [
                -118.230352501469,
                34.052835707603
              ],
              [
                -118.230026750836,
                34.053158816927
              ],
              [
                -118.229748266771,
                34.0535112189687
              ],
              [
                -118.229705575054,
                34.0535819668355
              ],
              [
                -118.229698263566,
                34.0535912190607
              ],
              [
                -118.229470811531,
                34.0539681465139
              ],
              [
                -118.229297469005,
                34.0543645047193
              ],
              [
                -118.229180580522,
                34.0547749319187
              ],
              [
                -118.229121726189,
                34.0551938792953
              ],
              [
                -118.229121704605,
                34.0556156802207
              ],
              [
                -118.22918051667,
                34.0560346311944
              ],
              [
                -118.229297367382,
                34.0564450664878
              ],
              [
                -118.229470676633,
                34.056841435485
              ],
              [
                -118.229698102587,
                34.0572183782267
              ],
              [
                -118.229976570465,
                34.057570795557
              ],
              [
                -118.230302313003,
                34.0578939228674
              ],
              [
                -118.230567355801,
                34.0581020574652
              ],
              [
                -118.230712541453,
                34.0582857961538
              ],
              [
                -118.231038287589,
                34.0586089234642
              ],
              [
                -118.231406904407,
                34.0588983900499
              ],
              [
                -118.231813406965,
                34.0591502802624
              ],
              [
                -118.232252299506,
                34.0593611883693
              ],
              [
                -118.232717644706,
                34.0595282617211
              ],
              [
                -118.233203148209,
                34.0596492403214
              ],
              [
                -118.233570718216,
                34.059703185255
              ],
              [
                -118.233940147122,
                34.0597952398596
              ],
              [
                -118.234439244777,
                34.0598684878416
              ],
              [
                -118.234945186273,
                34.0598930141525
              ],
              [
                -118.235451127769,
                34.0598684878416
              ],
              [
                -118.235950225425,
                34.0597952398596
              ]
            ]
          ],
          [
            [
              [
                -118.414178616752,
                34.0628454380677
              ],
              [
                -118.413805294681,
                34.062324468001
              ],
              [
                -118.413807633817,
                34.0623255921535
              ],
              [
                -118.414272995205,
                34.0624926655053
              ],
              [
                -118.414758516694,
                34.0626136441055
              ],
              [
                -118.415257631437,
                34.0626868920875
              ],
              [
                -118.41576358912,
                34.0627114192977
              ],
              [
                -118.416269546804,
                34.0626868920875
              ],
              [
                -118.416768661547,
                34.0626136441056
              ],
              [
                -118.417254183036,
                34.0624926655053
              ],
              [
                -118.417719544424,
                34.0623255921536
              ],
              [
                -118.418158451354,
                34.0621146840466
              ],
              [
                -118.4185649692,
                34.061862793834
              ],
              [
                -118.418933598609,
                34.0615733281477
              ],
              [
                -118.419259355537,
                34.0612502008372
              ],
              [
                -118.419341572458,
                34.0611461555718
              ],
              [
                -118.419345978236,
                34.0611417848666
              ],
              [
                -118.419624457805,
                34.0607893675364
              ],
              [
                -118.419851892753,
                34.0604124247947
              ],
              [
                -118.420025210097,
                34.0600160566968
              ],
              [
                -118.420142065306,
                34.0596056214034
              ],
              [
                -118.420200879169,
                34.0591866704296
              ],
              [
                -118.420200857586,
                34.0587648695043
              ],
              [
                -118.420142002354,
                34.058345923027
              ],
              [
                -118.420025108474,
                34.0579354958277
              ],
              [
                -118.419851757854,
                34.0575391376223
              ],
              [
                -118.419624296826,
                34.057162210169
              ],
              [
                -118.41934580107,
                34.0568098090266
              ],
              [
                -118.419020036947,
                34.0564866988032
              ],
              [
                -118.418651409337,
                34.0561972502041
              ],
              [
                -118.41824490498,
                34.0559453770786
              ],
              [
                -118.417806020534,
                34.0557344842602
              ],
              [
                -118.417340688824,
                34.0555674243982
              ],
              [
                -118.416855204206,
                34.0554464547912
              ],
              [
                -118.416356130833,
                34.0553732131044
              ],
              [
                -118.415850216317,
                34.0553486885922
              ],
              [
                -118.4153443018,
                34.0553732131044
              ],
              [
                -118.414845228427,
                34.0554464547912
              ],
              [
                -118.414359743809,
                34.0555674243983
              ],
              [
                -118.4138944121,
                34.0557344842602
              ],
              [
                -118.413455527653,
                34.0559453770786
              ],
              [
                -118.413049023296,
                34.0561972502041
              ],
              [
                -118.412680395686,
                34.0564866988032
              ],
              [
                -118.412354631563,
                34.0568098090267
              ],
              [
                -118.412272408347,
                34.0569138524934
              ],
              [
                -118.41226799987,
                34.0569182249972
              ],
              [
                -118.411989504114,
                34.0572706261396
              ],
              [
                -118.411762042187,
                34.0576475535929
              ],
              [
                -118.411588692466,
                34.0580439117982
              ],
              [
                -118.411471797687,
                34.0584543389977
              ],
              [
                -118.411412941556,
                34.0588732854749
              ],
              [
                -118.411412919972,
                34.0592950864003
              ],
              [
                -118.411471734735,
                34.0597140373741
              ],
              [
                -118.411588589944,
                34.0601244726675
              ],
              [
                -118.411693782744,
                34.0603650440127
              ],
              [
                -118.411563048298,
                34.0604298977227
              ],
              [
                -118.411121480274,
                34.0598117451171
              ],
              [
                -118.41079823875,
                34.059360950049
              ],
              [
                -118.410630349713,
                34.0591248591261
              ],
              [
                -118.410714334701,
                34.0590826701303
              ],
              [
                -118.410681084966,
                34.0590353855757
              ],
              [
                -118.410677771864,
                34.0590309249384
              ],
              [
                -118.409002330395,
                34.0566909636182
              ],
              [
                -118.408696503343,
                34.0562640068796
              ],
              [
                -118.408693183945,
                34.0562595480408
              ],
              [
                -118.408170546536,
                34.0555295638395
              ],
              [
                -118.408215579188,
                34.0554568725378
              ],
              [
                -118.408664045012,
                34.0548761407225
              ],
              [
                -118.408679984596,
                34.0548592739375
              ],
              [
                -118.408750681201,
                34.0547677247519
              ],
              [
                -118.409263431464,
                34.0542251026076
              ],
              [
                -118.409835822967,
                34.0537255031306
              ],
              [
                -118.410462672017,
                34.0532734499109
              ],
              [
                -118.411138301194,
                34.0528730357631
              ],
              [
                -118.411856593309,
                34.0525278867537
              ],
              [
                -118.412611043567,
                34.0522411271275
              ],
              [
                -118.413394821616,
                34.0520153541265
              ],
              [
                -118.414200830906,
                34.0518526119097
              ],
              [
                -118.415021773438,
                34.0517543735666
              ],
              [
                -118.415850216317,
                34.0517215276275
              ],
              [
                -118.416678659195,
                34.0517543735666
              ],
              [
                -118.417499601727,
                34.0518526119097
              ],
              [
                -118.418305611017,
                34.0520153541264
              ],
              [
                -118.419089389066,
                34.0522411271275
              ],
              [
                -118.419843839324,
                34.0525278867537
              ],
              [
                -118.420562131439,
                34.0528730357632
              ],
              [
                -118.421237760616,
                34.0532734499109
              ],
              [
                -118.421864609666,
                34.0537255031306
              ],
              [
                -118.422437001169,
                34.0542251026076
              ],
              [
                -118.422949751432,
                34.0547677247519
              ],
              [
                -118.423398216357,
                34.0553484565672
              ],
              [
                -118.423778334605,
                34.0559620397175
              ],
              [
                -118.424086662671,
                34.0566029163926
              ],
              [
                -118.424320405464,
                34.057265285066
              ],
              [
                -118.424477445979,
                34.0579431472596
              ],
              [
                -118.42455635969,
                34.0586303642011
              ],
              [
                -118.424556430737,
                34.0593207125819
              ],
              [
                -118.424477655522,
                34.0600079403153
              ],
              [
                -118.424320745408,
                34.0606858240927
              ],
              [
                -118.424087121326,
                34.0613482242423
              ],
              [
                -118.423778895782,
                34.0619891413869
              ],
              [
                -118.423398859372,
                34.062602771302
              ],
              [
                -118.422950452903,
                34.063183555278
              ],
              [
                -118.422934518715,
                34.0632004211637
              ],
              [
                -118.4228638347,
                34.0632919712486
              ],
              [
                -118.422351116813,
                34.0638346500502
              ],
              [
                -118.421778731605,
                34.0643343079831
              ],
              [
                -118.421151861871,
                34.0647864187594
              ],
              [
                -118.420476185929,
                34.0651868868665
              ],
              [
                -118.419757822767,
                34.0655320862379
              ],
              [
                -118.419003278081,
                34.0658188890316
              ],
              [
                -118.418219388516,
                34.0660446980056
              ],
              [
                -118.417413252422,
                34.066207467202
              ],
              [
                -118.416592174092,
                34.0663057217328
              ],
              [
                -118.415795756971,
                34.0663372978292
              ],
              [
                -118.414384412213,
                34.0643676926161
              ],
              [
                -118.414078500624,
                34.0639407520652
              ],
              [
                -118.413526130728,
                34.0631698154358
              ],
              [
                -118.413610912516,
                34.063127193866
              ],
              [
                -118.414178616752,
                34.0628454380677
              ]
            ]
          ],
          [
            [
              [
                -118.369320344061,
                34.0701664447269
              ],
              [
                -118.368807588402,
                34.0696237659252
              ],
              [
                -118.368359147759,
                34.0690429828485
              ],
              [
                -118.367979082571,
                34.0684293538328
              ],
              [
                -118.367722053632,
                34.0678949344048
              ],
              [
                -118.367403621682,
                34.0681728923662
              ],
              [
                -118.366776724069,
                34.0686250031426
              ],
              [
                -118.366101016651,
                34.0690254712497
              ],
              [
                -118.365382621113,
                34.0693706706211
              ],
              [
                -118.364628043152,
                34.0696574734148
              ],
              [
                -118.363844117614,
                34.0698832814894
              ],
              [
                -118.363037945547,
                34.0700460506859
              ],
              [
                -118.362216829445,
                34.0701443052167
              ],
              [
                -118.361388207602,
                34.0701771565517
              ],
              [
                -118.360559585758,
                34.0701443052167
              ],
              [
                -118.359738469657,
                34.0700460506859
              ],
              [
                -118.35893229759,
                34.0698832814894
              ],
              [
                -118.358148372052,
                34.0696574734148
              ],
              [
                -118.35739379409,
                34.0693706706211
              ],
              [
                -118.357138112336,
                34.0692478124377
              ],
              [
                -118.356466598457,
                34.0689925794451
              ],
              [
                -118.355748205617,
                34.0686473800737
              ],
              [
                -118.355072501797,
                34.0682469119666
              ],
              [
                -118.354445606881,
                34.0677948011903
              ],
              [
                -118.353873198292,
                34.0672951441568
              ],
              [
                -118.35336045972,
                34.0667524662545
              ],
              [
                -118.352912034365,
                34.0661716822784
              ],
              [
                -118.352531981768,
                34.0655580523634
              ],
              [
                -118.352379815578,
                34.0652416555792
              ],
              [
                -118.352244947848,
                34.0655220839782
              ],
              [
                -118.35186489615,
                34.0661357138933
              ],
              [
                -118.351416470796,
                34.0667164978692
              ],
              [
                -118.350903732224,
                34.0672591757715
              ],
              [
                -118.350331323634,
                34.067758832805
              ],
              [
                -118.349704428719,
                34.0682109435814
              ],
              [
                -118.349028725797,
                34.0686114116885
              ],
              [
                -118.348310332958,
                34.0689566110599
              ],
              [
                -118.347555758593,
                34.0692434138536
              ],
              [
                -118.346771837552,
                34.0694692228275
              ],
              [
                -118.345965669082,
                34.069631992024
              ],
              [
                -118.345144557477,
                34.0697302465548
              ],
              [
                -118.344315939231,
                34.0697630969905
              ],
              [
                -118.343487320985,
                34.0697302465548
              ],
              [
                -118.34266620938,
                34.069631992024
              ],
              [
                -118.34186004091,
                34.0694692228275
              ],
              [
                -118.341076119869,
                34.0692434138536
              ],
              [
                -118.340321545505,
                34.0689566110599
              ],
              [
                -118.339603152666,
                34.0686114116885
              ],
              [
                -118.338927449744,
                34.0682109435814
              ],
              [
                -118.338300554829,
                34.067758832805
              ],
              [
                -118.337728146239,
                34.0672591757715
              ],
              [
                -118.337566747609,
                34.0670883531462
              ],
              [
                -118.337431433816,
                34.0669702361886
              ],
              [
                -118.336918697042,
                34.0664275582863
              ],
              [
                -118.336470273486,
                34.0658467743103
              ],
              [
                -118.336090222688,
                34.0652331443952
              ],
              [
                -118.335781985452,
                34.06459222815
              ],
              [
                -118.335548352377,
                34.0639298280003
              ],
              [
                -118.335391436867,
                34.0632519451223
              ],
              [
                -118.335312658954,
                34.0625647173889
              ],
              [
                -118.335312729101,
                34.0618743690081
              ],
              [
                -118.33539164551,
                34.0611871529659
              ],
              [
                -118.33554869232,
                34.0605092907723
              ],
              [
                -118.335782445006,
                34.0598469229983
              ],
              [
                -118.336090783865,
                34.0592060454238
              ],
              [
                -118.336470916502,
                34.0585924631728
              ],
              [
                -118.336919399413,
                34.0580117322568
              ],
              [
                -118.337432168562,
                34.0574691101125
              ],
              [
                -118.338004581648,
                34.0569695106356
              ],
              [
                -118.33863145498,
                34.0565174574159
              ],
              [
                -118.339307109338,
                34.0561170441674
              ],
              [
                -118.340025428433,
                34.055771895158
              ],
              [
                -118.340779908368,
                34.0554851355318
              ],
              [
                -118.341563716095,
                34.05525936343
              ],
              [
                -118.342369755962,
                34.0550966203139
              ],
              [
                -118.34237125693,
                34.0550964413489
              ],
              [
                -118.342434756261,
                34.0550836197145
              ],
              [
                -118.34325573027,
                34.0549853813715
              ],
              [
                -118.344084204624,
                34.0549525363316
              ],
              [
                -118.344912678979,
                34.0549853813714
              ],
              [
                -118.345733652988,
                34.0550836197144
              ],
              [
                -118.346539692855,
                34.0552463628305
              ],
              [
                -118.347323500581,
                34.0554721349322
              ],
              [
                -118.348077979617,
                34.0557588945585
              ],
              [
                -118.348796298712,
                34.0561040435679
              ],
              [
                -118.34947195397,
                34.0565044568164
              ],
              [
                -118.350098825502,
                34.0569565100361
              ],
              [
                -118.350671238589,
                34.057456109513
              ],
              [
                -118.351184008637,
                34.0579987316573
              ],
              [
                -118.351632491548,
                34.0585794625733
              ],
              [
                -118.351638251706,
                34.0585887615632
              ],
              [
                -118.351864252236,
                34.058881403655
              ],
              [
                -118.352244386671,
                34.0594949850067
              ],
              [
                -118.352397117635,
                34.0598124339978
              ],
              [
                -118.352532542945,
                34.0595309533919
              ],
              [
                -118.35291267738,
                34.0589173720403
              ],
              [
                -118.353361161191,
                34.0583366402249
              ],
              [
                -118.353873933038,
                34.0577940180806
              ],
              [
                -118.354446348822,
                34.0572944186037
              ],
              [
                -118.355073223952,
                34.056842365384
              ],
              [
                -118.355748881008,
                34.0564419521355
              ],
              [
                -118.356467202801,
                34.0560968031261
              ],
              [
                -118.357221685435,
                34.0558100443992
              ],
              [
                -118.358005496758,
                34.0555842713981
              ],
              [
                -118.358811539323,
                34.0554215291814
              ],
              [
                -118.35963251603,
                34.055323289939
              ],
              [
                -118.360460993982,
                34.0552904448993
              ],
              [
                -118.361289471934,
                34.055323289939
              ],
              [
                -118.36211044864,
                34.0554215291814
              ],
              [
                -118.362916491205,
                34.0555842713982
              ],
              [
                -118.363700302529,
                34.0558100443992
              ],
              [
                -118.364454785162,
                34.0560968031261
              ],
              [
                -118.364710470514,
                34.0562196595108
              ],
              [
                -118.365382015869,
                34.0564748952014
              ],
              [
                -118.36610034126,
                34.0568200433115
              ],
              [
                -118.366776001913,
                34.0572204574593
              ],
              [
                -118.367402879741,
                34.057672510679
              ],
              [
                -118.367975297324,
                34.0581721101559
              ],
              [
                -118.368488071869,
                34.0587147314009
              ],
              [
                -118.368936557478,
                34.0592954632162
              ],
              [
                -118.369316693713,
                34.0599090454672
              ],
              [
                -118.36956560627,
                34.060426402058
              ],
              [
                -118.369581947851,
                34.0604091098936
              ],
              [
                -118.370154380722,
                34.0599095113161
              ],
              [
                -118.370781274738,
                34.0594574580964
              ],
              [
                -118.371456952478,
                34.0590570448479
              ],
              [
                -118.372175296755,
                34.0587118958384
              ],
              [
                -118.372929801871,
                34.0584251371115
              ],
              [
                -118.373713637476,
                34.0581993641106
              ],
              [
                -118.374519705222,
                34.0580366218938
              ],
              [
                -118.37534070711,
                34.0579383835507
              ],
              [
                -118.376169210243,
                34.0579055385109
              ],
              [
                -118.376997713376,
                34.0579383835507
              ],
              [
                -118.377818715264,
                34.0580366218938
              ],
              [
                -118.378624783009,
                34.0581993641105
              ],
              [
                -118.379408618615,
                34.0584251371115
              ],
              [
                -118.380163123731,
                34.0587118958384
              ],
              [
                -118.380881468007,
                34.0590570448479
              ],
              [
                -118.381557145748,
                34.0594574580964
              ],
              [
                -118.382184039764,
                34.0599095113161
              ],
              [
                -118.382756472635,
                34.0604091098936
              ],
              [
                -118.38326926067,
                34.060951732038
              ],
              [
                -118.383485502656,
                34.0612317296617
              ],
              [
                -118.383466043125,
                34.06209316327
              ],
              [
                -118.383446964008,
                34.0629419380212
              ],
              [
                -118.37962329668,
                34.0629524043311
              ],
              [
                -118.3793392611,
                34.0626707042908
              ],
              [
                -118.37897060741,
                34.0623812565909
              ],
              [
                -118.378564073375,
                34.0621293825661
              ],
              [
                -118.378125156553,
                34.061918490647
              ],
              [
                -118.377659791568,
                34.0617514298857
              ],
              [
                -118.377318702099,
                34.0616664466504
              ],
              [
                -118.377280302846,
                34.0595270053682
              ],
              [
                -118.37718136483,
                34.0595339463357
              ],
              [
                -118.376018703303,
                34.0596162352022
              ],
              [
                -118.376013107721,
                34.0599695842301
              ],
              [
                -118.37308468761,
                34.0617119055811
              ],
              [
                -118.372957984825,
                34.0617875700415
              ],
              [
                -118.372753482589,
                34.0619089515381
              ],
              [
                -118.372256424596,
                34.0622046621166
              ],
              [
                -118.372241614561,
                34.0622923343249
              ],
              [
                -118.37205756111,
                34.0637290786352
              ],
              [
                -118.371906517274,
                34.0639793545647
              ],
              [
                -118.371733154064,
                34.0643757118708
              ],
              [
                -118.371616251191,
                34.0647861381709
              ],
              [
                -118.371557391463,
                34.0652050846481
              ],
              [
                -118.371557369879,
                34.0656268855735
              ],
              [
                -118.371616188239,
                34.0660458356479
              ],
              [
                -118.371733052441,
                34.066456270042
              ],
              [
                -118.371906382376,
                34.0668526390393
              ],
              [
                -118.37213383531,
                34.0672295808816
              ],
              [
                -118.372412334664,
                34.0675819973125
              ],
              [
                -118.372738116773,
                34.0679051246229
              ],
              [
                -118.37310677406,
                34.0681945903093
              ],
              [
                -118.373513321585,
                34.0684464805219
              ],
              [
                -118.37395226089,
                34.0686573886287
              ],
              [
                -118.374417657351,
                34.0688244610811
              ],
              [
                -118.374903213914,
                34.0689454396814
              ],
              [
                -118.375165264667,
                34.0689838937928
              ],
              [
                -118.375821103363,
                34.0700565457741
              ],
              [
                -118.37588584196,
                34.0700291209484
              ],
              [
                -118.376050641826,
                34.0698139356657
              ],
              [
                -118.376042532639,
                34.0695787332731
              ],
              [
                -118.376196913859,
                34.0695811596439
              ],
              [
                -118.376191233741,
                34.069408366604
              ],
              [
                -118.377264708602,
                34.069397528874
              ],
              [
                -118.377268178186,
                34.069397612511
              ],
              [
                -118.377270753844,
                34.0693977887781
              ],
              [
                -118.377272474247,
                34.0693979704411
              ],
              [
                -118.37727503102,
                34.0693983364652
              ],
              [
                -118.377276711853,
                34.069398645832
              ],
              [
                -118.377279221861,
                34.0693991962171
              ],
              [
                -118.37728088111,
                34.0693996197978
              ],
              [
                -118.377284111475,
                34.0694006180452
              ],
              [
                -118.377287268095,
                34.0694017988551
              ],
              [
                -118.377290301508,
                34.0694031685226
              ],
              [
                -118.377293238694,
                34.0694047063632
              ],
              [
                -118.377296024794,
                34.0694064114778
              ],
              [
                -118.377298651714,
                34.0694082667793
              ],
              [
                -118.377301123051,
                34.0694102893545
              ],
              [
                -118.37730341902,
                34.0694124252444
              ],
              [
                -118.377305534225,
                34.0694147113211
              ],
              [
                -118.377307447982,
                34.0694171062156
              ],
              [
                -118.377309159392,
                34.069419598237
              ],
              [
                -118.377310669354,
                34.0694222026737
              ],
              [
                -118.377311936499,
                34.0694248637677
              ],
              [
                -118.37731298241,
                34.0694275968073
              ],
              [
                -118.377313432971,
                34.0694289943538
              ],
              [
                -118.377313978859,
                34.0694311176531
              ],
              [
                -118.377314507661,
                34.0694339478196
              ],
              [
                -118.377314742384,
                34.0694361079912
              ],
              [
                -118.377314815229,
                34.0694375415105
              ],
              [
                -118.377324565678,
                34.0697137278074
              ],
              [
                -118.377522709707,
                34.0697135929091
              ],
              [
                -118.378381414773,
                34.0697088948508
              ],
              [
                -118.378579572292,
                34.0697075440691
              ],
              [
                -118.379438348403,
                34.0697072374002
              ],
              [
                -118.379637817134,
                34.0697047453789
              ],
              [
                -118.382963435416,
                34.0696919705092
              ],
              [
                -118.382757208281,
                34.0699102323725
              ],
              [
                -118.382650259104,
                34.0700035864975
              ],
              [
                -118.382496379706,
                34.0701664447268
              ],
              [
                -118.381923952231,
                34.0706661017604
              ],
              [
                -118.381297035732,
                34.0711182116373
              ],
              [
                -118.380621309428,
                34.0715186797445
              ],
              [
                -118.379902892307,
                34.0718638791159
              ],
              [
                -118.379148291862,
                34.0721506819096
              ],
              [
                -118.378364343841,
                34.0723764899841
              ],
              [
                -118.377558148392,
                34.0725392591806
              ],
              [
                -118.376737008009,
                34.0726375137114
              ],
              [
                -118.375908361884,
                34.0726703650465
              ],
              [
                -118.375079715758,
                34.0726375137115
              ],
              [
                -118.374258575375,
                34.0725392591806
              ],
              [
                -118.373452379926,
                34.0723764899842
              ],
              [
                -118.372668431905,
                34.0721506819096
              ],
              [
                -118.37191383146,
                34.0718638791159
              ],
              [
                -118.371195414339,
                34.0715186797444
              ],
              [
                -118.370519688035,
                34.0711182116373
              ],
              [
                -118.369892771536,
                34.0706661017603
              ],
              [
                -118.369320344061,
                34.0701664447269
              ]
            ]
          ],
          [
            [
              [
                -118.364558174822,
                34.060433704553
              ],
              [
                -118.364189531024,
                34.0601442559538
              ],
              [
                -118.363783007782,
                34.0598923828283
              ],
              [
                -118.363344101751,
                34.0596814900099
              ],
              [
                -118.362878749357,
                34.059514430148
              ],
              [
                -118.362831646465,
                34.0595026939953
              ],
              [
                -118.362416880037,
                34.059303398834
              ],
              [
                -118.361951529442,
                34.059136338972
              ],
              [
                -118.36146602414,
                34.059015369365
              ],
              [
                -118.360966930082,
                34.0589421276782
              ],
              [
                -118.360460993982,
                34.058917603166
              ],
              [
                -118.359955057882,
                34.0589421276782
              ],
              [
                -118.359455963824,
                34.059015369365
              ],
              [
                -118.358970458522,
                34.059136338972
              ],
              [
                -118.358505107927,
                34.059303398834
              ],
              [
                -118.358066204594,
                34.0595142916524
              ],
              [
                -118.35765968315,
                34.0597661647779
              ],
              [
                -118.357291041151,
                34.060055613377
              ],
              [
                -118.356965262639,
                34.0603787227011
              ],
              [
                -118.356686755192,
                34.0607311238434
              ],
              [
                -118.356459284271,
                34.0611080512967
              ],
              [
                -118.356285927356,
                34.0615044086027
              ],
              [
                -118.35616902808,
                34.0619148358022
              ],
              [
                -118.35611017015,
                34.0623337822794
              ],
              [
                -118.356110148567,
                34.0627555832048
              ],
              [
                -118.356168965128,
                34.0631745332792
              ],
              [
                -118.356285824833,
                34.0635849685726
              ],
              [
                -118.356459149372,
                34.0639813366706
              ],
              [
                -118.356686594213,
                34.0643582794122
              ],
              [
                -118.356965085472,
                34.0647106967424
              ],
              [
                -118.35729085589,
                34.0650338231536
              ],
              [
                -118.357659500588,
                34.0653232888399
              ],
              [
                -118.358066033723,
                34.0655751790525
              ],
              [
                -118.358504959538,
                34.0657860871593
              ],
              [
                -118.358970338912,
                34.0659531605111
              ],
              [
                -118.359017423817,
                34.0659648921672
              ],
              [
                -118.359432164165,
                34.0661641783353
              ],
              [
                -118.359897546237,
                34.0663312516871
              ],
              [
                -118.36038308931,
                34.0664522302873
              ],
              [
                -118.360882226536,
                34.0665254782693
              ],
              [
                -118.361388207602,
                34.0665500045802
              ],
              [
                -118.361894188668,
                34.0665254782694
              ],
              [
                -118.362393325893,
                34.0664522302873
              ],
              [
                -118.362878868967,
                34.0663312516871
              ],
              [
                -118.363344251038,
                34.0661641783353
              ],
              [
                -118.363783177754,
                34.0659532702284
              ],
              [
                -118.364189713587,
                34.0657013800158
              ],
              [
                -118.364558360082,
                34.0654119143295
              ],
              [
                -118.364884132299,
                34.065088787019
              ],
              [
                -118.365162623558,
                34.0647363696889
              ],
              [
                -118.365390070198,
                34.0643594278465
              ],
              [
                -118.365563394737,
                34.0639630597485
              ],
              [
                -118.365680255342,
                34.0635526244552
              ],
              [
                -118.365739072802,
                34.0631336743808
              ],
              [
                -118.365739051218,
                34.0627118734553
              ],
              [
                -118.365680192389,
                34.0622929269782
              ],
              [
                -118.365563293114,
                34.0618824997787
              ],
              [
                -118.365389935299,
                34.0614861424727
              ],
              [
                -118.36516246258,
                34.0611092150194
              ],
              [
                -118.364883954233,
                34.060756813877
              ],
              [
                -118.364558174822,
                34.060433704553
              ]
            ]
          ],
          [
            [
              [
                -118.347579921578,
                34.0600408141334
              ],
              [
                -118.347254144865,
                34.0597177048094
              ],
              [
                -118.346885504664,
                34.0594282562102
              ],
              [
                -118.34647898412,
                34.0591763830848
              ],
              [
                -118.346040082586,
                34.0589654902663
              ],
              [
                -118.345574733789,
                34.0587984295051
              ],
              [
                -118.345089231185,
                34.0586774607973
              ],
              [
                -118.344590138027,
                34.0586042191106
              ],
              [
                -118.344084204624,
                34.0585796945984
              ],
              [
                -118.343578271222,
                34.0586042191106
              ],
              [
                -118.343079178064,
                34.0586774607973
              ],
              [
                -118.343045376145,
                34.0586858829483
              ],
              [
                -118.343014177764,
                34.0586904613968
              ],
              [
                -118.342528674261,
                34.0588114310039
              ],
              [
                -118.342063326364,
                34.0589784908658
              ],
              [
                -118.34162442393,
                34.0591893836843
              ],
              [
                -118.341217904285,
                34.0594412568097
              ],
              [
                -118.340849263185,
                34.0597307054089
              ],
              [
                -118.340523486472,
                34.0600538147329
              ],
              [
                -118.340244979924,
                34.0604062158753
              ],
              [
                -118.340017509902,
                34.0607831433286
              ],
              [
                -118.339844153887,
                34.0611795006346
              ],
              [
                -118.339727255511,
                34.061589927834
              ],
              [
                -118.339668396681,
                34.0620088743113
              ],
              [
                -118.339668375098,
                34.0624306752366
              ],
              [
                -118.339727191659,
                34.0628496253111
              ],
              [
                -118.339844051364,
                34.0632600606045
              ],
              [
                -118.340017375004,
                34.0636564296018
              ],
              [
                -118.340244818945,
                34.0640333714441
              ],
              [
                -118.340523308406,
                34.0643857887743
              ],
              [
                -118.340849077925,
                34.0647089151855
              ],
              [
                -118.340875094412,
                34.064729344185
              ],
              [
                -118.341145802039,
                34.0649978547683
              ],
              [
                -118.341514446736,
                34.0652873204547
              ],
              [
                -118.341920980771,
                34.0655392106672
              ],
              [
                -118.342359905687,
                34.0657501187741
              ],
              [
                -118.342825285061,
                34.0659171921259
              ],
              [
                -118.343310826336,
                34.0660381707262
              ],
              [
                -118.343809960863,
                34.0661114187081
              ],
              [
                -118.344315939231,
                34.066135945019
              ],
              [
                -118.344821917599,
                34.0661114187081
              ],
              [
                -118.345321052127,
                34.0660381707262
              ],
              [
                -118.345806593402,
                34.0659171921259
              ],
              [
                -118.346271972775,
                34.0657501187741
              ],
              [
                -118.346710897692,
                34.0655392106672
              ],
              [
                -118.347117431726,
                34.0652873204547
              ],
              [
                -118.347486076423,
                34.0649978547683
              ],
              [
                -118.347811846841,
                34.0646747283572
              ],
              [
                -118.348090337201,
                34.064322311027
              ],
              [
                -118.348317782042,
                34.0639453682853
              ],
              [
                -118.348491106581,
                34.0635490001873
              ],
              [
                -118.348607966287,
                34.063138564894
              ],
              [
                -118.348666782848,
                34.0627196148195
              ],
              [
                -118.348666761264,
                34.0622978138941
              ],
              [
                -118.348607903334,
                34.0618788674169
              ],
              [
                -118.348491004059,
                34.0614684402175
              ],
              [
                -118.348317647144,
                34.0610720829115
              ],
              [
                -118.348090176223,
                34.0606951554582
              ],
              [
                -118.347880650374,
                34.0604300389163
              ],
              [
                -118.347858428126,
                34.0603932152758
              ],
              [
                -118.347579921578,
                34.0600408141334
              ]
            ]
          ],
          [
            [
              [
                -118.438357058134,
                34.0743135478331
              ],
              [
                -118.43790859231,
                34.0737327647565
              ],
              [
                -118.437528506438,
                34.0731191357407
              ],
              [
                -118.437220240424,
                34.0724782194954
              ],
              [
                -118.436986585764,
                34.0718158211444
              ],
              [
                -118.436829655866,
                34.0711379382664
              ],
              [
                -118.436750870758,
                34.0704507114324
              ],
              [
                -118.436750940905,
                34.0697603648501
              ],
              [
                -118.436829865408,
                34.0690731488079
              ],
              [
                -118.436986926607,
                34.068395288413
              ],
              [
                -118.437220699977,
                34.0677329206389
              ],
              [
                -118.437529067614,
                34.0670920439638
              ],
              [
                -118.437909236224,
                34.0664784626121
              ],
              [
                -118.438357759605,
                34.0658977325954
              ],
              [
                -118.438870577317,
                34.0653551113504
              ],
              [
                -118.439242696995,
                34.0650303580657
              ],
              [
                -118.439209634319,
                34.0650144697431
              ],
              [
                -118.438533959277,
                34.064614001636
              ],
              [
                -118.437907091341,
                34.0641618908597
              ],
              [
                -118.437334707033,
                34.0636622329269
              ],
              [
                -118.436821990045,
                34.0631195541252
              ],
              [
                -118.436373583576,
                34.0625387701493
              ],
              [
                -118.435993547167,
                34.0619251402342
              ],
              [
                -118.435685322522,
                34.0612842230896
              ],
              [
                -118.435451698439,
                34.06062182294
              ],
              [
                -118.435294789225,
                34.0599439391627
              ],
              [
                -118.43521601401,
                34.0592567114292
              ],
              [
                -118.435216084157,
                34.0585663630483
              ],
              [
                -118.435294997868,
                34.0578791461068
              ],
              [
                -118.435452038383,
                34.0572012839132
              ],
              [
                -118.435685781176,
                34.0565389152399
              ],
              [
                -118.435994109243,
                34.0558980376655
              ],
              [
                -118.436374226591,
                34.0552844554145
              ],
              [
                -118.436822691516,
                34.0547037235991
              ],
              [
                -118.437335441779,
                34.0541611014548
              ],
              [
                -118.437365471941,
                34.0541348907138
              ],
              [
                -118.437756217478,
                34.0537213779404
              ],
              [
                -118.438328605383,
                34.0532217775641
              ],
              [
                -118.438550336831,
                34.0530618754063
              ],
              [
                -118.438298962829,
                34.0528805540955
              ],
              [
                -118.437726654064,
                34.0523808952633
              ],
              [
                -118.437214005424,
                34.0518382155624
              ],
              [
                -118.436765658311,
                34.051257430687
              ],
              [
                -118.436385672263,
                34.0506437998727
              ],
              [
                -118.436077488088,
                34.0500028809294
              ],
              [
                -118.435843894582,
                34.0493404798804
              ],
              [
                -118.435687006053,
                34.0486625952037
              ],
              [
                -118.435608241629,
                34.0479753656718
              ],
              [
                -118.435608311776,
                34.0472850163915
              ],
              [
                -118.435687215595,
                34.0465977976514
              ],
              [
                -118.435844234526,
                34.0459199345585
              ],
              [
                -118.436077946742,
                34.0452575640865
              ],
              [
                -118.43638623344,
                34.0446166856128
              ],
              [
                -118.436766301326,
                34.0440031024624
              ],
              [
                -118.437214706895,
                34.0434223697477
              ],
              [
                -118.43772738881,
                34.0428797467041
              ],
              [
                -118.43829970387,
                34.0423801454285
              ],
              [
                -118.438926469283,
                34.0419280913095
              ],
              [
                -118.439602008528,
                34.0415276771617
              ],
              [
                -118.440320204416,
                34.041182527253
              ],
              [
                -118.441074554849,
                34.0408957676267
              ],
              [
                -118.441858228576,
                34.0406699937263
              ],
              [
                -118.442664129948,
                34.0405072506103
              ],
              [
                -118.443484962763,
                34.0404090122672
              ],
              [
                -118.444313295924,
                34.0403761672275
              ],
              [
                -118.445141629085,
                34.0404090122672
              ],
              [
                -118.4459624619,
                34.0405072506103
              ],
              [
                -118.446768363271,
                34.0406699937264
              ],
              [
                -118.447552036999,
                34.0408957676267
              ],
              [
                -118.448306387432,
                34.0411825272529
              ],
              [
                -118.44902458332,
                34.0415276771617
              ],
              [
                -118.449700122565,
                34.0419280913095
              ],
              [
                -118.450326887978,
                34.0423801454285
              ],
              [
                -118.450899203038,
                34.0428797467042
              ],
              [
                -118.451411884953,
                34.0434223697477
              ],
              [
                -118.451860290522,
                34.0440031024624
              ],
              [
                -118.452240358408,
                34.0446166856127
              ],
              [
                -118.452548645106,
                34.0452575640865
              ],
              [
                -118.452782357322,
                34.0459199345585
              ],
              [
                -118.452939376253,
                34.0465977976514
              ],
              [
                -118.452992929083,
                34.0470642220374
              ],
              [
                -118.453720511195,
                34.0469771505762
              ],
              [
                -118.454548908208,
                34.0469443046371
              ],
              [
                -118.455377305221,
                34.0469771505762
              ],
              [
                -118.456198200988,
                34.0470753889192
              ],
              [
                -118.457004165312,
                34.047238131136
              ],
              [
                -118.457787899294,
                34.0474639050363
              ],
              [
                -118.458542307284,
                34.0477506637633
              ],
              [
                -118.45926055893,
                34.048095813672
              ],
              [
                -118.459936150335,
                34.0484962278198
              ],
              [
                -118.460562964311,
                34.0489482810395
              ],
              [
                -118.461135323439,
                34.0494478814158
              ],
              [
                -118.461648044923,
                34.0499905044593
              ],
              [
                -118.462096484667,
                34.0505712362747
              ],
              [
                -118.462476582231,
                34.0511848194251
              ],
              [
                -118.462784892311,
                34.0518256969995
              ],
              [
                -118.463018622514,
                34.0524880665722
              ],
              [
                -118.463175654035,
                34.0531659287657
              ],
              [
                -118.46325456325,
                34.0538531466066
              ],
              [
                -118.463254634296,
                34.0545434958868
              ],
              [
                -118.463175862678,
                34.0552307236201
              ],
              [
                -118.463151973987,
                34.0553339361134
              ],
              [
                -118.461969507589,
                34.0539627937491
              ],
              [
                -118.459233327458,
                34.0507895745804
              ],
              [
                -118.456587775607,
                34.0477215949767
              ],
              [
                -118.454086129673,
                34.0492170803052
              ],
              [
                -118.452290327439,
                34.0471329023627
              ],
              [
                -118.450057908848,
                34.0484659296601
              ],
              [
                -118.448733130132,
                34.0492564139535
              ],
              [
                -118.448554665068,
                34.0493633892102
              ],
              [
                -118.448187664331,
                34.0495826682067
              ],
              [
                -118.449106730993,
                34.0520005323998
              ],
              [
                -118.448404445011,
                34.0524117168284
              ],
              [
                -118.448325095129,
                34.0524581641141
              ],
              [
                -118.449099623651,
                34.053356097607
              ],
              [
                -118.446696431897,
                34.0547921755196
              ],
              [
                -118.446283703332,
                34.0547721683021
              ],
              [
                -118.445777792413,
                34.0547966928143
              ],
              [
                -118.445278721738,
                34.054869934501
              ],
              [
                -118.445120520198,
                34.0549093544843
              ],
              [
                -118.444848874578,
                34.0548694884373
              ],
              [
                -118.44434296276,
                34.0548449639251
              ],
              [
                -118.443837050941,
                34.0548694884373
              ],
              [
                -118.443337980266,
                34.054942730124
              ],
              [
                -118.442852498346,
                34.0550636988318
              ],
              [
                -118.442387170234,
                34.055230759593
              ],
              [
                -118.441948287586,
                34.0554416524114
              ],
              [
                -118.441541785927,
                34.055693525537
              ],
              [
                -118.441173161015,
                34.0559829741361
              ],
              [
                -118.440847398691,
                34.0563060834601
              ],
              [
                -118.440759883864,
                34.0564168241782
              ],
              [
                -118.440752403303,
                34.0564226976506
              ],
              [
                -118.44042663918,
                34.0567458078739
              ],
              [
                -118.440148143424,
                34.0570982090163
              ],
              [
                -118.439920682396,
                34.0574751364696
              ],
              [
                -118.439747332675,
                34.0578714946749
              ],
              [
                -118.439630438796,
                34.0582819218743
              ],
              [
                -118.439571582665,
                34.0587008683516
              ],
              [
                -118.439571561081,
                34.0591226692769
              ],
              [
                -118.439630374944,
                34.0595416202507
              ],
              [
                -118.439747230153,
                34.0599520555441
              ],
              [
                -118.439920547497,
                34.060348423642
              ],
              [
                -118.440147982446,
                34.0607253663837
              ],
              [
                -118.440426461114,
                34.0610777837139
              ],
              [
                -118.440752218043,
                34.0614009110244
              ],
              [
                -118.441120847451,
                34.0616903767107
              ],
              [
                -118.441527363499,
                34.0619422669232
              ],
              [
                -118.44196626953,
                34.0621531750301
              ],
              [
                -118.442431630018,
                34.0623202483819
              ],
              [
                -118.442917150608,
                34.0624412269822
              ],
              [
                -118.443416264451,
                34.0625144749642
              ],
              [
                -118.443764479249,
                34.062531355239
              ],
              [
                -118.443965689067,
                34.0625608835791
              ],
              [
                -118.444471645852,
                34.0625854107892
              ],
              [
                -118.444977602636,
                34.0625608835791
              ],
              [
                -118.445476717379,
                34.0624876355971
              ],
              [
                -118.445962237969,
                34.0623666569968
              ],
              [
                -118.446427598457,
                34.062199583645
              ],
              [
                -118.446860504211,
                34.0619915596639
              ],
              [
                -118.447288767665,
                34.0619287087441
              ],
              [
                -118.447774285557,
                34.0618077301438
              ],
              [
                -118.448239642448,
                34.061640656792
              ],
              [
                -118.44867854668,
                34.0614297486851
              ],
              [
                -118.449085060929,
                34.0611778575732
              ],
              [
                -118.44945368764,
                34.0608883918869
              ],
              [
                -118.44977944187,
                34.0605652645765
              ],
              [
                -118.450027116061,
                34.0602518283604
              ],
              [
                -118.452673790265,
                34.0633220229941
              ],
              [
                -118.452298797254,
                34.0636493717223
              ],
              [
                -118.451671932915,
                34.0641014824986
              ],
              [
                -118.45099626237,
                34.064501951505
              ],
              [
                -118.45098834204,
                34.0645057574359
              ],
              [
                -118.451473402178,
                34.0648555118735
              ],
              [
                -118.452045868324,
                34.0653551113505
              ],
              [
                -118.452558686037,
                34.0658977325954
              ],
              [
                -118.453007209417,
                34.0664784626121
              ],
              [
                -118.453387378027,
                34.0670920439638
              ],
              [
                -118.453695745664,
                34.0677329206389
              ],
              [
                -118.453929519034,
                34.068395288413
              ],
              [
                -118.454086580234,
                34.0690731488079
              ],
              [
                -118.454165504736,
                34.0697603648501
              ],
              [
                -118.454165574883,
                34.0704507114324
              ],
              [
                -118.454086789776,
                34.0711379382664
              ],
              [
                -118.453929859877,
                34.0718158211444
              ],
              [
                -118.453696205218,
                34.0724782194953
              ],
              [
                -118.453387939204,
                34.0731191357407
              ],
              [
                -118.453007853332,
                34.0737327647564
              ],
              [
                -118.452559387508,
                34.0743135478331
              ],
              [
                -118.45204660397,
                34.0748562257353
              ],
              [
                -118.451474144119,
                34.0753558818696
              ],
              [
                -118.450847193445,
                34.0758079917466
              ],
              [
                -118.450171430269,
                34.0762084598537
              ],
              [
                -118.449452973578,
                34.0765536583258
              ],
              [
                -118.448698331765,
                34.0768404611195
              ],
              [
                -118.447914340576,
                34.0770662691941
              ],
              [
                -118.447108100161,
                34.0772290383906
              ],
              [
                -118.446286914811,
                34.0773272929214
              ],
              [
                -118.445458222821,
                34.077360143357
              ],
              [
                -118.44462953083,
                34.0773272929214
              ],
              [
                -118.443808345481,
                34.0772290383906
              ],
              [
                -118.443002105065,
                34.0770662691942
              ],
              [
                -118.442218113877,
                34.0768404611195
              ],
              [
                -118.441463472064,
                34.0765536583258
              ],
              [
                -118.440745015372,
                34.0762084598537
              ],
              [
                -118.440069252196,
                34.0758079917466
              ],
              [
                -118.439442301523,
                34.0753558818696
              ],
              [
                -118.438869841672,
                34.0748562257354
              ],
              [
                -118.438357058134,
                34.0743135478331
              ]
            ]
          ],
          [
            [
              [
                -118.445964203887,
                34.0665032191494
              ],
              [
                -118.445458222821,
                34.0664786946372
              ],
              [
                -118.444952241755,
                34.0665032191494
              ],
              [
                -118.44445310363,
                34.0665764608362
              ],
              [
                -118.443967555161,
                34.0666974295439
              ],
              [
                -118.443502163196,
                34.0668644903052
              ],
              [
                -118.443063221193,
                34.0670753822243
              ],
              [
                -118.442656662877,
                34.0673272553497
              ],
              [
                -118.442287988502,
                34.0676167030496
              ],
              [
                -118.441962181212,
                34.0679398123736
              ],
              [
                -118.441683648584,
                34.0682922126167
              ],
              [
                -118.441456157878,
                34.0686691400699
              ],
              [
                -118.441282784775,
                34.069065497376
              ],
              [
                -118.441165876506,
                34.0694759236761
              ],
              [
                -118.441107012281,
                34.069894869254
              ],
              [
                -118.441106990697,
                34.07031666928
              ],
              [
                -118.441165812654,
                34.0707356193545
              ],
              [
                -118.441282683151,
                34.0711460537485
              ],
              [
                -118.441456022979,
                34.0715424218464
              ],
              [
                -118.441683488504,
                34.0719193636889
              ],
              [
                -118.441962003146,
                34.072271781019
              ],
              [
                -118.442287802342,
                34.0725949074302
              ],
              [
                -118.442656480314,
                34.0728843731165
              ],
              [
                -118.443063050322,
                34.0731362624297
              ],
              [
                -118.443502013909,
                34.0733471705367
              ],
              [
                -118.443967435551,
                34.0735142429891
              ],
              [
                -118.444453019993,
                34.0736352215894
              ],
              [
                -118.444952199486,
                34.0737084695713
              ],
              [
                -118.445458222821,
                34.0737329958822
              ],
              [
                -118.445964246155,
                34.0737084695714
              ],
              [
                -118.446463425649,
                34.0736352215894
              ],
              [
                -118.446949010091,
                34.0735142429891
              ],
              [
                -118.447414431733,
                34.0733471705367
              ],
              [
                -118.44785339532,
                34.0731362624297
              ],
              [
                -118.448259965327,
                34.0728843731165
              ],
              [
                -118.448628643299,
                34.0725949074302
              ],
              [
                -118.448954442496,
                34.0722717810191
              ],
              [
                -118.449232957137,
                34.0719193636888
              ],
              [
                -118.449460422662,
                34.0715424218464
              ],
              [
                -118.44963376249,
                34.0711460537485
              ],
              [
                -118.449750632987,
                34.0707356193545
              ],
              [
                -118.449809454944,
                34.07031666928
              ],
              [
                -118.449809433361,
                34.069894869254
              ],
              [
                -118.449750569136,
                34.0694759236761
              ],
              [
                -118.449633660867,
                34.069065497376
              ],
              [
                -118.449460287764,
                34.0686691400699
              ],
              [
                -118.449232797058,
                34.0682922126167
              ],
              [
                -118.44895426443,
                34.0679398123736
              ],
              [
                -118.44862845714,
                34.0676167030496
              ],
              [
                -118.448259782765,
                34.0673272553497
              ],
              [
                -118.447853224449,
                34.0670753822243
              ],
              [
                -118.447414282445,
                34.0668644903052
              ],
              [
                -118.446948890481,
                34.0666974295439
              ],
              [
                -118.446463342012,
                34.0665764608362
              ],
              [
                -118.445964203887,
                34.0665032191494
              ]
            ]
          ],
          [
            [
              [
                -118.44866335803,
                34.0474195216947
              ],
              [
                -118.448604509992,
                34.0470005734189
              ],
              [
                -118.448487631401,
                34.0465901453201
              ],
              [
                -118.448314305063,
                34.0461937871147
              ],
              [
                -118.448086873712,
                34.0458168587622
              ],
              [
                -118.447808414829,
                34.0454644567205
              ],
              [
                -118.447482693873,
                34.0451413464971
              ],
              [
                -118.447114116625,
                34.0448518978979
              ],
              [
                -118.446707666228,
                34.0446000238732
              ],
              [
                -118.446268839338,
                34.0443891301554
              ],
              [
                -118.44580357058,
                34.0442220693941
              ],
              [
                -118.445318150714,
                34.0441011006864
              ],
              [
                -118.444819142991,
                34.0440278589997
              ],
              [
                -118.444313295924,
                34.0440033335881
              ],
              [
                -118.443807448857,
                34.0440278589997
              ],
              [
                -118.443308441134,
                34.0441011006864
              ],
              [
                -118.442823021268,
                34.0442220693941
              ],
              [
                -118.44235775251,
                34.0443891301554
              ],
              [
                -118.44191892562,
                34.0446000238732
              ],
              [
                -118.441512475223,
                34.0448518978979
              ],
              [
                -118.441143897975,
                34.0451413464971
              ],
              [
                -118.440818177019,
                34.0454644567205
              ],
              [
                -118.440539718136,
                34.0458168587622
              ],
              [
                -118.440312286785,
                34.0461937871147
              ],
              [
                -118.440138960447,
                34.0465901453201
              ],
              [
                -118.440022081856,
                34.0470005734189
              ],
              [
                -118.439963233818,
                34.0474195216947
              ],
              [
                -118.439963212235,
                34.0478413226201
              ],
              [
                -118.440022018903,
                34.0482602744932
              ],
              [
                -118.440138857924,
                34.0486707106859
              ],
              [
                -118.440312151886,
                34.0490670796832
              ],
              [
                -118.440539557157,
                34.0494440224248
              ],
              [
                -118.440817998954,
                34.0497964415537
              ],
              [
                -118.441143712714,
                34.0501195688642
              ],
              [
                -118.44151229266,
                34.0504090354498
              ],
              [
                -118.441918755648,
                34.0506609265617
              ],
              [
                -118.442357604122,
                34.0508718346686
              ],
              [
                -118.442822902557,
                34.0510389080204
              ],
              [
                -118.443308358396,
                34.0511598875199
              ],
              [
                -118.443807405689,
                34.0512331355019
              ],
              [
                -118.444313295924,
                34.0512576618128
              ],
              [
                -118.444819186159,
                34.051233135502
              ],
              [
                -118.445318233452,
                34.05115988752
              ],
              [
                -118.445803689291,
                34.0510389080203
              ],
              [
                -118.446268987726,
                34.0508718346686
              ],
              [
                -118.4467078362,
                34.0506609265617
              ],
              [
                -118.447114299188,
                34.0504090354498
              ],
              [
                -118.447482879134,
                34.0501195688642
              ],
              [
                -118.447808592894,
                34.0497964415537
              ],
              [
                -118.448087034691,
                34.0494440224248
              ],
              [
                -118.448314439962,
                34.0490670796831
              ],
              [
                -118.448487733924,
                34.0486707106859
              ],
              [
                -118.448604572945,
                34.0482602744932
              ],
              [
                -118.448663379613,
                34.0478413226201
              ],
              [
                -118.44866335803,
                34.0474195216947
              ]
            ]
          ],
          [
            [
              [
                -118.301022396968,
                34.1059235369428
              ],
              [
                -118.300573765669,
                34.1053427565641
              ],
              [
                -118.300193537704,
                34.1047291311457
              ],
              [
                -118.299885157476,
                34.1040882184976
              ],
              [
                -118.299651416482,
                34.1034258228446
              ],
              [
                -118.299494428127,
                34.1027479444632
              ],
              [
                -118.299425429442,
                34.1021463133029
              ],
              [
                -118.299165716027,
                34.1024825401383
              ],
              [
                -118.298652761618,
                34.1030252153426
              ],
              [
                -118.298080112909,
                34.1035248696782
              ],
              [
                -118.297452954492,
                34.1039769777565
              ],
              [
                -118.296776967385,
                34.1043774440649
              ],
              [
                -118.296058272374,
                34.1047226407384
              ],
              [
                -118.295303381448,
                34.1050094417335
              ],
              [
                -118.295123444194,
                34.1050612516766
              ],
              [
                -118.294733389337,
                34.105209441064
              ],
              [
                -118.293949136446,
                34.1054352482393
              ],
              [
                -118.293142627133,
                34.1055980165364
              ],
              [
                -118.29232116749,
                34.1056962710672
              ],
              [
                -118.291492199408,
                34.1057291215029
              ],
              [
                -118.290663231325,
                34.1056962710672
              ],
              [
                -118.289841771682,
                34.1055980165364
              ],
              [
                -118.28903526237,
                34.1054352482393
              ],
              [
                -118.288251009479,
                34.105209441064
              ],
              [
                -118.287496115855,
                34.1049226400689
              ],
              [
                -118.286777419944,
                34.1045774433955
              ],
              [
                -118.286101431038,
                34.104176977087
              ],
              [
                -118.285474270823,
                34.1037248690087
              ],
              [
                -118.284901620316,
                34.1032252146731
              ],
              [
                -118.284388665007,
                34.1026825394688
              ],
              [
                -118.283940050795,
                34.10210175909
              ],
              [
                -118.283559838118,
                34.1014881327723
              ],
              [
                -118.283251469582,
                34.1008472201243
              ],
              [
                -118.283017736681,
                34.100184823572
              ],
              [
                -118.282860754622,
                34.0995069442912
              ],
              [
                -118.282781942535,
                34.0988197210544
              ],
              [
                -118.282782013581,
                34.0981293771702
              ],
              [
                -118.282860964164,
                34.0974421647253
              ],
              [
                -118.283018077524,
                34.0967643070283
              ],
              [
                -118.283251929135,
                34.0961019428515
              ],
              [
                -118.283311259209,
                34.095978681772
              ],
              [
                -118.283535002441,
                34.0953449421165
              ],
              [
                -118.283843469902,
                34.0947040690387
              ],
              [
                -118.284081051901,
                34.0943207456071
              ],
              [
                -118.283815213204,
                34.0938916664684
              ],
              [
                -118.283506871647,
                34.0932507529211
              ],
              [
                -118.28327316033,
                34.0925883563687
              ],
              [
                -118.283116191761,
                34.0919104761887
              ],
              [
                -118.283037386868,
                34.0912232520526
              ],
              [
                -118.283037457914,
                34.090532907269
              ],
              [
                -118.283045636349,
                34.0904617151372
              ],
              [
                -118.283022817851,
                34.0902627212487
              ],
              [
                -118.283022887998,
                34.0895723764651
              ],
              [
                -118.283101830487,
                34.0888851631209
              ],
              [
                -118.283258928559,
                34.0882073036253
              ],
              [
                -118.283351109968,
                34.087946181872
              ],
              [
                -118.283479009751,
                34.0873943039051
              ],
              [
                -118.283712836181,
                34.0867319388291
              ],
              [
                -118.284021273065,
                34.0860910648519
              ],
              [
                -118.284401525312,
                34.0854774852989
              ],
              [
                -118.284850149417,
                34.0848967561815
              ],
              [
                -118.285363081343,
                34.0843541367352
              ],
              [
                -118.285935676093,
                34.0838545390569
              ],
              [
                -118.286562746376,
                34.0834024885352
              ],
              [
                -118.287238614772,
                34.083002076186
              ],
              [
                -118.287458494516,
                34.0828964598049
              ],
              [
                -118.28695062937,
                34.082652462942
              ],
              [
                -118.286274814933,
                34.0822519948349
              ],
              [
                -118.285647816596,
                34.0817998858572
              ],
              [
                -118.285075313577,
                34.081300229723
              ],
              [
                -118.284562491368,
                34.08075755272
              ],
              [
                -118.28411399137,
                34.0801767696434
              ],
              [
                -118.283733876719,
                34.0795631415269
              ],
              [
                -118.283425588222,
                34.0789222261809
              ],
              [
                -118.283191915577,
                34.0782598287293
              ],
              [
                -118.283034973088,
                34.0775819467506
              ],
              [
                -118.282956181685,
                34.0768947208159
              ],
              [
                -118.282956252731,
                34.0762043742336
              ],
              [
                -118.28303518263,
                34.0755171590908
              ],
              [
                -118.28319225552,
                34.0748392995951
              ],
              [
                -118.283426047776,
                34.0741769327204
              ],
              [
                -118.283734438795,
                34.0735360569446
              ],
              [
                -118.284114635284,
                34.0729224764923
              ],
              [
                -118.284563193738,
                34.0723417464756
              ],
              [
                -118.285076049222,
                34.0717991252306
              ],
              [
                -118.285648559436,
                34.0712995275523
              ],
              [
                -118.286275537089,
                34.0708474752319
              ],
              [
                -118.28695130566,
                34.0704470619835
              ],
              [
                -118.287669746164,
                34.0701019138734
              ],
              [
                -118.28832289229,
                34.0698537126799
              ],
              [
                -118.288162287761,
                34.0698212849255
              ],
              [
                -118.287378363123,
                34.0695954768509
              ],
              [
                -118.286623785162,
                34.0693086740572
              ],
              [
                -118.285905390523,
                34.0689634746858
              ],
              [
                -118.285229684005,
                34.0685630065787
              ],
              [
                -118.284602786392,
                34.0681108958023
              ],
              [
                -118.284030376003,
                34.0676112387688
              ],
              [
                -118.283517635633,
                34.0670685599672
              ],
              [
                -118.283471200038,
                34.0670084205034
              ],
              [
                -118.283191665565,
                34.0667125615366
              ],
              [
                -118.282743240211,
                34.0661317775606
              ],
              [
                -118.282363187613,
                34.0655181476456
              ],
              [
                -118.282054949478,
                34.0648772314003
              ],
              [
                -118.281821315503,
                34.0642148312506
              ],
              [
                -118.281664399994,
                34.0635369483726
              ],
              [
                -118.281585621182,
                34.0628497206393
              ],
              [
                -118.281585637369,
                34.0626938627327
              ],
              [
                -118.281409342369,
                34.0628210124809
              ],
              [
                -118.280733681716,
                34.063221480588
              ],
              [
                -118.280015334742,
                34.0635666799595
              ],
              [
                -118.279260808042,
                34.0638534836525
              ],
              [
                -118.278476936464,
                34.0640792926264
              ],
              [
                -118.277670819255,
                34.0642420609235
              ],
              [
                -118.276849758911,
                34.0643403163537
              ],
              [
                -118.276021193725,
                34.0643731667894
              ],
              [
                -118.275192628539,
                34.0643403163537
              ],
              [
                -118.274371568195,
                34.0642420609236
              ],
              [
                -118.273565450987,
                34.0640792926264
              ],
              [
                -118.272781579408,
                34.0638534836525
              ],
              [
                -118.272027052708,
                34.0635666799594
              ],
              [
                -118.271308705734,
                34.063221480588
              ],
              [
                -118.270633045081,
                34.0628210124809
              ],
              [
                -118.270006189736,
                34.0623689017046
              ],
              [
                -118.269433818018,
                34.0618692437717
              ],
              [
                -118.268921111822,
                34.0613265649701
              ],
              [
                -118.268472715246,
                34.0607457800948
              ],
              [
                -118.26809268693,
                34.0601321501797
              ],
              [
                -118.267784468581,
                34.0594912330351
              ],
              [
                -118.267550848995,
                34.0588288328855
              ],
              [
                -118.267393943378,
                34.0581509491082
              ],
              [
                -118.267378683681,
                34.058017823365
              ],
              [
                -118.267359964293,
                34.0579369491321
              ],
              [
                -118.267281190876,
                34.0572497204994
              ],
              [
                -118.267281261023,
                34.0565593721184
              ],
              [
                -118.267360172936,
                34.0558721551769
              ],
              [
                -118.267517209853,
                34.0551942929834
              ],
              [
                -118.267750947251,
                34.0545319234107
              ],
              [
                -118.268059267223,
                34.0538910458363
              ],
              [
                -118.268439376478,
                34.0532774635853
              ],
              [
                -118.268887830611,
                34.0526967317699
              ],
              [
                -118.269400569183,
                34.0521541087263
              ],
              [
                -118.269972946297,
                34.0516545092494
              ],
              [
                -118.270599779159,
                34.0512024560297
              ],
              [
                -118.271275392148,
                34.0508020418819
              ],
              [
                -118.271993667176,
                34.0504568919731
              ],
              [
                -118.272748099447,
                34.0501701332462
              ],
              [
                -118.273531857711,
                34.0499443602452
              ],
              [
                -118.274337847216,
                34.0497816171291
              ],
              [
                -118.275158769963,
                34.0496833787861
              ],
              [
                -118.275987193057,
                34.0496505337463
              ],
              [
                -118.27681561615,
                34.049683378786
              ],
              [
                -118.277636538897,
                34.049781617129
              ],
              [
                -118.277820336941,
                34.0498187303513
              ],
              [
                -118.27786953885,
                34.0498246182127
              ],
              [
                -118.278675529254,
                34.0499873604295
              ],
              [
                -118.279459288418,
                34.0502131334305
              ],
              [
                -118.280213721588,
                34.0504998930567
              ],
              [
                -118.280931995717,
                34.0508450420662
              ],
              [
                -118.281607609606,
                34.051245456214
              ],
              [
                -118.282234442468,
                34.0516975094337
              ],
              [
                -118.28280682048,
                34.0521971089106
              ],
              [
                -118.283319559053,
                34.0527397319543
              ],
              [
                -118.283768013185,
                34.0533204637695
              ],
              [
                -118.28414812244,
                34.0539340460205
              ],
              [
                -118.284456442413,
                34.054574923595
              ],
              [
                -118.284690180709,
                34.0552372931677
              ],
              [
                -118.284847217627,
                34.0559151553613
              ],
              [
                -118.284926129539,
                34.0566023723028
              ],
              [
                -118.284926148425,
                34.0567895895691
              ],
              [
                -118.285580085954,
                34.0564020474177
              ],
              [
                -118.286298407747,
                34.0560568984083
              ],
              [
                -118.286380089572,
                34.0560258538113
              ],
              [
                -118.286938402188,
                34.0556949779421
              ],
              [
                -118.287656717685,
                34.0553498289326
              ],
              [
                -118.288411194023,
                34.0550630702057
              ],
              [
                -118.289194998153,
                34.0548372972047
              ],
              [
                -118.290001033523,
                34.0546745549879
              ],
              [
                -118.290822003035,
                34.0545763157455
              ],
              [
                -118.291650473792,
                34.0545434707058
              ],
              [
                -118.29247894455,
                34.0545763157456
              ],
              [
                -118.293299914062,
                34.0546745549879
              ],
              [
                -118.294105949432,
                34.0548372972047
              ],
              [
                -118.294889753561,
                34.0550630702057
              ],
              [
                -118.295644229899,
                34.0553498289326
              ],
              [
                -118.295912229668,
                34.0554786037558
              ],
              [
                -118.296210148082,
                34.0553020452544
              ],
              [
                -118.296928460882,
                34.0549568962449
              ],
              [
                -118.297682932723,
                34.0546701366187
              ],
              [
                -118.298466733255,
                34.054444364517
              ],
              [
                -118.299272765928,
                34.0542816214009
              ],
              [
                -118.300093731842,
                34.0541833830578
              ],
              [
                -118.300922198103,
                34.0541505380181
              ],
              [
                -118.301750664364,
                34.0541833830578
              ],
              [
                -118.302571630279,
                34.0542816214009
              ],
              [
                -118.303377662951,
                34.054444364517
              ],
              [
                -118.304161463483,
                34.0546701366187
              ],
              [
                -118.304915935324,
                34.0549568962449
              ],
              [
                -118.305161821663,
                34.0550750446787
              ],
              [
                -118.30552992317,
                34.054935137148
              ],
              [
                -118.306313726399,
                34.0547093641471
              ],
              [
                -118.30711976087,
                34.0545466219302
              ],
              [
                -118.307940729483,
                34.0544483826879
              ],
              [
                -118.308769198442,
                34.0544155376481
              ],
              [
                -118.309597667401,
                34.0544483826879
              ],
              [
                -118.310418636013,
                34.0545466219302
              ],
              [
                -118.311224670484,
                34.054709364147
              ],
              [
                -118.312008473714,
                34.054935137148
              ],
              [
                -118.312762948254,
                34.0552218958749
              ],
              [
                -118.313481262852,
                34.0555670448844
              ],
              [
                -118.314156913613,
                34.0559674590322
              ],
              [
                -118.314783781548,
                34.0564195122519
              ],
              [
                -118.315356191037,
                34.0569191108295
              ],
              [
                -118.315868957489,
                34.0574617329737
              ],
              [
                -118.316317437702,
                34.0580424647891
              ],
              [
                -118.316697567641,
                34.0586560470401
              ],
              [
                -118.317005904701,
                34.0592969237152
              ],
              [
                -118.317239655588,
                34.0599592923886
              ],
              [
                -118.317396701499,
                34.0606371545822
              ],
              [
                -118.317437615256,
                34.0609934443931
              ],
              [
                -118.31746975163,
                34.0611321549262
              ],
              [
                -118.317548668938,
                34.0618193709684
              ],
              [
                -118.317548739085,
                34.0625097193492
              ],
              [
                -118.317469961172,
                34.0631969470826
              ],
              [
                -118.317313045663,
                34.0638748299606
              ],
              [
                -118.317079412587,
                34.0645372301102
              ],
              [
                -118.316771175352,
                34.0651781463555
              ],
              [
                -118.316391125452,
                34.0657917762706
              ],
              [
                -118.315942701896,
                34.0663725602466
              ],
              [
                -118.315429965123,
                34.0669152381489
              ],
              [
                -118.314857559231,
                34.0674148960818
              ],
              [
                -118.314230667014,
                34.0678670059587
              ],
              [
                -118.31355496679,
                34.0682674749652
              ],
              [
                -118.312836576649,
                34.0686126743366
              ],
              [
                -118.312082005882,
                34.0688994771303
              ],
              [
                -118.311298087539,
                34.0691252852049
              ],
              [
                -118.310491922666,
                34.0692880544014
              ],
              [
                -118.309670813759,
                34.0693863089322
              ],
              [
                -118.30884219911,
                34.0694191602672
              ],
              [
                -118.308013584461,
                34.0693863089322
              ],
              [
                -118.307192475554,
                34.0692880544013
              ],
              [
                -118.306386310682,
                34.069125285205
              ],
              [
                -118.305602392339,
                34.0688994771303
              ],
              [
                -118.304847821572,
                34.0686126743366
              ],
              [
                -118.304592316984,
                34.0684899006895
              ],
              [
                -118.303907074054,
                34.0686872865902
              ],
              [
                -118.303100912779,
                34.0688500557866
              ],
              [
                -118.302279808369,
                34.0689483103175
              ],
              [
                -118.301451198216,
                34.0689811607531
              ],
              [
                -118.300622588064,
                34.0689483103174
              ],
              [
                -118.299801483654,
                34.0688500557866
              ],
              [
                -118.298995322378,
                34.0686872865902
              ],
              [
                -118.298211408532,
                34.0684614776162
              ],
              [
                -118.297996443583,
                34.0683797724097
              ],
              [
                -118.297752412546,
                34.0683094778013
              ],
              [
                -118.296997846276,
                34.0680226750076
              ],
              [
                -118.296828110031,
                34.0679411136926
              ],
              [
                -118.296633605559,
                34.0681108958023
              ],
              [
                -118.296006707945,
                34.0685630065787
              ],
              [
                -118.295331001427,
                34.0689634746858
              ],
              [
                -118.294612606789,
                34.0693086740572
              ],
              [
                -118.293959404905,
                34.0695569453978
              ],
              [
                -118.294120095768,
                34.0695893839441
              ],
              [
                -118.294153966035,
                34.069599137991
              ],
              [
                -118.294378099572,
                34.0696443837824
              ],
              [
                -118.295162040398,
                34.0698701558842
              ],
              [
                -118.295916647138,
                34.0701569137118
              ],
              [
                -118.296635087641,
                34.0705020618219
              ],
              [
                -118.297310857112,
                34.0709024750703
              ],
              [
                -118.297937835665,
                34.0713545273907
              ],
              [
                -118.298510344979,
                34.071854125069
              ],
              [
                -118.299023202261,
                34.072396746314
              ],
              [
                -118.299471759816,
                34.0729774763306
              ],
              [
                -118.299851957204,
                34.073591056783
              ],
              [
                -118.300160348224,
                34.0742319325588
              ],
              [
                -118.300394140479,
                34.0748942994335
              ],
              [
                -118.30055121337,
                34.0755721589291
              ],
              [
                -118.300630143269,
                34.076259374072
              ],
              [
                -118.300630214315,
                34.0769497206542
              ],
              [
                -118.300551422912,
                34.077636946589
              ],
              [
                -118.300394480423,
                34.0783148276683
              ],
              [
                -118.300160807777,
                34.0789772260193
              ],
              [
                -118.299852518381,
                34.0796181413653
              ],
              [
                -118.299472403731,
                34.0802317694817
              ],
              [
                -118.299023904632,
                34.0808125525584
              ],
              [
                -118.298511080624,
                34.0813552295614
              ],
              [
                -118.297938577605,
                34.0818548856956
              ],
              [
                -118.297311579268,
                34.0823069946732
              ],
              [
                -118.296635763931,
                34.0827074627803
              ],
              [
                -118.29634412998,
                34.0828475744572
              ],
              [
                -118.296665781503,
                34.083002076186
              ],
              [
                -118.297341649899,
                34.0834024885352
              ],
              [
                -118.297968720182,
                34.0838545390569
              ],
              [
                -118.298541314932,
                34.0843541367352
              ],
              [
                -118.299054246858,
                34.0848967561815
              ],
              [
                -118.299502870963,
                34.0854774852988
              ],
              [
                -118.29988312321,
                34.0860910648519
              ],
              [
                -118.300191560095,
                34.0867319388291
              ],
              [
                -118.300425386525,
                34.0873943039052
              ],
              [
                -118.300582482797,
                34.0880721625014
              ],
              [
                -118.30060236411,
                34.0882452397272
              ],
              [
                -118.300622508924,
                34.0883321619009
              ],
              [
                -118.300701451413,
                34.0890193761444
              ],
              [
                -118.30070152156,
                34.0897097209281
              ],
              [
                -118.300694985287,
                34.0897667280532
              ],
              [
                -118.300751577825,
                34.09025937667
              ],
              [
                -118.300751648872,
                34.0909497214537
              ],
              [
                -118.300672843979,
                34.0916369455897
              ],
              [
                -118.300515876309,
                34.0923148257698
              ],
              [
                -118.300282164992,
                34.0929772223221
              ],
              [
                -118.299973825234,
                34.0936181367688
              ],
              [
                -118.299593647631,
                34.0942317630866
              ],
              [
                -118.299494088184,
                34.0943606665127
              ],
              [
                -118.299706928034,
                34.0947040690387
              ],
              [
                -118.299909143294,
                34.0951241936278
              ],
              [
                -118.299993979041,
                34.0952610704432
              ],
              [
                -118.300302449201,
                34.0959019435211
              ],
              [
                -118.300536300812,
                34.0965643076978
              ],
              [
                -118.300693414172,
                34.0972421653948
              ],
              [
                -118.300762653875,
                34.0978448550572
              ],
              [
                -118.301023100238,
                34.097507765772
              ],
              [
                -118.301536108607,
                34.0969651472249
              ],
              [
                -118.302108786993,
                34.096465550446
              ],
              [
                -118.302735950806,
                34.0960135008235
              ],
              [
                -118.303411919926,
                34.0956130893738
              ],
              [
                -118.30413057267,
                34.0952679430623
              ],
              [
                -118.304885402441,
                34.0949811852347
              ],
              [
                -118.305669573494,
                34.0947554140323
              ],
              [
                -118.305706360262,
                34.0947479910281
              ],
              [
                -118.306135577897,
                34.0946244133872
              ],
              [
                -118.306941990083,
                34.0944616720697
              ],
              [
                -118.307340275535,
                34.0944140358802
              ],
              [
                -118.307351991004,
                34.0944116715626
              ],
              [
                -118.308173344526,
                34.0943134332195
              ],
              [
                -118.309002201992,
                34.0942805881798
              ],
              [
                -118.309831059458,
                34.0943134332196
              ],
              [
                -118.310652412981,
                34.0944116715626
              ],
              [
                -118.311458825167,
                34.09457441288
              ],
              [
                -118.31224299532,
                34.0948001840824
              ],
              [
                -118.312997823293,
                34.09508694191
              ],
              [
                -118.313716474238,
                34.0954320882214
              ],
              [
                -118.31439244156,
                34.0958324996713
              ],
              [
                -118.315019603574,
                34.0962845492937
              ],
              [
                -118.31559228196,
                34.0967841460726
              ],
              [
                -118.31610528853,
                34.0973267637203
              ],
              [
                -118.316553978286,
                34.0979074919384
              ],
              [
                -118.31693428719,
                34.0985210696928
              ],
              [
                -118.317146510105,
                34.0989619659232
              ],
              [
                -118.317323113573,
                34.098595069508
              ],
              [
                -118.317703422477,
                34.0979814917536
              ],
              [
                -118.318152112232,
                34.0974007644349
              ],
              [
                -118.318665119702,
                34.0968581458879
              ],
              [
                -118.319237798088,
                34.0963585491089
              ],
              [
                -118.319246303876,
                34.0963524184305
              ],
              [
                -118.319564817664,
                34.096074549502
              ],
              [
                -118.320191978779,
                34.0956224989803
              ],
              [
                -118.320867944302,
                34.0952220884298
              ],
              [
                -118.321586593449,
                34.094876941219
              ],
              [
                -118.322341419623,
                34.0945901842908
              ],
              [
                -118.323125587978,
                34.0943644130884
              ],
              [
                -118.323931998365,
                34.0942016717709
              ],
              [
                -118.32475334919,
                34.0941034334279
              ],
              [
                -118.325582204857,
                34.0940705883881
              ],
              [
                -118.325662193258,
                34.0940737584983
              ],
              [
                -118.325742205041,
                34.0940705874888
              ],
              [
                -118.326571060708,
                34.0941034325286
              ],
              [
                -118.327392411533,
                34.0942016708716
              ],
              [
                -118.32819882192,
                34.094364412189
              ],
              [
                -118.328982990275,
                34.0945901833914
              ],
              [
                -118.329737816449,
                34.0948769403197
              ],
              [
                -118.330456465596,
                34.0952220875304
              ],
              [
                -118.331132431119,
                34.095622498081
              ],
              [
                -118.331759592234,
                34.0960745486027
              ],
              [
                -118.332150603969,
                34.0964156641527
              ],
              [
                -118.33239217626,
                34.0961601442764
              ],
              [
                -118.33296485015,
                34.0956605483968
              ],
              [
                -118.333592007667,
                34.095208497875
              ],
              [
                -118.334267969593,
                34.0948080864252
              ],
              [
                -118.334986616042,
                34.0944629401137
              ],
              [
                -118.335741438619,
                34.0941761831855
              ],
              [
                -118.336525602477,
                34.0939504110838
              ],
              [
                -118.337332009267,
                34.0937876697663
              ],
              [
                -118.338153356494,
                34.0936894323226
              ],
              [
                -118.338982207665,
                34.0936565872828
              ],
              [
                -118.339811058835,
                34.0936894323226
              ],
              [
                -118.340632406063,
                34.0937876697663
              ],
              [
                -118.341438812853,
                34.0939504110837
              ],
              [
                -118.342222976711,
                34.0941761831854
              ],
              [
                -118.342977799288,
                34.0944629401137
              ],
              [
                -118.343696445736,
                34.0948080864252
              ],
              [
                -118.344372407663,
                34.0952084978751
              ],
              [
                -118.34499956518,
                34.0956605483967
              ],
              [
                -118.34557223907,
                34.0961601442764
              ],
              [
                -118.346085242042,
                34.0967027628234
              ],
              [
                -118.3465339282,
                34.0972834901422
              ],
              [
                -118.346914234407,
                34.0978970687958
              ],
              [
                -118.34722271356,
                34.0985379418737
              ],
              [
                -118.347456572365,
                34.0992003060505
              ],
              [
                -118.347613690222,
                34.0998781628481
              ],
              [
                -118.347692643503,
                34.100565375293
              ],
              [
                -118.34769271365,
                34.1012557191772
              ],
              [
                -118.347613899764,
                34.101942942414
              ],
              [
                -118.347456913208,
                34.1026208216947
              ],
              [
                -118.347223174012,
                34.1032832173477
              ],
              [
                -118.346914796483,
                34.1039241299957
              ],
              [
                -118.346534573014,
                34.1045377554143
              ],
              [
                -118.346368713747,
                34.10475247215
              ],
              [
                -118.346112627298,
                34.1051657555963
              ],
              [
                -118.345663995999,
                34.1057465359751
              ],
              [
                -118.345151022704,
                34.10628921028
              ],
              [
                -118.344578351512,
                34.1067888646156
              ],
              [
                -118.343951168814,
                34.1072409717946
              ],
              [
                -118.343275155626,
                34.1076414381031
              ],
              [
                -118.342556433635,
                34.1079866347766
              ],
              [
                -118.341801513032,
                34.1082734357716
              ],
              [
                -118.341017231362,
                34.1084992429469
              ],
              [
                -118.340210693271,
                34.108662011244
              ],
              [
                -118.33938920485,
                34.1087602657748
              ],
              [
                -118.338560206191,
                34.1087931162105
              ],
              [
                -118.337731207531,
                34.1087602657748
              ],
              [
                -118.33690971911,
                34.108662011244
              ],
              [
                -118.336103181019,
                34.1084992429469
              ],
              [
                -118.33531889935,
                34.1082734357716
              ],
              [
                -118.334563978747,
                34.1079866347765
              ],
              [
                -118.333845256755,
                34.107641438103
              ],
              [
                -118.333169243568,
                34.1072409717946
              ],
              [
                -118.332542060869,
                34.1067888646156
              ],
              [
                -118.332028561471,
                34.10634083856
              ],
              [
                -118.331760335073,
                34.1065748646395
              ],
              [
                -118.331133154174,
                34.1070269727177
              ],
              [
                -118.330457142785,
                34.1074274381269
              ],
              [
                -118.330417131947,
                34.1074466557397
              ],
              [
                -118.329970158098,
                34.1077114386332
              ],
              [
                -118.329251436107,
                34.1080566353066
              ],
              [
                -118.328496514605,
                34.1083434363017
              ],
              [
                -118.327712232036,
                34.1085692434769
              ],
              [
                -118.326905693945,
                34.1087320117741
              ],
              [
                -118.326084203725,
                34.1088302663049
              ],
              [
                -118.325255205066,
                34.1088631167406
              ],
              [
                -118.324426206406,
                34.1088302663049
              ],
              [
                -118.323604716187,
                34.1087320117741
              ],
              [
                -118.322798178096,
                34.108569243477
              ],
              [
                -118.322013895527,
                34.1083434363017
              ],
              [
                -118.321258974025,
                34.1080566353066
              ],
              [
                -118.320540252033,
                34.1077114386332
              ],
              [
                -118.319864237946,
                34.1073109723247
              ],
              [
                -118.319237054349,
                34.1068588651457
              ],
              [
                -118.318664383157,
                34.1063592108101
              ],
              [
                -118.318151408962,
                34.1058165365051
              ],
              [
                -118.317702777663,
                34.1052357561264
              ],
              [
                -118.317322550597,
                34.1046221298086
              ],
              [
                -118.317110896952,
                34.1041822462148
              ],
              [
                -118.316934849266,
                34.1045481308927
              ],
              [
                -118.316554623099,
                34.1051617563112
              ],
              [
                -118.3161059918,
                34.1057425366899
              ],
              [
                -118.315593018505,
                34.1062852109949
              ],
              [
                -118.315020347313,
                34.1067848653304
              ],
              [
                -118.314393164615,
                34.1072369725094
              ],
              [
                -118.313717151427,
                34.107637438818
              ],
              [
                -118.312998429436,
                34.1079826354914
              ],
              [
                -118.312243508833,
                34.1082694364864
              ],
              [
                -118.311459227164,
                34.1084952436617
              ],
              [
                -118.310652689072,
                34.1086580119589
              ],
              [
                -118.310642205675,
                34.1086592656138
              ],
              [
                -118.310583232632,
                34.108676244814
              ],
              [
                -118.309776692742,
                34.1088390131111
              ],
              [
                -118.308955202523,
                34.108937267642
              ],
              [
                -118.308126202065,
                34.1089701180776
              ],
              [
                -118.307297201607,
                34.1089372676419
              ],
              [
                -118.306475711387,
                34.1088390131111
              ],
              [
                -118.305669171497,
                34.108676244814
              ],
              [
                -118.304884888929,
                34.1084504376388
              ],
              [
                -118.304129966527,
                34.1081636366437
              ],
              [
                -118.303411242737,
                34.1078184399702
              ],
              [
                -118.302735227751,
                34.1074179736617
              ],
              [
                -118.302108044153,
                34.1069658664827
              ],
              [
                -118.301535372062,
                34.1064662121471
              ],
              [
                -118.301022396968,
                34.1059235369428
              ]
            ]
          ],
          [
            [
              [
                -118.311804979618,
                34.1043133691679
              ],
              [
                -118.312173794287,
                34.1040239043808
              ],
              [
                -118.312499713993,
                34.1037007797684
              ],
              [
                -118.312778332056,
                34.1033483651361
              ],
              [
                -118.313005881219,
                34.1029714250924
              ],
              [
                -118.313179284898,
                34.1025750587931
              ],
              [
                -118.313296198563,
                34.102164627097
              ],
              [
                -118.313355042104,
                34.1017456788212
              ],
              [
                -118.31335502052,
                34.1013238805938
              ],
              [
                -118.313296134711,
                34.1009049368146
              ],
              [
                -118.313179182376,
                34.100494512313
              ],
              [
                -118.313005745421,
                34.100098157705
              ],
              [
                -118.312778171078,
                34.0997212329497
              ],
              [
                -118.312499535028,
                34.0993688336059
              ],
              [
                -118.312173608128,
                34.0990457260806
              ],
              [
                -118.311804797056,
                34.0987562801794
              ],
              [
                -118.311398088553,
                34.0985044079532
              ],
              [
                -118.310958984672,
                34.0982935169334
              ],
              [
                -118.310493420937,
                34.0981264579708
              ],
              [
                -118.310007692603,
                34.0980054892631
              ],
              [
                -118.309508369218,
                34.0979322484756
              ],
              [
                -118.309002201992,
                34.0979077239635
              ],
              [
                -118.308496034766,
                34.0979322484757
              ],
              [
                -118.308189249936,
                34.0979772478529
              ],
              [
                -118.308086033846,
                34.0979822489828
              ],
              [
                -118.30758671046,
                34.0980554897702
              ],
              [
                -118.307100982127,
                34.098176458478
              ],
              [
                -118.306964852648,
                34.0982253060542
              ],
              [
                -118.306634980422,
                34.0983074591231
              ],
              [
                -118.306169415788,
                34.0984745180857
              ],
              [
                -118.305730310108,
                34.0986854091055
              ],
              [
                -118.305323601605,
                34.0989372813316
              ],
              [
                -118.304954788735,
                34.0992267281322
              ],
              [
                -118.304628860935,
                34.0995498347582
              ],
              [
                -118.304350224885,
                34.099902234102
              ],
              [
                -118.304122649643,
                34.1002791588573
              ],
              [
                -118.303949212688,
                34.1006755143647
              ],
              [
                -118.303832260353,
                34.1010859379668
              ],
              [
                -118.303773374544,
                34.1015048817461
              ],
              [
                -118.30377335296,
                34.1019266799734
              ],
              [
                -118.303832196501,
                34.1023456282493
              ],
              [
                -118.303949110165,
                34.1027560599454
              ],
              [
                -118.304122514744,
                34.1031524262447
              ],
              [
                -118.304350063906,
                34.1035293662883
              ],
              [
                -118.304628682869,
                34.1038817809206
              ],
              [
                -118.304954603474,
                34.1042049055331
              ],
              [
                -118.305323418143,
                34.1044943703201
              ],
              [
                -118.305730139237,
                34.104746258734
              ],
              [
                -118.306169266501,
                34.1049571650423
              ],
              [
                -118.306634860812,
                34.1051242374948
              ],
              [
                -118.307120625119,
                34.1052452151957
              ],
              [
                -118.307619990772,
                34.1053184631776
              ],
              [
                -118.308126202065,
                34.1053429894885
              ],
              [
                -118.308632413357,
                34.1053184631776
              ],
              [
                -118.30913177901,
                34.1052452151957
              ],
              [
                -118.309617543317,
                34.1051242374947
              ],
              [
                -118.309630660828,
                34.1051195304431
              ],
              [
                -118.31000777624,
                34.1050642140434
              ],
              [
                -118.310493540547,
                34.1049432363424
              ],
              [
                -118.310959133959,
                34.10477616389
              ],
              [
                -118.311398259424,
                34.1045652575817
              ],
              [
                -118.311804979618,
                34.1043133691679
              ]
            ]
          ],
          [
            [
              [
                -118.296414849967,
                34.0980638822435
              ],
              [
                -118.296355966857,
                34.0976449384643
              ],
              [
                -118.296239019018,
                34.0972345139628
              ],
              [
                -118.296065589258,
                34.0968381584554
              ],
              [
                -118.295908262758,
                34.096577575396
              ],
              [
                -118.295778563432,
                34.0962811579503
              ],
              [
                -118.295550998082,
                34.0959042322956
              ],
              [
                -118.295272375522,
                34.0955518338512
              ],
              [
                -118.294946463011,
                34.0952287263258
              ],
              [
                -118.294577668127,
                34.0949392795253
              ],
              [
                -118.29417097851,
                34.0946874072991
              ],
              [
                -118.293731893514,
                34.0944765162793
              ],
              [
                -118.293266350464,
                34.0943094564174
              ],
              [
                -118.293206646272,
                34.0942945870267
              ],
              [
                -118.293238017323,
                34.0942867737168
              ],
              [
                -118.293703552279,
                34.0941197012644
              ],
              [
                -118.294142622886,
                34.0939087940568
              ],
              [
                -118.294549292718,
                34.0936569047435
              ],
              [
                -118.294918060622,
                34.0933674399566
              ],
              [
                -118.295119983602,
                34.0931672238894
              ],
              [
                -118.295213381794,
                34.0930939093575
              ],
              [
                -118.295539260131,
                34.0927707847451
              ],
              [
                -118.295817842222,
                34.0924183683142
              ],
              [
                -118.296045362605,
                34.0920414282705
              ],
              [
                -118.296218743802,
                34.0916450619712
              ],
              [
                -118.296335642178,
                34.0912346284765
              ],
              [
                -118.296394478524,
                34.0908156802006
              ],
              [
                -118.296394456941,
                34.0903938810739
              ],
              [
                -118.296335579226,
                34.0899749363954
              ],
              [
                -118.296303940177,
                34.0898638917064
              ],
              [
                -118.296344415065,
                34.0895756796751
              ],
              [
                -118.296344393481,
                34.0891538805483
              ],
              [
                -118.296285516665,
                34.0887349358698
              ],
              [
                -118.296278661133,
                34.0887108745084
              ],
              [
                -118.29624550313,
                34.0884749364703
              ],
              [
                -118.296128567881,
                34.0880645110695
              ],
              [
                -118.295955157007,
                34.0876681555621
              ],
              [
                -118.29572761504,
                34.0872912299075
              ],
              [
                -118.295449020358,
                34.0869388296644
              ],
              [
                -118.295123141122,
                34.086615722139
              ],
              [
                -118.29475438311,
                34.0863262753385
              ],
              [
                -118.294347734862,
                34.0860744031123
              ],
              [
                -118.293908694832,
                34.0858635111932
              ],
              [
                -118.293443198547,
                34.0856964513313
              ],
              [
                -118.292957542159,
                34.0855754826236
              ],
              [
                -118.292458291619,
                34.0855022418362
              ],
              [
                -118.291952198138,
                34.085477717324
              ],
              [
                -118.291446104656,
                34.0855022418362
              ],
              [
                -118.290946854116,
                34.0855754826236
              ],
              [
                -118.290461197728,
                34.0856964513313
              ],
              [
                -118.289995701443,
                34.0858635111933
              ],
              [
                -118.289556661413,
                34.0860744031123
              ],
              [
                -118.289150013165,
                34.0863262753385
              ],
              [
                -118.288781255153,
                34.086615722139
              ],
              [
                -118.288455375917,
                34.0869388296644
              ],
              [
                -118.288176781236,
                34.0872912299075
              ],
              [
                -118.287949239268,
                34.0876681555621
              ],
              [
                -118.287775828394,
                34.0880645110695
              ],
              [
                -118.287658893146,
                34.0884749364703
              ],
              [
                -118.287624333998,
                34.0887208407953
              ],
              [
                -118.287555787672,
                34.0888775107897
              ],
              [
                -118.287438851524,
                34.0892879361904
              ],
              [
                -118.287379973809,
                34.089706880869
              ],
              [
                -118.287379952225,
                34.0901286799958
              ],
              [
                -118.287425112581,
                34.0904502505798
              ],
              [
                -118.287394593188,
                34.0906674116729
              ],
              [
                -118.287394571604,
                34.0910892107996
              ],
              [
                -118.287453407051,
                34.0915081590755
              ],
              [
                -118.287570306327,
                34.0919185916708
              ],
              [
                -118.287743688423,
                34.0923149588694
              ],
              [
                -118.287971209706,
                34.0926918989131
              ],
              [
                -118.288249792696,
                34.0930443144447
              ],
              [
                -118.288575671032,
                34.0933674399566
              ],
              [
                -118.288944438937,
                34.0936569047436
              ],
              [
                -118.289351108769,
                34.0939087940568
              ],
              [
                -118.289790179375,
                34.0941197012644
              ],
              [
                -118.290255714332,
                34.0942867737168
              ],
              [
                -118.290315416725,
                34.0943016440068
              ],
              [
                -118.290284047473,
                34.0943094564174
              ],
              [
                -118.289818504423,
                34.0944765162793
              ],
              [
                -118.289379419427,
                34.0946874072992
              ],
              [
                -118.28897272981,
                34.0949392795253
              ],
              [
                -118.288603934926,
                34.0952287263258
              ],
              [
                -118.288278022415,
                34.0955518338512
              ],
              [
                -118.287999399854,
                34.0959042322956
              ],
              [
                -118.287771834505,
                34.0962811579503
              ],
              [
                -118.287598405644,
                34.0966775134576
              ],
              [
                -118.28750176,
                34.0970166927674
              ],
              [
                -118.28748879987,
                34.0970381586852
              ],
              [
                -118.287315369211,
                34.0974345132933
              ],
              [
                -118.287198421372,
                34.0978449377948
              ],
              [
                -118.287139537362,
                34.098263881574
              ],
              [
                -118.287139515778,
                34.0986856798014
              ],
              [
                -118.28719835752,
                34.0991046280773
              ],
              [
                -118.287315266688,
                34.0995150606727
              ],
              [
                -118.287488664073,
                34.0999114269719
              ],
              [
                -118.287716205141,
                34.1002883670157
              ],
              [
                -118.287994813312,
                34.1006407816479
              ],
              [
                -118.288320721326,
                34.1009639071598
              ],
              [
                -118.288689522506,
                34.1012533710474
              ],
              [
                -118.289096227411,
                34.1015052603607
              ],
              [
                -118.289535338487,
                34.101716166669
              ],
              [
                -118.290000914812,
                34.1018832391213
              ],
              [
                -118.290486661133,
                34.1020042168223
              ],
              [
                -118.290986007001,
                34.1020774648043
              ],
              [
                -118.291492199408,
                34.1021019911152
              ],
              [
                -118.291998391814,
                34.1020774648043
              ],
              [
                -118.292497737683,
                34.1020042168224
              ],
              [
                -118.292983484003,
                34.1018832391214
              ],
              [
                -118.293449060328,
                34.1017161666689
              ],
              [
                -118.293478987967,
                34.1017017928047
              ],
              [
                -118.293553479711,
                34.1016832397908
              ],
              [
                -118.294019055137,
                34.1015161673384
              ],
              [
                -118.294458164415,
                34.1013052610301
              ],
              [
                -118.29486486932,
                34.1010533717169
              ],
              [
                -118.295233668701,
                34.1007639078293
              ],
              [
                -118.295559575816,
                34.1004407832168
              ],
              [
                -118.295838183987,
                34.1000883676852
              ],
              [
                -118.296065724156,
                34.0997114276414
              ],
              [
                -118.29623912154,
                34.0993150613422
              ],
              [
                -118.296356030708,
                34.0989046287468
              ],
              [
                -118.296414871551,
                34.098485680471
              ],
              [
                -118.296414849967,
                34.0980638822435
              ]
            ]
          ],
          [
            [
              [
                -118.322083610073,
                34.1040979041961
              ],
              [
                -118.322452424742,
                34.104387368983
              ],
              [
                -118.322859144936,
                34.104639257397
              ],
              [
                -118.3232982722,
                34.1048501637053
              ],
              [
                -118.323763865612,
                34.1050172361577
              ],
              [
                -118.324249629919,
                34.1051382138586
              ],
              [
                -118.324748993773,
                34.1052114618407
              ],
              [
                -118.325255205066,
                34.1052359881515
              ],
              [
                -118.325761416358,
                34.1052114618407
              ],
              [
                -118.326260780213,
                34.1051382138586
              ],
              [
                -118.32674654452,
                34.1050172361577
              ],
              [
                -118.327212137932,
                34.1048501637052
              ],
              [
                -118.327651265196,
                34.104639257397
              ],
              [
                -118.328011650519,
                34.1044160645509
              ],
              [
                -118.328138257077,
                34.1043552568907
              ],
              [
                -118.328544976372,
                34.1041033684768
              ],
              [
                -118.328913789242,
                34.1038139036899
              ],
              [
                -118.329239708048,
                34.1034907790773
              ],
              [
                -118.329518325213,
                34.1031383644451
              ],
              [
                -118.329745874375,
                34.1027614244014
              ],
              [
                -118.329919277155,
                34.1023650581021
              ],
              [
                -118.33003619082,
                34.1019546264061
              ],
              [
                -118.33009503436,
                34.1015356781302
              ],
              [
                -118.330095012777,
                34.1011138799027
              ],
              [
                -118.330036126968,
                34.1006949361235
              ],
              [
                -118.329919175532,
                34.1002845116221
              ],
              [
                -118.329745738577,
                34.099888157014
              ],
              [
                -118.329518164234,
                34.0995112322587
              ],
              [
                -118.329239529982,
                34.099158832915
              ],
              [
                -118.328913603082,
                34.0988357253896
              ],
              [
                -118.32854479291,
                34.0985462794884
              ],
              [
                -118.328138086206,
                34.0982944072623
              ],
              [
                -118.327698982324,
                34.0980835162424
              ],
              [
                -118.327233419489,
                34.0979164572799
              ],
              [
                -118.326747693853,
                34.0977954885721
              ],
              [
                -118.326248371367,
                34.0977222477847
              ],
              [
                -118.325742205041,
                34.0976977232725
              ],
              [
                -118.325662195956,
                34.0977015993505
              ],
              [
                -118.325582204857,
                34.0976977241718
              ],
              [
                -118.32507603853,
                34.097722248684
              ],
              [
                -118.324576716045,
                34.0977954894714
              ],
              [
                -118.324090990409,
                34.0979164581792
              ],
              [
                -118.323625427574,
                34.0980835171417
              ],
              [
                -118.323186323692,
                34.0982944081616
              ],
              [
                -118.322779616988,
                34.0985462803877
              ],
              [
                -118.322410806815,
                34.0988357262889
              ],
              [
                -118.322278343873,
                34.0989670443948
              ],
              [
                -118.322083796232,
                34.0991197267951
              ],
              [
                -118.321757868433,
                34.0994428334212
              ],
              [
                -118.321479233282,
                34.0997952327649
              ],
              [
                -118.32125165804,
                34.1001721575202
              ],
              [
                -118.321078221085,
                34.1005685121283
              ],
              [
                -118.32096126875,
                34.1009789366297
              ],
              [
                -118.320902382941,
                34.101397880409
              ],
              [
                -118.320902361357,
                34.1018196786364
              ],
              [
                -118.320961204898,
                34.1022386269123
              ],
              [
                -118.321078118562,
                34.1026490586083
              ],
              [
                -118.321251522242,
                34.1030454249076
              ],
              [
                -118.321479072303,
                34.1034223649513
              ],
              [
                -118.321757690367,
                34.1037747795836
              ],
              [
                -118.322083610073,
                34.1040979041961
              ]
            ]
          ],
          [
            [
              [
                -118.338053995797,
                34.1051414613105
              ],
              [
                -118.338560206191,
                34.1051659876214
              ],
              [
                -118.339066416584,
                34.1051414613105
              ],
              [
                -118.339565780439,
                34.1050682133286
              ],
              [
                -118.340051544745,
                34.1049472356276
              ],
              [
                -118.340517138158,
                34.1047801631751
              ],
              [
                -118.340956264522,
                34.1045692568669
              ],
              [
                -118.341362984716,
                34.1043173684529
              ],
              [
                -118.341731798486,
                34.104027903666
              ],
              [
                -118.342057718191,
                34.1037047790535
              ],
              [
                -118.342336336255,
                34.1033523644212
              ],
              [
                -118.342563885417,
                34.1029754243775
              ],
              [
                -118.342568918023,
                34.1029639220485
              ],
              [
                -118.34275830985,
                34.1027243642392
              ],
              [
                -118.342985857214,
                34.1023474241954
              ],
              [
                -118.343159259994,
                34.1019510587955
              ],
              [
                -118.343276172759,
                34.1015406262001
              ],
              [
                -118.343335015401,
                34.1011216779243
              ],
              [
                -118.343334993817,
                34.1006998796969
              ],
              [
                -118.343276108907,
                34.1002809359176
              ],
              [
                -118.343159157471,
                34.0998705114161
              ],
              [
                -118.342985722315,
                34.099474156808
              ],
              [
                -118.342758148872,
                34.0990972320528
              ],
              [
                -118.342479515519,
                34.098744832709
              ],
              [
                -118.342153590418,
                34.0984217251836
              ],
              [
                -118.341784782044,
                34.0981322792824
              ],
              [
                -118.341378077139,
                34.0978804070563
              ],
              [
                -118.340938975955,
                34.0976695160365
              ],
              [
                -118.340473414918,
                34.0975024561746
              ],
              [
                -118.339987691081,
                34.0973814883662
              ],
              [
                -118.339488371293,
                34.0973082466794
              ],
              [
                -118.338982207665,
                34.0972837221672
              ],
              [
                -118.338476044036,
                34.0973082466794
              ],
              [
                -118.337976724249,
                34.0973814883662
              ],
              [
                -118.337491000411,
                34.0975024561746
              ],
              [
                -118.337025439375,
                34.0976695160365
              ],
              [
                -118.336586338191,
                34.0978804070563
              ],
              [
                -118.336179633286,
                34.0981322792824
              ],
              [
                -118.335810824912,
                34.0984217251836
              ],
              [
                -118.33548489981,
                34.098744832709
              ],
              [
                -118.335206266458,
                34.0990972320528
              ],
              [
                -118.334978693014,
                34.099474156808
              ],
              [
                -118.334973655912,
                34.0994856681303
              ],
              [
                -118.334784237105,
                34.0997252322348
              ],
              [
                -118.334556661863,
                34.1001021569901
              ],
              [
                -118.334383225807,
                34.1004985115982
              ],
              [
                -118.334266273472,
                34.1009089360996
              ],
              [
                -118.334207387663,
                34.1013278798789
              ],
              [
                -118.334207366079,
                34.1017496781063
              ],
              [
                -118.33426620962,
                34.1021686263822
              ],
              [
                -118.334383123285,
                34.1025790580783
              ],
              [
                -118.334556526964,
                34.1029754243775
              ],
              [
                -118.334784076126,
                34.1033523644212
              ],
              [
                -118.33506269419,
                34.1037047790534
              ],
              [
                -118.335388613896,
                34.104027903666
              ],
              [
                -118.335757427665,
                34.104317368453
              ],
              [
                -118.336164147859,
                34.1045692568669
              ],
              [
                -118.336603274224,
                34.1047801631752
              ],
              [
                -118.337068867636,
                34.1049472356276
              ],
              [
                -118.337554631943,
                34.1050682133285
              ],
              [
                -118.338053995797,
                34.1051414613105
              ]
            ]
          ],
          [
            [
              [
                -118.292170212687,
                34.0729472321302
              ],
              [
                -118.29166419385,
                34.072922707618
              ],
              [
                -118.291158175012,
                34.0729472321303
              ],
              [
                -118.290658998216,
                34.073020473817
              ],
              [
                -118.290173412875,
                34.0731414425247
              ],
              [
                -118.289707985837,
                34.0733085023866
              ],
              [
                -118.289269010559,
                34.0735193952051
              ],
              [
                -118.288862421666,
                34.0737712674312
              ],
              [
                -118.288493719412,
                34.074060715131
              ],
              [
                -118.28816788784,
                34.0743838235558
              ],
              [
                -118.287889334527,
                34.0747362246982
              ],
              [
                -118.287661825835,
                34.0751131512521
              ],
              [
                -118.287488440142,
                34.0755095076588
              ],
              [
                -118.28737152198,
                34.075919933959
              ],
              [
                -118.287312654158,
                34.0763388795369
              ],
              [
                -118.287312632574,
                34.0767606786636
              ],
              [
                -118.287371458128,
                34.0771796287381
              ],
              [
                -118.287488337619,
                34.0775900622327
              ],
              [
                -118.287661690936,
                34.0779864303306
              ],
              [
                -118.287889173549,
                34.0783633712738
              ],
              [
                -118.288167709774,
                34.0787157877046
              ],
              [
                -118.288493533252,
                34.0790389141157
              ],
              [
                -118.288862239103,
                34.0793283789027
              ],
              [
                -118.289268839687,
                34.0795802691153
              ],
              [
                -118.289707837449,
                34.0797911763229
              ],
              [
                -118.290173294164,
                34.0799582487753
              ],
              [
                -118.290658914579,
                34.0800792273756
              ],
              [
                -118.290749483504,
                34.0800925166574
              ],
              [
                -118.290916916585,
                34.080134227214
              ],
              [
                -118.291416134749,
                34.080207475196
              ],
              [
                -118.291922196754,
                34.0802320015068
              ],
              [
                -118.292428258759,
                34.080207475196
              ],
              [
                -118.292927476924,
                34.080134227214
              ],
              [
                -118.293413097339,
                34.0800132486137
              ],
              [
                -118.293878554953,
                34.0798461761613
              ],
              [
                -118.294317552715,
                34.0796352689537
              ],
              [
                -118.294724153299,
                34.0793833787411
              ],
              [
                -118.29509285915,
                34.0790939139542
              ],
              [
                -118.295418683528,
                34.078770787543
              ],
              [
                -118.295697219753,
                34.0784183711121
              ],
              [
                -118.295924702365,
                34.078041430169
              ],
              [
                -118.296098055683,
                34.0776450620711
              ],
              [
                -118.296214935173,
                34.0772346285764
              ],
              [
                -118.296273760728,
                34.0768156785019
              ],
              [
                -118.296273739144,
                34.0763938793752
              ],
              [
                -118.296214871321,
                34.0759749337973
              ],
              [
                -118.29609795316,
                34.0755645074972
              ],
              [
                -118.295924567467,
                34.0751681510905
              ],
              [
                -118.295697058774,
                34.0747912245365
              ],
              [
                -118.295418505462,
                34.0744388233942
              ],
              [
                -118.29509267389,
                34.0741157149694
              ],
              [
                -118.294723970737,
                34.0738262672696
              ],
              [
                -118.294317381844,
                34.0735743950435
              ],
              [
                -118.293878405666,
                34.073363502225
              ],
              [
                -118.293412978628,
                34.0731964423631
              ],
              [
                -118.292927393287,
                34.0730754736553
              ],
              [
                -118.292836822563,
                34.0730621852728
              ],
              [
                -118.292669389483,
                34.073020473817
              ],
              [
                -118.292170212687,
                34.0729472321302
              ]
            ]
          ],
          [
            [
              [
                -118.293013164328,
                34.0658912736645
              ],
              [
                -118.293419700161,
                34.065639383452
              ],
              [
                -118.293788346657,
                34.0653499177657
              ],
              [
                -118.294114117974,
                34.0650267913545
              ],
              [
                -118.294392609234,
                34.064674373125
              ],
              [
                -118.294420230112,
                34.0646285985321
              ],
              [
                -118.294428100079,
                34.0646207924168
              ],
              [
                -118.29448172935,
                34.0645529277765
              ],
              [
                -118.294820584904,
                34.0642868498594
              ],
              [
                -118.295146351725,
                34.0639637234483
              ],
              [
                -118.295424840286,
                34.063611306118
              ],
              [
                -118.295652283328,
                34.0632343642757
              ],
              [
                -118.295825606069,
                34.0628379952784
              ],
              [
                -118.295942464875,
                34.0624275599851
              ],
              [
                -118.296001281436,
                34.0620086099106
              ],
              [
                -118.296001259852,
                34.0615868089852
              ],
              [
                -118.295942401922,
                34.0611678625081
              ],
              [
                -118.295825503546,
                34.0607574353086
              ],
              [
                -118.29565214843,
                34.0603610780025
              ],
              [
                -118.295424679308,
                34.0599841505493
              ],
              [
                -118.295146173659,
                34.0596317494069
              ],
              [
                -118.294820398745,
                34.0593086400828
              ],
              [
                -118.294451760343,
                34.0590191914837
              ],
              [
                -118.294045242496,
                34.0587673183582
              ],
              [
                -118.293606342761,
                34.0585564255398
              ],
              [
                -118.293140995762,
                34.0583893647786
              ],
              [
                -118.292655494957,
                34.0582683960708
              ],
              [
                -118.292156405396,
                34.058195154384
              ],
              [
                -118.291650473792,
                34.0581706298718
              ],
              [
                -118.291144542189,
                34.058195154384
              ],
              [
                -118.290645452628,
                34.0582683960708
              ],
              [
                -118.290159951822,
                34.0583893647786
              ],
              [
                -118.289694604824,
                34.0585564255398
              ],
              [
                -118.289255705089,
                34.0587673183583
              ],
              [
                -118.288849187242,
                34.0590191914837
              ],
              [
                -118.288707978393,
                34.0591300662008
              ],
              [
                -118.288336311074,
                34.0592634941161
              ],
              [
                -118.287897407741,
                34.0594743869346
              ],
              [
                -118.287490886298,
                34.05972626006
              ],
              [
                -118.287122244298,
                34.0600157086592
              ],
              [
                -118.286796466686,
                34.0603388179833
              ],
              [
                -118.286517959239,
                34.0606912191256
              ],
              [
                -118.286290488317,
                34.0610681465789
              ],
              [
                -118.286117131403,
                34.0614645038849
              ],
              [
                -118.286000233026,
                34.0618749310844
              ],
              [
                -118.285941374197,
                34.0622938775616
              ],
              [
                -118.285941352613,
                34.0627156784869
              ],
              [
                -118.286000169175,
                34.0631346285614
              ],
              [
                -118.286117029779,
                34.0635450638548
              ],
              [
                -118.286290353419,
                34.0639414319526
              ],
              [
                -118.28651779826,
                34.0643183746944
              ],
              [
                -118.28679628862,
                34.0646707920246
              ],
              [
                -118.287002889874,
                34.064875716942
              ],
              [
                -118.287122273976,
                34.0650267913545
              ],
              [
                -118.287448045293,
                34.0653499177657
              ],
              [
                -118.287816691789,
                34.0656393834519
              ],
              [
                -118.288223227622,
                34.0658912736645
              ],
              [
                -118.288662154337,
                34.0661021817714
              ],
              [
                -118.289127535509,
                34.0662692551232
              ],
              [
                -118.289613078583,
                34.0663902337235
              ],
              [
                -118.290112215808,
                34.0664634817055
              ],
              [
                -118.290618195975,
                34.0664880080163
              ],
              [
                -118.291124176142,
                34.0664634817055
              ],
              [
                -118.291623313367,
                34.0663902337235
              ],
              [
                -118.292108856441,
                34.0662692551232
              ],
              [
                -118.292574237613,
                34.0661021817714
              ],
              [
                -118.293013164328,
                34.0658912736645
              ]
            ]
          ],
          [
            [
              [
                -118.280221774118,
                34.0583844337958
              ],
              [
                -118.280395086966,
                34.0579880647985
              ],
              [
                -118.280511939477,
                34.0575776295052
              ],
              [
                -118.28057075244,
                34.0571586785313
              ],
              [
                -118.280570730857,
                34.056736877606
              ],
              [
                -118.280511876524,
                34.0563179302295
              ],
              [
                -118.280394985342,
                34.05590750303
              ],
              [
                -118.280221639219,
                34.055511145724
              ],
              [
                -118.279994183587,
                34.0551342173714
              ],
              [
                -118.279715694126,
                34.054781816229
              ],
              [
                -118.279389938097,
                34.0544587060056
              ],
              [
                -118.27902131948,
                34.0541692574065
              ],
              [
                -118.278614825016,
                34.053917384281
              ],
              [
                -118.278175950462,
                34.0537064914626
              ],
              [
                -118.277710630443,
                34.0535394307013
              ],
              [
                -118.277225157517,
                34.0534184619936
              ],
              [
                -118.277078130054,
                34.0533968845598
              ],
              [
                -118.276992156665,
                34.0533754618092
              ],
              [
                -118.276493094982,
                34.0533022201225
              ],
              [
                -118.275987193057,
                34.0532776956103
              ],
              [
                -118.275481291131,
                34.0533022201225
              ],
              [
                -118.274982229448,
                34.0533754618093
              ],
              [
                -118.274496756522,
                34.053496430517
              ],
              [
                -118.274031436504,
                34.0536634912783
              ],
              [
                -118.273592561949,
                34.0538743840967
              ],
              [
                -118.273186067485,
                34.0541262572222
              ],
              [
                -118.272817449768,
                34.0544157058214
              ],
              [
                -118.272491693739,
                34.0547388160447
              ],
              [
                -118.272213204278,
                34.0550912171871
              ],
              [
                -118.271985748646,
                34.0554681455397
              ],
              [
                -118.271812402522,
                34.0558645028457
              ],
              [
                -118.27169551224,
                34.0562749300451
              ],
              [
                -118.271636657008,
                34.0566938774217
              ],
              [
                -118.271636635424,
                34.0571156783471
              ],
              [
                -118.271695448388,
                34.0575346293208
              ],
              [
                -118.271703237417,
                34.0575619866975
              ],
              [
                -118.271729438265,
                34.057748629297
              ],
              [
                -118.271846290776,
                34.0581590645904
              ],
              [
                -118.272019604523,
                34.0585554335875
              ],
              [
                -118.272247034975,
                34.0589323754299
              ],
              [
                -118.272525507348,
                34.0592847936595
              ],
              [
                -118.272851257082,
                34.0596079200706
              ],
              [
                -118.273219878397,
                34.0598973866562
              ],
              [
                -118.273626386351,
                34.0601492768687
              ],
              [
                -118.274065283388,
                34.060360185875
              ],
              [
                -118.274530633984,
                34.0605272583275
              ],
              [
                -118.275016143782,
                34.0606482378271
              ],
              [
                -118.275515247733,
                34.0607214858091
              ],
              [
                -118.276021193725,
                34.0607460121199
              ],
              [
                -118.276527139718,
                34.0607214858091
              ],
              [
                -118.277026243668,
                34.0606482378271
              ],
              [
                -118.277511753467,
                34.0605272583275
              ],
              [
                -118.277977104062,
                34.060360185875
              ],
              [
                -118.2784160011,
                34.0601492768688
              ],
              [
                -118.278822509054,
                34.0598973866562
              ],
              [
                -118.279191130368,
                34.0596079200706
              ],
              [
                -118.279262432218,
                34.0595371928883
              ],
              [
                -118.279390123358,
                34.0594369211781
              ],
              [
                -118.279715872192,
                34.0591137938677
              ],
              [
                -118.279994344565,
                34.0587613756381
              ],
              [
                -118.280221774118,
                34.0583844337958
              ]
            ]
          ],
          [
            [
              [
                -118.298966338128,
                34.0581634919528
              ],
              [
                -118.298527441091,
                34.0583743847712
              ],
              [
                -118.298120925043,
                34.0586262587959
              ],
              [
                -118.29775228754,
                34.0589157064958
              ],
              [
                -118.297426513525,
                34.0592388167191
              ],
              [
                -118.297148009675,
                34.0595912178616
              ],
              [
                -118.296920542351,
                34.0599681453148
              ],
              [
                -118.296747187235,
                34.0603645026208
              ],
              [
                -118.296630289758,
                34.0607749298203
              ],
              [
                -118.296571432728,
                34.0611938762975
              ],
              [
                -118.296571411144,
                34.0616156772229
              ],
              [
                -118.296630226806,
                34.0620346272974
              ],
              [
                -118.296747085612,
                34.0624450625908
              ],
              [
                -118.296808963465,
                34.0625865727134
              ],
              [
                -118.29681707535,
                34.0626150632358
              ],
              [
                -118.29699039809,
                34.063011432233
              ],
              [
                -118.297217840233,
                34.0633883740754
              ],
              [
                -118.297496327895,
                34.0637407914056
              ],
              [
                -118.297822094716,
                34.0640639178167
              ],
              [
                -118.298190734917,
                34.0643533844023
              ],
              [
                -118.298597264454,
                34.0646052746148
              ],
              [
                -118.299036183975,
                34.0648161827218
              ],
              [
                -118.299501558852,
                34.0649832560736
              ],
              [
                -118.299617945514,
                34.0650122556123
              ],
              [
                -118.299960557536,
                34.0651352558885
              ],
              [
                -118.300446094314,
                34.0652562344888
              ],
              [
                -118.300945224345,
                34.0653294824708
              ],
              [
                -118.301451198216,
                34.0653540087817
              ],
              [
                -118.301957172088,
                34.0653294824708
              ],
              [
                -118.302456302119,
                34.0652562344888
              ],
              [
                -118.302941838897,
                34.0651352558885
              ],
              [
                -118.303407213774,
                34.0649681825368
              ],
              [
                -118.303846135093,
                34.0647572744298
              ],
              [
                -118.304252664631,
                34.0645053842173
              ],
              [
                -118.30462130663,
                34.0642159176316
              ],
              [
                -118.304947073451,
                34.0638927912205
              ],
              [
                -118.304986256912,
                34.0638432053009
              ],
              [
                -118.305067816429,
                34.0639783734044
              ],
              [
                -118.305346305889,
                34.0643307907345
              ],
              [
                -118.305672074509,
                34.0646539171457
              ],
              [
                -118.306040718307,
                34.0649433837313
              ],
              [
                -118.306447249643,
                34.0651952739439
              ],
              [
                -118.306886172761,
                34.0654061820508
              ],
              [
                -118.307351551235,
                34.0655732545033
              ],
              [
                -118.307837089812,
                34.0656942331035
              ],
              [
                -118.308336222541,
                34.0657674810855
              ],
              [
                -118.30884219911,
                34.0657920082957
              ],
              [
                -118.30934817568,
                34.0657674810855
              ],
              [
                -118.309847308409,
                34.0656942331035
              ],
              [
                -118.310332846985,
                34.0655732545032
              ],
              [
                -118.31079822546,
                34.0654061820508
              ],
              [
                -118.311237148578,
                34.0651952739439
              ],
              [
                -118.311643679914,
                34.0649433837313
              ],
              [
                -118.312012323712,
                34.0646539171457
              ],
              [
                -118.312338092331,
                34.0643307907345
              ],
              [
                -118.312616581792,
                34.0639783734044
              ],
              [
                -118.312844025733,
                34.063601431562
              ],
              [
                -118.313017349373,
                34.0632050625647
              ],
              [
                -118.313134209079,
                34.0627946272714
              ],
              [
                -118.31319302564,
                34.0623756771969
              ],
              [
                -118.313193004056,
                34.0619538762715
              ],
              [
                -118.313134145227,
                34.0615349297944
              ],
              [
                -118.313119979106,
                34.0614851918893
              ],
              [
                -118.313119978207,
                34.0614588759276
              ],
              [
                -118.313061120277,
                34.0610399294504
              ],
              [
                -118.3129442219,
                34.0606295022509
              ],
              [
                -118.312770866784,
                34.0602331449448
              ],
              [
                -118.312543398561,
                34.0598562174916
              ],
              [
                -118.312264893812,
                34.0595038163492
              ],
              [
                -118.311939118897,
                34.0591807070251
              ],
              [
                -118.311570480495,
                34.058891258426
              ],
              [
                -118.311163963548,
                34.0586393844012
              ],
              [
                -118.310725063813,
                34.0584284924821
              ],
              [
                -118.310259718613,
                34.0582614317209
              ],
              [
                -118.309774218707,
                34.0581404630131
              ],
              [
                -118.309275129146,
                34.0580672213264
              ],
              [
                -118.308769198442,
                34.0580426968142
              ],
              [
                -118.308263267738,
                34.0580672213264
              ],
              [
                -118.307764178176,
                34.0581404630131
              ],
              [
                -118.307278678271,
                34.0582614317209
              ],
              [
                -118.306813333071,
                34.0584284924821
              ],
              [
                -118.306374433336,
                34.0586393844012
              ],
              [
                -118.305967916388,
                34.058891258426
              ],
              [
                -118.305599277986,
                34.0591807070252
              ],
              [
                -118.305273503072,
                34.0595038163492
              ],
              [
                -118.305087675258,
                34.0597389503934
              ],
              [
                -118.304946895385,
                34.0595608171791
              ],
              [
                -118.30462112047,
                34.0592377078551
              ],
              [
                -118.304252482069,
                34.0589482592559
              ],
              [
                -118.303845964222,
                34.0586963861305
              ],
              [
                -118.303760457581,
                34.0586552997035
              ],
              [
                -118.303723471163,
                34.0586262587959
              ],
              [
                -118.303316955116,
                34.0583743847712
              ],
              [
                -118.302878058078,
                34.0581634919527
              ],
              [
                -118.302412713778,
                34.0579964320908
              ],
              [
                -118.301927214771,
                34.0578754633832
              ],
              [
                -118.301428127009,
                34.057802220797
              ],
              [
                -118.300922198103,
                34.0577776971841
              ],
              [
                -118.300416269198,
                34.057802220797
              ],
              [
                -118.299917181435,
                34.0578754633831
              ],
              [
                -118.299431682428,
                34.0579964320909
              ],
              [
                -118.298966338128,
                34.0581634919528
              ]
            ]
          ],
          [
            [
              [
                -118.357357031604,
                34.1383447640008
              ],
              [
                -118.35762372106,
                34.1381844517522
              ],
              [
                -118.357678405236,
                34.138234534997
              ],
              [
                -118.357735952854,
                34.1382823501515
              ],
              [
                -118.357796226317,
                34.1383277830019
              ],
              [
                -118.357865589228,
                34.138382569701
              ],
              [
                -118.357940090865,
                34.1384324739806
              ],
              [
                -118.358019236601,
                34.1384771639911
              ],
              [
                -118.358102499433,
                34.138516342956
              ],
              [
                -118.358189322681,
                34.1385497491727
              ],
              [
                -118.358272607997,
                34.138575170309
              ],
              [
                -118.358247477341,
                34.1387538844853
              ],
              [
                -118.358247455758,
                34.1391756800148
              ],
              [
                -118.358250140234,
                34.1391947852123
              ],
              [
                -118.358247454858,
                34.1392138841146
              ],
              [
                -118.358247442268,
                34.1394615538088
              ],
              [
                -118.358238311451,
                34.1394913834218
              ],
              [
                -118.358124441092,
                34.139488842837
              ],
              [
                -118.358011001509,
                34.1394802273318
              ],
              [
                -118.357898463945,
                34.1394655746777
              ],
              [
                -118.357787287955,
                34.1394449424313
              ],
              [
                -118.357677933992,
                34.1394184187262
              ],
              [
                -118.357570854414,
                34.1393861132796
              ],
              [
                -118.357466488989,
                34.1393481555941
              ],
              [
                -118.357365270293,
                34.1393047066481
              ],
              [
                -118.357267617409,
                34.1392559427087
              ],
              [
                -118.357173929635,
                34.1392020670229
              ],
              [
                -118.35708459458,
                34.1391433008238
              ],
              [
                -118.356999982765,
                34.1390798860291
              ],
              [
                -118.357338864399,
                34.1384474099212
              ],
              [
                -118.35733920884,
                34.1384467633087
              ],
              [
                -118.357313664496,
                34.1384256993877
              ],
              [
                -118.357357031604,
                34.1383447640008
              ]
            ]
          ],
          [
            [
              [
                -118.355598206794,
                34.1442095110612
              ],
              [
                -118.355149372248,
                34.1436287342798
              ],
              [
                -118.354786760203,
                34.1430438035299
              ],
              [
                -118.356903898298,
                34.1431667768265
              ],
              [
                -118.359094559568,
                34.1431154507186
              ],
              [
                -118.35917592663,
                34.1430996685161
              ],
              [
                -118.359412844929,
                34.1431074548463
              ],
              [
                -118.359413000512,
                34.1430999904734
              ],
              [
                -118.359413974477,
                34.1430535764626
              ],
              [
                -118.359413976276,
                34.1430534919263
              ],
              [
                -118.359420967606,
                34.1427195700533
              ],
              [
                -118.359421255389,
                34.1427058248151
              ],
              [
                -118.359818631627,
                34.142715604043
              ],
              [
                -118.359901166907,
                34.1427803525324
              ],
              [
                -118.360308071462,
                34.143032240047
              ],
              [
                -118.360747396577,
                34.1432431454559
              ],
              [
                -118.361213200431,
                34.1434102161098
              ],
              [
                -118.361699184172,
                34.1435311938107
              ],
              [
                -118.362198774656,
                34.1436044399941
              ],
              [
                -118.362705214376,
                34.1436289663049
              ],
              [
                -118.363211654097,
                34.1436044399941
              ],
              [
                -118.36371124458,
                34.1435311938107
              ],
              [
                -118.364197228322,
                34.1434102161097
              ],
              [
                -118.364663032175,
                34.143243145456
              ],
              [
                -118.36510235729,
                34.143032240047
              ],
              [
                -118.365509261845,
                34.1427803525324
              ],
              [
                -118.365878242889,
                34.1424908904434
              ],
              [
                -118.366204310083,
                34.1421677676295
              ],
              [
                -118.366483054951,
                34.141815354796
              ],
              [
                -118.366710706636,
                34.1414384174502
              ],
              [
                -118.366884189456,
                34.1410420538489
              ],
              [
                -118.367001156181,
                34.1406316239515
              ],
              [
                -118.367060025802,
                34.1402126783735
              ],
              [
                -118.367060004218,
                34.1397908837435
              ],
              [
                -118.367001092329,
                34.1393719426622
              ],
              [
                -118.366978190193,
                34.1392916098211
              ],
              [
                -118.367016963564,
                34.1390156789316
              ],
              [
                -118.36701694198,
                34.1385938834021
              ],
              [
                -118.366958030091,
                34.1381749414216
              ],
              [
                -118.366841026494,
                34.1377645196181
              ],
              [
                -118.366667513997,
                34.1373681677079
              ],
              [
                -118.36643983893,
                34.1369912447513
              ],
              [
                -118.366161081471,
                34.1366388481055
              ],
              [
                -118.365835010679,
                34.1363157423787
              ],
              [
                -118.36546603773,
                34.1360262982762
              ],
              [
                -118.365059151161,
                34.1357744278487
              ],
              [
                -118.364619853925,
                34.1355635377282
              ],
              [
                -118.364154086044,
                34.135396479665
              ],
              [
                -118.363668145471,
                34.1352755118565
              ],
              [
                -118.363168602651,
                34.1352022710691
              ],
              [
                -118.362662213293,
                34.1351777465569
              ],
              [
                -118.362155823934,
                34.1352022710691
              ],
              [
                -118.361656281115,
                34.1352755118565
              ],
              [
                -118.361170340541,
                34.135396479665
              ],
              [
                -118.36070457266,
                34.1355635377282
              ],
              [
                -118.360265275424,
                34.1357744278487
              ],
              [
                -118.359858388856,
                34.1360262982762
              ],
              [
                -118.359489415906,
                34.1363157423787
              ],
              [
                -118.359163345114,
                34.1366388481055
              ],
              [
                -118.358884587656,
                34.1369912447513
              ],
              [
                -118.358656912589,
                34.1373681677079
              ],
              [
                -118.358483400091,
                34.1377645196181
              ],
              [
                -118.358464660018,
                34.1378302564623
              ],
              [
                -118.358423392827,
                34.1379245207012
              ],
              [
                -118.358395827707,
                34.1380212122103
              ],
              [
                -118.357806268147,
                34.1379869453424
              ],
              [
                -118.357836095961,
                34.1376321529027
              ],
              [
                -118.357772352015,
                34.1375628889173
              ],
              [
                -118.35775058932,
                34.1375065355992
              ],
              [
                -118.357722963946,
                34.137323118868
              ],
              [
                -118.357695528328,
                34.1372554143071
              ],
              [
                -118.357639123749,
                34.1371777731369
              ],
              [
                -118.357609079198,
                34.1371016392305
              ],
              [
                -118.357594300639,
                34.1370016274244
              ],
              [
                -118.35761527103,
                34.1367521806698
              ],
              [
                -118.357605775988,
                34.1367075608065
              ],
              [
                -118.357483948428,
                34.1365806646671
              ],
              [
                -118.357422039997,
                34.136528854724
              ],
              [
                -118.357364866497,
                34.1364208596361
              ],
              [
                -118.357365809886,
                34.1362914382005
              ],
              [
                -118.35726101009,
                34.136224676129
              ],
              [
                -118.357024419144,
                34.1355003657504
              ],
              [
                -118.357008156703,
                34.1354375490048
              ],
              [
                -118.35700000255,
                34.1353736503748
              ],
              [
                -118.357000052013,
                34.1353093938147
              ],
              [
                -118.357008303293,
                34.1352455050772
              ],
              [
                -118.35702466286,
                34.1351827072174
              ],
              [
                -118.357048945455,
                34.135121706203
              ],
              [
                -118.357066604542,
                34.1350841649035
              ],
              [
                -118.35556280678,
                34.1345896052273
              ],
              [
                -118.356069242004,
                34.1340541749614
              ],
              [
                -118.356642171301,
                34.1335545817797
              ],
              [
                -118.357269608508,
                34.1331025348553
              ],
              [
                -118.357945872606,
                34.1327021261034
              ],
              [
                -118.358664839213,
                34.1323569815906
              ],
              [
                -118.359419998137,
                34.132070226461
              ],
              [
                -118.36020451273,
                34.1318444561578
              ],
              [
                -118.36101127835,
                34.1316817157397
              ],
              [
                -118.361832992501,
                34.1315834782961
              ],
              [
                -118.362662213293,
                34.1315506332563
              ],
              [
                -118.363491434085,
                34.1315834782961
              ],
              [
                -118.364313148235,
                34.1316817157397
              ],
              [
                -118.365119913855,
                34.1318444561579
              ],
              [
                -118.365904428449,
                34.132070226461
              ],
              [
                -118.366659587372,
                34.1323569815905
              ],
              [
                -118.367378553979,
                34.1327021261034
              ],
              [
                -118.368054818077,
                34.1331025348553
              ],
              [
                -118.368682255284,
                34.1335545817797
              ],
              [
                -118.369255184581,
                34.1340541749614
              ],
              [
                -118.369768415982,
                34.1345967908104
              ],
              [
                -118.370217302688,
                34.1351775145318
              ],
              [
                -118.370597777967,
                34.1357910886889
              ],
              [
                -118.370906395616,
                34.1364319581695
              ],
              [
                -118.371140358743,
                34.1370943178497
              ],
              [
                -118.371297546747,
                34.13777217105
              ],
              [
                -118.371376535101,
                34.1384593789983
              ],
              [
                -118.371376606148,
                34.1391497183859
              ],
              [
                -118.371369021265,
                34.1392158275496
              ],
              [
                -118.371419659392,
                34.1396563793396
              ],
              [
                -118.371419729539,
                34.1403467187273
              ],
              [
                -118.37134087968,
                34.1410339374674
              ],
              [
                -118.371183821179,
                34.1417118122515
              ],
              [
                -118.370949974064,
                34.1423742034079
              ],
              [
                -118.370641454442,
                34.1430151124586
              ],
              [
                -118.370261056505,
                34.1436287342798
              ],
              [
                -118.369812221959,
                34.1442095110613
              ],
              [
                -118.369299015739,
                34.1447521826683
              ],
              [
                -118.368726085543,
                34.1452518334066
              ],
              [
                -118.368098619558,
                34.1457039387869
              ],
              [
                -118.367422299701,
                34.1461044014981
              ],
              [
                -118.366703252155,
                34.1464495963729
              ],
              [
                -118.36594798981,
                34.1467363955694
              ],
              [
                -118.365163352909,
                34.1469622018453
              ],
              [
                -118.364356449693,
                34.1471249683438
              ],
              [
                -118.363534588053,
                34.1472232219753
              ],
              [
                -118.362705214376,
                34.1472560724109
              ],
              [
                -118.3618758407,
                34.1472232219753
              ],
              [
                -118.36105397906,
                34.1471249683438
              ],
              [
                -118.360247075844,
                34.1469622018453
              ],
              [
                -118.359462438943,
                34.1467363955693
              ],
              [
                -118.358707176597,
                34.1464495963729
              ],
              [
                -118.357988129051,
                34.1461044014981
              ],
              [
                -118.357311809195,
                34.1457039387869
              ],
              [
                -118.35668434321,
                34.1452518334066
              ],
              [
                -118.356111413013,
                34.1447521826683
              ],
              [
                -118.355598206794,
                34.1442095110612
              ]
            ]
          ],
          [
            [
              [
                -118.441372297895,
                34.1552485003192
              ],
              [
                -118.440923404893,
                34.1546677253364
              ],
              [
                -118.440542957494,
                34.1540541044145
              ],
              [
                -118.440234398301,
                34.1534131962632
              ],
              [
                -118.44000052061,
                34.152750806006
              ],
              [
                -118.439843441424,
                34.1520729330206
              ],
              [
                -118.439764580773,
                34.1513857151797
              ],
              [
                -118.439764651819,
                34.1506953775908
              ],
              [
                -118.439843650966,
                34.1500081705418
              ],
              [
                -118.440000862352,
                34.1493303191401
              ],
              [
                -118.440234858754,
                34.1486679603592
              ],
              [
                -118.440543520469,
                34.1480270926773
              ],
              [
                -118.440924051506,
                34.1474135194195
              ],
              [
                -118.441373002964,
                34.1468327965975
              ],
              [
                -118.441886309008,
                34.1462901825471
              ],
              [
                -118.442459320144,
                34.1457905902647
              ],
              [
                -118.443086848182,
                34.1453385442396
              ],
              [
                -118.443763209407,
                34.144938136387
              ],
              [
                -118.444482279436,
                34.1445929918742
              ],
              [
                -118.445237548077,
                34.1443062376439
              ],
              [
                -118.446022175085,
                34.1440804682402
              ],
              [
                -118.446829057617,
                34.143917727822
              ],
              [
                -118.447650889579,
                34.1438194903783
              ],
              [
                -118.448480229981,
                34.1437866462379
              ],
              [
                -118.449309570382,
                34.1438194903783
              ],
              [
                -118.450131402344,
                34.143917727822
              ],
              [
                -118.450938284876,
                34.1440804682401
              ],
              [
                -118.451722911885,
                34.1443062376439
              ],
              [
                -118.452478180526,
                34.1445929918742
              ],
              [
                -118.453197250555,
                34.144938136387
              ],
              [
                -118.45387361178,
                34.1453385442396
              ],
              [
                -118.454501139818,
                34.1457905902647
              ],
              [
                -118.455074150953,
                34.1462901825471
              ],
              [
                -118.455587456998,
                34.1468327965975
              ],
              [
                -118.456036408456,
                34.1474135194195
              ],
              [
                -118.456416939492,
                34.1480270926773
              ],
              [
                -118.456725601208,
                34.1486679603592
              ],
              [
                -118.456959597609,
                34.1493303191401
              ],
              [
                -118.457116808996,
                34.1500081705418
              ],
              [
                -118.457195808142,
                34.1506953775907
              ],
              [
                -118.457195879189,
                34.1513857151798
              ],
              [
                -118.457117018538,
                34.1520729330206
              ],
              [
                -118.456959939352,
                34.152750806006
              ],
              [
                -118.456726061661,
                34.1534131962631
              ],
              [
                -118.456417502468,
                34.1540541044145
              ],
              [
                -118.456037055068,
                34.1546677253364
              ],
              [
                -118.455588162066,
                34.1552485003192
              ],
              [
                -118.455074889297,
                34.1557911710269
              ],
              [
                -118.454501884457,
                34.1562908217652
              ],
              [
                -118.453874336633,
                34.1567429253469
              ],
              [
                -118.453197928644,
                34.157143388058
              ],
              [
                -118.452478787568,
                34.1574885820336
              ],
              [
                -118.451723427197,
                34.15777538123
              ],
              [
                -118.450938687772,
                34.1580011866066
              ],
              [
                -118.450131679336,
                34.1581639531051
              ],
              [
                -118.449309711576,
                34.1582622067366
              ],
              [
                -118.448480229981,
                34.1582950571723
              ],
              [
                -118.447650748385,
                34.1582622067367
              ],
              [
                -118.446828780626,
                34.1581639531051
              ],
              [
                -118.446021772189,
                34.1580011866066
              ],
              [
                -118.445237032765,
                34.15777538123
              ],
              [
                -118.444481672393,
                34.1574885820336
              ],
              [
                -118.443762531318,
                34.1571433880581
              ],
              [
                -118.443086123328,
                34.1567429253469
              ],
              [
                -118.442458575505,
                34.1562908217652
              ],
              [
                -118.441885570665,
                34.1557911710268
              ],
              [
                -118.441372297895,
                34.1552485003192
              ]
            ]
          ],
          [
            [
              [
                -118.448986693083,
                34.1474382759568
              ],
              [
                -118.448480229981,
                34.1474137514447
              ],
              [
                -118.447973766878,
                34.1474382759568
              ],
              [
                -118.447474153012,
                34.1475115167443
              ],
              [
                -118.446988142291,
                34.1476324836534
              ],
              [
                -118.446522306961,
                34.1477995417166
              ],
              [
                -118.446082945873,
                34.1480104318371
              ],
              [
                -118.445676000849,
                34.1482623013653
              ],
              [
                -118.445306974839,
                34.1485517454678
              ],
              [
                -118.444980857283,
                34.1488748502952
              ],
              [
                -118.444702060254,
                34.1492272460417
              ],
              [
                -118.444474351912,
                34.149604168099
              ],
              [
                -118.444300814233,
                34.1500005200092
              ],
              [
                -118.444183793549,
                34.1504109409133
              ],
              [
                -118.444124873566,
                34.1508298810953
              ],
              [
                -118.444124851982,
                34.1512516757254
              ],
              [
                -118.444183729697,
                34.151670620404
              ],
              [
                -118.444300711711,
                34.1520810494021
              ],
              [
                -118.444474216114,
                34.1524774121041
              ],
              [
                -118.444701898376,
                34.1528543485505
              ],
              [
                -118.444980679217,
                34.1532067613841
              ],
              [
                -118.44530678868,
                34.1535298832987
              ],
              [
                -118.445675817387,
                34.1538193453876
              ],
              [
                -118.446082775002,
                34.1540712320029
              ],
              [
                -118.446522157674,
                34.1542821365125
              ],
              [
                -118.446988021782,
                34.1544492071663
              ],
              [
                -118.447474069375,
                34.154570183968
              ],
              [
                -118.44797372461,
                34.1546434310507
              ],
              [
                -118.448480229981,
                34.1546679573615
              ],
              [
                -118.448986735352,
                34.1546434310507
              ],
              [
                -118.449486390587,
                34.154570183968
              ],
              [
                -118.44997243818,
                34.1544492071663
              ],
              [
                -118.450438302288,
                34.1542821365125
              ],
              [
                -118.450877684959,
                34.1540712320029
              ],
              [
                -118.451284642574,
                34.1538193453876
              ],
              [
                -118.451653671282,
                34.1535298832987
              ],
              [
                -118.451979780744,
                34.1532067613841
              ],
              [
                -118.452258561585,
                34.1528543485505
              ],
              [
                -118.452486243847,
                34.152477412104
              ],
              [
                -118.452659748251,
                34.1520810494021
              ],
              [
                -118.452776730264,
                34.151670620404
              ],
              [
                -118.452835607979,
                34.1512516757254
              ],
              [
                -118.452835586395,
                34.1508298810953
              ],
              [
                -118.452776666412,
                34.1504109409133
              ],
              [
                -118.452659645728,
                34.1500005200092
              ],
              [
                -118.45248610805,
                34.149604168099
              ],
              [
                -118.452258399707,
                34.1492272460417
              ],
              [
                -118.451979602679,
                34.1488748502952
              ],
              [
                -118.451653485122,
                34.1485517454678
              ],
              [
                -118.451284459113,
                34.1482623013653
              ],
              [
                -118.450877514088,
                34.1480104318371
              ],
              [
                -118.450438153,
                34.1477995417166
              ],
              [
                -118.44997231767,
                34.1476324836534
              ],
              [
                -118.44948630695,
                34.1475115167443
              ],
              [
                -118.448986693083,
                34.1474382759568
              ]
            ]
          ],
          [
            [
              [
                -118.369412798864,
                34.1730024943707
              ],
              [
                -118.368963812332,
                34.1724217202873
              ],
              [
                -118.368583284893,
                34.1718081011641
              ],
              [
                -118.368274660949,
                34.1711671957106
              ],
              [
                -118.368040734694,
                34.1705048072522
              ],
              [
                -118.367883622234,
                34.1698269351661
              ],
              [
                -118.367804745395,
                34.1691397200232
              ],
              [
                -118.367804816441,
                34.1684493842328
              ],
              [
                -118.367883832675,
                34.1677621789825
              ],
              [
                -118.368041076437,
                34.1670843293794
              ],
              [
                -118.368275122301,
                34.1664219723973
              ],
              [
                -118.368583848768,
                34.165781106514
              ],
              [
                -118.368964458945,
                34.1651675350548
              ],
              [
                -118.369413504832,
                34.1645868140314
              ],
              [
                -118.369926917895,
                34.1640442017797
              ],
              [
                -118.370088757192,
                34.1639031296269
              ],
              [
                -118.370224939731,
                34.1637592012273
              ],
              [
                -118.370798069577,
                34.1632596107436
              ],
              [
                -118.371425726218,
                34.1628075656178
              ],
              [
                -118.372102226838,
                34.1624071586646
              ],
              [
                -118.372821445256,
                34.1620620159505
              ],
              [
                -118.37357686858,
                34.1617752617202
              ],
              [
                -118.374361657467,
                34.1615494932157
              ],
              [
                -118.375168706373,
                34.1613867536969
              ],
              [
                -118.375990707407,
                34.1612885162532
              ],
              [
                -118.37682021868,
                34.1612556721127
              ],
              [
                -118.377025194859,
                34.1612637884942
              ],
              [
                -118.377169707818,
                34.1612465170143
              ],
              [
                -118.377999219091,
                34.1612136719745
              ],
              [
                -118.378828730364,
                34.1612465170143
              ],
              [
                -118.379650730499,
                34.161344754458
              ],
              [
                -118.380457778506,
                34.1615074939768
              ],
              [
                -118.381242567393,
                34.1617332624812
              ],
              [
                -118.381997990717,
                34.1620200167116
              ],
              [
                -118.382717208235,
                34.1623651594257
              ],
              [
                -118.383393708855,
                34.1627655654796
              ],
              [
                -118.384021365496,
                34.1632176115047
              ],
              [
                -118.384594495342,
                34.1637172019884
              ],
              [
                -118.385107906607,
                34.1642598142402
              ],
              [
                -118.385556949795,
                34.1648405352637
              ],
              [
                -118.385937559073,
                34.1654541067228
              ],
              [
                -118.386246283741,
                34.1660949726061
              ],
              [
                -118.386480328706,
                34.1667573295882
              ],
              [
                -118.386637572468,
                34.1674351791913
              ],
              [
                -118.386716587802,
                34.1681223844417
              ],
              [
                -118.386716658849,
                34.168812720232
              ],
              [
                -118.386637782909,
                34.1694999353749
              ],
              [
                -118.386480671348,
                34.170177807461
              ],
              [
                -118.386246745993,
                34.1708401959195
              ],
              [
                -118.385938122948,
                34.1714811013729
              ],
              [
                -118.385557596408,
                34.1720947204961
              ],
              [
                -118.385108611675,
                34.1726754945796
              ],
              [
                -118.384595233685,
                34.1732181634886
              ],
              [
                -118.384022111034,
                34.1737178124283
              ],
              [
                -118.383394434608,
                34.1741699151106
              ],
              [
                -118.382717887223,
                34.1745703769225
              ],
              [
                -118.381998598659,
                34.1749155699987
              ],
              [
                -118.381880754196,
                34.1749603049753
              ],
              [
                -118.381530920618,
                34.175167375675
              ],
              [
                -118.380811626657,
                34.1755125687512
              ],
              [
                -118.380056105307,
                34.1757993670483
              ],
              [
                -118.379271200408,
                34.1760251715256
              ],
              [
                -118.3784640202,
                34.1761879380241
              ],
              [
                -118.377641877073,
                34.1762861907562
              ],
              [
                -118.376812219211,
                34.1763190411919
              ],
              [
                -118.375982561348,
                34.1762861907563
              ],
              [
                -118.375160418221,
                34.1761879380241
              ],
              [
                -118.374353238014,
                34.1760251715256
              ],
              [
                -118.373568333114,
                34.1757993670483
              ],
              [
                -118.372812811764,
                34.1755125687512
              ],
              [
                -118.372093517804,
                34.175167375675
              ],
              [
                -118.371416965922,
                34.1747669138631
              ],
              [
                -118.370789285,
                34.1743148111808
              ],
              [
                -118.370216157852,
                34.1738151631404
              ],
              [
                -118.370123328931,
                34.1737170390113
              ],
              [
                -118.369926178652,
                34.1735451632798
              ],
              [
                -118.369412798864,
                34.1730024943707
              ]
            ]
          ],
          [
            [
              [
                -118.378505785616,
                34.164865291801
              ],
              [
                -118.377999219091,
                34.164840768188
              ],
              [
                -118.377492652566,
                34.164865291801
              ],
              [
                -118.377236061597,
                34.1649028996503
              ],
              [
                -118.37682021868,
                34.1648827674269
              ],
              [
                -118.376313652155,
                34.1649072910398
              ],
              [
                -118.375813933968,
                34.1649805318272
              ],
              [
                -118.375327823422,
                34.1651014987363
              ],
              [
                -118.374861892764,
                34.1652685559003
              ],
              [
                -118.374422440845,
                34.1654794451215
              ],
              [
                -118.374015412184,
                34.1657313146496
              ],
              [
                -118.373646309732,
                34.1660207578529
              ],
              [
                -118.373397699346,
                34.166267020108
              ],
              [
                -118.373348300486,
                34.1663057584052
              ],
              [
                -118.373022114581,
                34.166628861434
              ],
              [
                -118.372743258197,
                34.1669812571804
              ],
              [
                -118.37251550309,
                34.1673581783384
              ],
              [
                -118.372341928539,
                34.1677545284498
              ],
              [
                -118.372224883574,
                34.1681649484547
              ],
              [
                -118.372165951,
                34.1685838877374
              ],
              [
                -118.372165929416,
                34.1690056805688
              ],
              [
                -118.372224819722,
                34.1694246243481
              ],
              [
                -118.372341826017,
                34.1698350524469
              ],
              [
                -118.372515367292,
                34.1702314133502
              ],
              [
                -118.372743096319,
                34.1706083488973
              ],
              [
                -118.373021935616,
                34.1709607608316
              ],
              [
                -118.373348113427,
                34.1712838818469
              ],
              [
                -118.373431790847,
                34.1713495035779
              ],
              [
                -118.373638103418,
                34.1715538817074
              ],
              [
                -118.374007210367,
                34.1718433428971
              ],
              [
                -118.374414254316,
                34.1720952286131
              ],
              [
                -118.374853730517,
                34.1723061331227
              ],
              [
                -118.37531969445,
                34.1724732028772
              ],
              [
                -118.375805844566,
                34.1725941796788
              ],
              [
                -118.376305605921,
                34.1726674258622
              ],
              [
                -118.376812219211,
                34.172691952173
              ],
              [
                -118.3773188325,
                34.1726674258621
              ],
              [
                -118.377818593855,
                34.1725941796788
              ],
              [
                -118.378304743971,
                34.1724732028771
              ],
              [
                -118.378770707904,
                34.1723061331227
              ],
              [
                -118.379210184105,
                34.1720952286131
              ],
              [
                -118.379617228055,
                34.1718433428971
              ],
              [
                -118.379645734765,
                34.1718209866504
              ],
              [
                -118.379957694294,
                34.1717091334709
              ],
              [
                -118.380397166898,
                34.1714982289613
              ],
              [
                -118.38080420815,
                34.1712463432453
              ],
              [
                -118.381173312401,
                34.1709568820556
              ],
              [
                -118.381499489312,
                34.1706337610404
              ],
              [
                -118.38177832681,
                34.1702813491062
              ],
              [
                -118.382006055837,
                34.1699044144583
              ],
              [
                -118.382179596214,
                34.1695080526557
              ],
              [
                -118.382296602508,
                34.1690976245569
              ],
              [
                -118.382355491915,
                34.1686786807777
              ],
              [
                -118.382355470331,
                34.1682568879461
              ],
              [
                -118.382296538656,
                34.1678379486636
              ],
              [
                -118.382179493691,
                34.1674275286587
              ],
              [
                -118.382005920039,
                34.1670311785472
              ],
              [
                -118.381778165832,
                34.1666542573892
              ],
              [
                -118.381499310347,
                34.1663018616428
              ],
              [
                -118.381173126241,
                34.165978758614
              ],
              [
                -118.380804023789,
                34.1656893154107
              ],
              [
                -118.380396995127,
                34.1654374458826
              ],
              [
                -118.379957544108,
                34.1652265566614
              ],
              [
                -118.379491613449,
                34.1650594994975
              ],
              [
                -118.379005502904,
                34.1649385325884
              ],
              [
                -118.378505785616,
                34.164865291801
              ]
            ]
          ],
          [
            [
              [
                -118.441618567345,
                34.1858781456611
              ],
              [
                -118.441169512465,
                34.1852973724769
              ],
              [
                -118.440961421934,
                34.1849618686964
              ],
              [
                -118.440725597211,
                34.1847126242893
              ],
              [
                -118.440276548626,
                34.1841318511052
              ],
              [
                -118.439895968127,
                34.1835182328813
              ],
              [
                -118.439587301915,
                34.1828773283272
              ],
              [
                -118.439353343284,
                34.1822149416674
              ],
              [
                -118.43919620924,
                34.1815370713799
              ],
              [
                -118.439117321609,
                34.1808498571363
              ],
              [
                -118.439117392656,
                34.1801595222453
              ],
              [
                -118.439196419681,
                34.1794723187936
              ],
              [
                -118.439353685926,
                34.1787944700899
              ],
              [
                -118.439587764166,
                34.1781321149063
              ],
              [
                -118.439896532901,
                34.1774912508217
              ],
              [
                -118.440277195238,
                34.1768776802619
              ],
              [
                -118.440726303178,
                34.1762969601378
              ],
              [
                -118.441239787288,
                34.1757543487853
              ],
              [
                -118.441812998074,
                34.1752547592009
              ],
              [
                -118.442440744647,
                34.1748027149745
              ],
              [
                -118.442595622292,
                34.1747110596688
              ],
              [
                -118.442706275776,
                34.1746146163726
              ],
              [
                -118.443334016953,
                34.1741625721462
              ],
              [
                -118.444010608405,
                34.1737621660922
              ],
              [
                -118.44472992305,
                34.1734170242774
              ],
              [
                -118.445485447098,
                34.1731302709464
              ],
              [
                -118.446270341205,
                34.172904502442
              ],
              [
                -118.44707749803,
                34.1727417629232
              ],
              [
                -118.447899608782,
                34.1726435263787
              ],
              [
                -118.448729231571,
                34.172610681339
              ],
              [
                -118.44955885436,
                34.1726435263788
              ],
              [
                -118.450380965112,
                34.1727417629232
              ],
              [
                -118.451188121936,
                34.172904502442
              ],
              [
                -118.451973016044,
                34.1731302709464
              ],
              [
                -118.452728540092,
                34.1734170242774
              ],
              [
                -118.453447854737,
                34.1737621660923
              ],
              [
                -118.454124446188,
                34.1741625721462
              ],
              [
                -118.454752187366,
                34.1746146163726
              ],
              [
                -118.455325393654,
                34.175114205957
              ],
              [
                -118.455838874167,
                34.1756568182087
              ],
              [
                -118.456287978509,
                34.1762375383329
              ],
              [
                -118.456668638149,
                34.1768511079934
              ],
              [
                -118.456977405085,
                34.1774919729773
              ],
              [
                -118.457211481527,
                34.1781543281609
              ],
              [
                -118.457368745973,
                34.1788321768646
              ],
              [
                -118.457447772099,
                34.1795193803163
              ],
              [
                -118.457447843146,
                34.1802097152073
              ],
              [
                -118.457383745765,
                34.1807680970712
              ],
              [
                -118.457447794582,
                34.1813250445163
              ],
              [
                -118.457447865629,
                34.1820153794074
              ],
              [
                -118.457368977099,
                34.1827025936509
              ],
              [
                -118.457211841256,
                34.1833804639385
              ],
              [
                -118.456977879028,
                34.1840428505982
              ],
              [
                -118.456669208319,
                34.1846837551523
              ],
              [
                -118.456288623323,
                34.1852973724769
              ],
              [
                -118.455839568443,
                34.185878145661
              ],
              [
                -118.455326110414,
                34.1864208136707
              ],
              [
                -118.454752898729,
                34.1869204608118
              ],
              [
                -118.454125123378,
                34.1873725625948
              ],
              [
                -118.453448471672,
                34.1877730235074
              ],
              [
                -118.452729070692,
                34.1881182156843
              ],
              [
                -118.451973436927,
                34.188405013082
              ],
              [
                -118.451188414216,
                34.1886308175594
              ],
              [
                -118.450381114399,
                34.1887935831585
              ],
              [
                -118.449558848964,
                34.18889183679
              ],
              [
                -118.448729067894,
                34.1889246872257
              ],
              [
                -118.447899286825,
                34.18889183679
              ],
              [
                -118.44707702139,
                34.1887935831585
              ],
              [
                -118.446269721573,
                34.1886308175594
              ],
              [
                -118.445484698862,
                34.1884050130821
              ],
              [
                -118.444729065096,
                34.1881182156843
              ],
              [
                -118.444009664117,
                34.1877730235074
              ],
              [
                -118.443333012411,
                34.1873725625949
              ],
              [
                -118.442705237059,
                34.1869204608118
              ],
              [
                -118.442132025375,
                34.1864208136707
              ],
              [
                -118.441618567345,
                34.1858781456611
              ]
            ]
          ],
          [
            [
              [
                -118.449235866444,
                34.1762622948701
              ],
              [
                -118.448729231571,
                34.176237770358
              ],
              [
                -118.448222596698,
                34.1762622948701
              ],
              [
                -118.44772281286,
                34.1763355356576
              ],
              [
                -118.447236636664,
                34.1764565016674
              ],
              [
                -118.446770643053,
                34.1766235588313
              ],
              [
                -118.446331132678,
                34.1768344471531
              ],
              [
                -118.445924050057,
                34.177086315782
              ],
              [
                -118.445554898142,
                34.1773757589853
              ],
              [
                -118.445471300762,
                34.1774585550694
              ],
              [
                -118.445437882854,
                34.1774745899815
              ],
              [
                -118.445030796636,
                34.1777264586104
              ],
              [
                -118.444661642023,
                34.1780159009142
              ],
              [
                -118.444335411152,
                34.178339003943
              ],
              [
                -118.444056516997,
                34.1786913987901
              ],
              [
                -118.443828729514,
                34.1790683190488
              ],
              [
                -118.443655131581,
                34.179464668261
              ],
              [
                -118.443538070428,
                34.1798750873665
              ],
              [
                -118.44347912976,
                34.1802940257499
              ],
              [
                -118.443479108176,
                34.1807158185813
              ],
              [
                -118.443538006576,
                34.1811347605619
              ],
              [
                -118.443655029058,
                34.1815451877614
              ],
              [
                -118.443828593717,
                34.1819415486647
              ],
              [
                -118.444056355119,
                34.1823184833125
              ],
              [
                -118.444335232187,
                34.1826708943474
              ],
              [
                -118.444661455864,
                34.1829940153626
              ],
              [
                -118.444677665244,
                34.1830067254811
              ],
              [
                -118.444721607019,
                34.1831070709357
              ],
              [
                -118.444949371119,
                34.1834840055835
              ],
              [
                -118.445228252684,
                34.1838364166185
              ],
              [
                -118.445554479957,
                34.1841595367343
              ],
              [
                -118.445923642664,
                34.1844489970247
              ],
              [
                -118.446330746869,
                34.1847008827407
              ],
              [
                -118.446770287821,
                34.184911786351
              ],
              [
                -118.447236321001,
                34.1850788561055
              ],
              [
                -118.447722543962,
                34.1851998329071
              ],
              [
                -118.448222379062,
                34.1852730790905
              ],
              [
                -118.448729067894,
                34.1852976054013
              ],
              [
                -118.449235756727,
                34.1852730790905
              ],
              [
                -118.449735591826,
                34.1851998329071
              ],
              [
                -118.450221814787,
                34.1850788561055
              ],
              [
                -118.450687847968,
                34.184911786351
              ],
              [
                -118.45112738892,
                34.1847008827407
              ],
              [
                -118.451534493124,
                34.1844489970247
              ],
              [
                -118.451903655831,
                34.1841595367344
              ],
              [
                -118.452229883105,
                34.1838364166185
              ],
              [
                -118.45250876467,
                34.1834840055836
              ],
              [
                -118.45273652877,
                34.1831070709357
              ],
              [
                -118.452910096126,
                34.1827107100324
              ],
              [
                -118.453027120407,
                34.1823002828329
              ],
              [
                -118.453086019706,
                34.1818813408523
              ],
              [
                -118.453085998122,
                34.1814595480209
              ],
              [
                -118.453027056555,
                34.1810406096375
              ],
              [
                -118.452949273292,
                34.1807679037169
              ],
              [
                -118.453027192353,
                34.1804946195323
              ],
              [
                -118.453086089853,
                34.1800756766523
              ],
              [
                -118.45308606827,
                34.1796538838208
              ],
              [
                -118.453027128501,
                34.1792349454376
              ],
              [
                -118.452910068247,
                34.178824526332
              ],
              [
                -118.452736471213,
                34.1784281771198
              ],
              [
                -118.45250868553,
                34.1780512559619
              ],
              [
                -118.452229793172,
                34.177698862014
              ],
              [
                -118.451903565,
                34.1773757589853
              ],
              [
                -118.451534413085,
                34.177086315782
              ],
              [
                -118.451127330464,
                34.1768344471532
              ],
              [
                -118.450687820089,
                34.1766235588313
              ],
              [
                -118.450221826478,
                34.1764565016674
              ],
              [
                -118.449735650282,
                34.1763355356576
              ],
              [
                -118.449235866444,
                34.1762622948701
              ]
            ]
          ],
          [
            [
              [
                -118.441656403622,
                34.2159279216374
              ],
              [
                -118.441207190462,
                34.2153471520506
              ],
              [
                -118.440826469668,
                34.214733537424
              ],
              [
                -118.440819249911,
                34.2147185529201
              ],
              [
                -118.440478329513,
                34.2141690797404
              ],
              [
                -118.440169550886,
                34.2135281787836
              ],
              [
                -118.43993550772,
                34.2128657948217
              ],
              [
                -118.439778317917,
                34.2121879281316
              ],
              [
                -118.439699401508,
                34.2115007174853
              ],
              [
                -118.439699472555,
                34.2108103861915
              ],
              [
                -118.439778528359,
                34.2101231863371
              ],
              [
                -118.439935851261,
                34.2094453412307
              ],
              [
                -118.440170014037,
                34.2087829887451
              ],
              [
                -118.440478895187,
                34.2081421273584
              ],
              [
                -118.440859695121,
                34.2075285603959
              ],
              [
                -118.441308964939,
                34.2069478429698
              ],
              [
                -118.441822635209,
                34.2064052343153
              ],
              [
                -118.442396053737,
                34.2059056474288
              ],
              [
                -118.443024026939,
                34.205453605001
              ],
              [
                -118.443700868402,
                34.2050532016451
              ],
              [
                -118.444420448347,
                34.2047080607296
              ],
              [
                -118.445176252084,
                34.2044213091972
              ],
              [
                -118.445961435774,
                34.2041955415921
              ],
              [
                -118.446768891173,
                34.204032803872
              ],
              [
                -118.447591305896,
                34.2039345673276
              ],
              [
                -118.448421234455,
                34.2039017231872
              ],
              [
                -118.449251163013,
                34.2039345673276
              ],
              [
                -118.450073577736,
                34.204032803872
              ],
              [
                -118.450881033135,
                34.2041955415921
              ],
              [
                -118.451666216825,
                34.2044213091972
              ],
              [
                -118.452422020562,
                34.2047080607296
              ],
              [
                -118.453141600507,
                34.2050532016451
              ],
              [
                -118.45381844197,
                34.205453605001
              ],
              [
                -118.454446415172,
                34.2059056474289
              ],
              [
                -118.4550198337,
                34.2064052343153
              ],
              [
                -118.455223888074,
                34.206620785622
              ],
              [
                -118.455681256287,
                34.2070192617307
              ],
              [
                -118.456194930154,
                34.2075618703851
              ],
              [
                -118.456644203569,
                34.208142586912
              ],
              [
                -118.457025006201,
                34.2087561538745
              ],
              [
                -118.457333890049,
                34.2093970152612
              ],
              [
                -118.457568054624,
                34.2100593677467
              ],
              [
                -118.457725378426,
                34.2107372128533
              ],
              [
                -118.457804434229,
                34.2114244127076
              ],
              [
                -118.457804505276,
                34.2121147440014
              ],
              [
                -118.457725588867,
                34.2128019546476
              ],
              [
                -118.457568397266,
                34.2134798213379
              ],
              [
                -118.457334352301,
                34.2141422052997
              ],
              [
                -118.457025571875,
                34.2147831062565
              ],
              [
                -118.456644851081,
                34.2153967208831
              ],
              [
                -118.456195637021,
                34.21597749047
              ],
              [
                -118.455681996429,
                34.2165201557817
              ],
              [
                -118.455108581498,
                34.2170198011241
              ],
              [
                -118.454480583115,
                34.2174719011085
              ],
              [
                -118.45380369039,
                34.2178723602224
              ],
              [
                -118.453084034003,
                34.2182175506006
              ],
              [
                -118.45232813134,
                34.2185043470991
              ],
              [
                -118.45154282984,
                34.2187301497777
              ],
              [
                -118.450735243139,
                34.2188929153769
              ],
              [
                -118.449912686324,
                34.2189911672098
              ],
              [
                -118.449082609377,
                34.2190240176454
              ],
              [
                -118.448252532431,
                34.2189911672097
              ],
              [
                -118.447429975615,
                34.2188929153769
              ],
              [
                -118.447281858173,
                34.2188630632809
              ],
              [
                -118.447116794806,
                34.2188433465444
              ],
              [
                -118.446309208106,
                34.2186805809452
              ],
              [
                -118.445523907504,
                34.2184547782666
              ],
              [
                -118.444768005741,
                34.2181679817681
              ],
              [
                -118.444048349354,
                34.2178227913899
              ],
              [
                -118.44337145663,
                34.2174223322759
              ],
              [
                -118.442743459145,
                34.2169702322916
              ],
              [
                -118.442170044214,
                34.2164705869492
              ],
              [
                -118.441656403622,
                34.2159279216374
              ]
            ]
          ],
          [
            [
              [
                -118.448928056387,
                34.2075533169332
              ],
              [
                -118.448421234455,
                34.2075287933203
              ],
              [
                -118.447914412522,
                34.2075533169332
              ],
              [
                -118.447414443424,
                34.2076265577206
              ],
              [
                -118.446928088263,
                34.2077475237303
              ],
              [
                -118.446461921982,
                34.2079145790957
              ],
              [
                -118.446022249729,
                34.2081254674175
              ],
              [
                -118.445615016022,
                34.2083773342477
              ],
              [
                -118.44524572831,
                34.2086667756524
              ],
              [
                -118.444919379628,
                34.2089898768825
              ],
              [
                -118.444640383849,
                34.209342269931
              ],
              [
                -118.444412514528,
                34.209719188391
              ],
              [
                -118.444238853642,
                34.2101155358045
              ],
              [
                -118.444121749321,
                34.2105259522121
              ],
              [
                -118.444062787969,
                34.2109448887967
              ],
              [
                -118.444062766386,
                34.2113666798296
              ],
              [
                -118.44412168547,
                34.2117856200115
              ],
              [
                -118.44423875022,
                34.212196044513
              ],
              [
                -118.44441237873,
                34.2125924036177
              ],
              [
                -118.444640221971,
                34.2129693364668
              ],
              [
                -118.444725696236,
                34.2130773090717
              ],
              [
                -118.444760544965,
                34.2131568613012
              ],
              [
                -118.444988390004,
                34.2135337941505
              ],
              [
                -118.445267370495,
                34.2138862033867
              ],
              [
                -118.445593713781,
                34.214209321704
              ],
              [
                -118.445963006889,
                34.214498781095
              ],
              [
                -118.446370255885,
                34.2147506650123
              ],
              [
                -118.446809952419,
                34.2149615686227
              ],
              [
                -118.447276151076,
                34.2151286374778
              ],
              [
                -118.447762545807,
                34.2152496133801
              ],
              [
                -118.448039620634,
                34.2152902015827
              ],
              [
                -118.448075727515,
                34.2152991822126
              ],
              [
                -118.44857574068,
                34.215372428396
              ],
              [
                -118.449082609377,
                34.2153969538075
              ],
              [
                -118.449589478074,
                34.215372428396
              ],
              [
                -118.450089491239,
                34.2152991822126
              ],
              [
                -118.45057588687,
                34.2151782063103
              ],
              [
                -118.451042085526,
                34.2150111365559
              ],
              [
                -118.45148178296,
                34.2148002338449
              ],
              [
                -118.451889031955,
                34.2145483499276
              ],
              [
                -118.452258325064,
                34.2142588905365
              ],
              [
                -118.452584669249,
                34.2139357722193
              ],
              [
                -118.45286364974,
                34.213583362983
              ],
              [
                -118.453091494779,
                34.2132064301338
              ],
              [
                -118.453265123289,
                34.2128100710291
              ],
              [
                -118.453382188939,
                34.2123996465277
              ],
              [
                -118.453441108922,
                34.2119807063456
              ],
              [
                -118.453441087338,
                34.2115589153128
              ],
              [
                -118.453382125087,
                34.2111399796275
              ],
              [
                -118.453265020766,
                34.2107295623206
              ],
              [
                -118.453091358082,
                34.2103332149071
              ],
              [
                -118.452863487862,
                34.209956296447
              ],
              [
                -118.452584489385,
                34.2096039033985
              ],
              [
                -118.452258138904,
                34.2092808021684
              ],
              [
                -118.451982179236,
                34.2090645125184
              ],
              [
                -118.451923089281,
                34.2089898768825
              ],
              [
                -118.451596740599,
                34.2086667756523
              ],
              [
                -118.451227452887,
                34.2083773342477
              ],
              [
                -118.45082021918,
                34.2081254674175
              ],
              [
                -118.450380546927,
                34.2079145790957
              ],
              [
                -118.449914380646,
                34.2077475237304
              ],
              [
                -118.449428025485,
                34.2076265577206
              ],
              [
                -118.448928056387,
                34.2075533169332
              ]
            ]
          ]
        ]
      },
      "properties": {
        "OBJECTID": 3,
        "buffer": "1/2 mile",
        "Shape__Area": 379541973.8154297,
        "Shape__Length": 577735.1416394945
      }
    }
  ],
  "metadata": {
    "featureCount": 3,
    "hasGeometry": true
  }
}